kinase_i,kinase_j,PairCTS
EGFR,ERBB2,0.5562150821369347
EGFR,ERBB3,0.43808584545185625
EGFR,ERBB4,0.4068492002901939
EGFR,MET,0.435554989514817
EGFR,MST1R,0.34159929492213287
EGFR,ALK,0.3897159007325638
EGFR,LTK,0.32017635363051794
EGFR,STYK1,0.27235862118592774
EGFR,KIT,0.37595099371433355
EGFR,PDGFRA,0.4597226531584412
EGFR,PDGFRB,0.4395299948451177
EGFR,CSF1R,0.3791550571390414
EGFR,FLT3,0.3612974010192215
EGFR,FLT1,0.38385350031629584
EGFR,KDR,0.4482041321602561
EGFR,FLT4,0.3201031853909968
EGFR,TEK,0.3387609560907158
EGFR,TIE1,0.3199416604562201
EGFR,FGFR1,0.42520426025805047
EGFR,FGFR2,0.41366908077251235
EGFR,FGFR3,0.34349515728653784
EGFR,FGFR4,0.312641578481591
EGFR,INSR,0.3684729606276507
EGFR,IGF1R,0.4705872197830657
EGFR,INSRR,0.316289445079907
EGFR,NTRK1,0.3974536902083363
EGFR,NTRK2,0.4070299208804618
EGFR,NTRK3,0.3130765151451719
EGFR,AXL,0.40545675919606455
EGFR,MERTK,0.32880143089637515
EGFR,TYRO3,0.33828991337102626
EGFR,DDR1,0.29155178747827554
EGFR,DDR2,0.35041131301780915
EGFR,RET,0.4052696817254156
EGFR,ROR1,0.3498686226412579
EGFR,ROR2,0.2802809445402885
EGFR,MUSK,0.31088981201306526
EGFR,AATK,0.5279155859167013
EGFR,EPHA1,0.5009492531272419
EGFR,EPHA2,0.6144569042863279
EGFR,EPHA3,0.5405269287649503
EGFR,EPHA4,0.49963970711309186
EGFR,EPHA5,0.5640768190089014
EGFR,EPHA6,0.48210418591651394
EGFR,EPHA7,0.501221050501814
EGFR,EPHA8,0.5211024357317562
EGFR,EPHA10,0.4865837642431117
EGFR,EPHB1,0.5194810064637594
EGFR,EPHB2,0.5546087244076825
EGFR,EPHB3,0.5065766075427944
EGFR,EPHB4,0.49505463418471957
EGFR,EPHB6,0.48605687748346227
EGFR,ROS1,0.5313371244456773
EGFR,RYK,0.5112443636339099
EGFR,PTK7,0.4941674297819578
EGFR,SRC,0.556336816556575
EGFR,YES1,0.5397525055897485
EGFR,FYN,0.5421977351126797
EGFR,LYN,0.5315151786401918
EGFR,LCK,0.5187209488696845
EGFR,HCK,0.519129856397526
EGFR,BLK,0.46333047575612635
EGFR,FGR,0.5149393391521786
EGFR,FRK,0.48071427961428376
EGFR,PTK6,0.5030749640920686
EGFR,SRMS,0.47060659751424744
EGFR,PTK2,0.6007760321513769
EGFR,PTK2B,0.48786758121526713
EGFR,JAK1,0.5077959658679172
EGFR,JAK2,0.5243949331657709
EGFR,JAK3,0.509012886753458
EGFR,TYK2,0.4879629604805503
EGFR,ABL1,0.5402129993667204
EGFR,ABL2,0.47860763612219887
EGFR,ZAP70,0.4835868882925562
EGFR,SYK,0.5432998427014473
EGFR,BTK,0.5019907740270271
EGFR,ITK,0.48555355463383837
EGFR,TEC,0.5102595609830458
EGFR,BMX,0.48005010748759624
EGFR,TXK,0.5109087830236447
EGFR,TNK1,0.5253771776642104
EGFR,TNK2,0.46986515490925
EGFR,CSK,0.5283709435861104
EGFR,MATK,0.460322372179667
EGFR,FER,0.48270996650731046
EGFR,FES,0.49869039553631883
EGFR,LMTK2,0.5220264963421382
EGFR,LMTK3,0.5231640696288078
ERBB2,ERBB3,0.4649922280525713
ERBB2,ERBB4,0.43405558289090884
ERBB2,MET,0.44756137211553204
ERBB2,MST1R,0.3603056775228479
ERBB2,ALK,0.4436222833332788
ERBB2,LTK,0.30438273623123296
ERBB2,STYK1,0.3640650037866428
ERBB2,KIT,0.3600573763150485
ERBB2,PDGFRA,0.46482903575915624
ERBB2,PDGFRB,0.4540363774458327
ERBB2,CSF1R,0.33636143973975646
ERBB2,FLT3,0.40260378361993654
ERBB2,FLT1,0.4090598829170108
ERBB2,KDR,0.4586105147609711
ERBB2,FLT4,0.4192095679917118
ERBB2,TEK,0.36236733869143084
ERBB2,TIE1,0.3468480430569351
ERBB2,FGFR1,0.4779106428587655
ERBB2,FGFR2,0.45417546337322734
ERBB2,FGFR3,0.4020015398872529
ERBB2,FGFR4,0.4224479610823061
ERBB2,INSR,0.4059793432283657
ERBB2,IGF1R,0.4978936023837807
ERBB2,INSRR,0.410595827680622
ERBB2,NTRK1,0.4366600728090513
ERBB2,NTRK2,0.41613630348117686
ERBB2,NTRK3,0.41168289774588684
ERBB2,AXL,0.4294631417967796
ERBB2,MERTK,0.42360781349709015
ERBB2,TYRO3,0.4327962959717413
ERBB2,DDR1,0.38615817007899056
ERBB2,DDR2,0.3217176956185241
ERBB2,RET,0.4240760643261306
ERBB2,ROR1,0.3066750052419729
ERBB2,ROR2,0.3720873271410035
ERBB2,MUSK,0.2829961946137802
ERBB2,AATK,0.5548219685174164
ERBB2,EPHA1,0.597355635727957
ERBB2,EPHA2,0.6344632868870429
ERBB2,EPHA3,0.6341333113656653
ERBB2,EPHA4,0.5926460897138068
ERBB2,EPHA5,0.6564832016096164
ERBB2,EPHA6,0.509010568517229
ERBB2,EPHA7,0.528127433102529
ERBB2,EPHA8,0.5480088183324712
ERBB2,EPHA10,0.5134901468438267
ERBB2,EPHB1,0.6122873890644743
ERBB2,EPHB2,0.5999151070083975
ERBB2,EPHB3,0.5334829901435095
ERBB2,EPHB4,0.5219610167854346
ERBB2,EPHB6,0.5129632600841774
ERBB2,ROS1,0.5582435070463923
ERBB2,RYK,0.5381507462346249
ERBB2,PTK7,0.5210738123826728
ERBB2,SRC,0.58324319915729
ERBB2,YES1,0.5666588881904635
ERBB2,FYN,0.5691041177133946
ERBB2,LYN,0.5584215612409069
ERBB2,LCK,0.5456273314703994
ERBB2,HCK,0.5460362389982409
ERBB2,BLK,0.49023685835684133
ERBB2,FGR,0.5418457217528936
ERBB2,FRK,0.5076206622149988
ERBB2,PTK6,0.5299813466927836
ERBB2,SRMS,0.4975129801149624
ERBB2,PTK2,0.6276824147520919
ERBB2,PTK2B,0.5147739638159821
ERBB2,JAK1,0.5347023484686322
ERBB2,JAK2,0.5513013157664859
ERBB2,JAK3,0.5359192693541731
ERBB2,TYK2,0.5148693430812654
ERBB2,ABL1,0.5671193819674354
ERBB2,ABL2,0.5055140187229139
ERBB2,ZAP70,0.5104932708932712
ERBB2,SYK,0.5702062253021623
ERBB2,BTK,0.5288971566277421
ERBB2,ITK,0.5124599372345534
ERBB2,TEC,0.5371659435837608
ERBB2,BMX,0.5069564900883112
ERBB2,TXK,0.5378151656243597
ERBB2,TNK1,0.5522835602649254
ERBB2,TNK2,0.496771537509965
ERBB2,CSK,0.5552773261868253
ERBB2,MATK,0.48722875478038197
ERBB2,FER,0.5096163491080254
ERBB2,FES,0.5255967781370339
ERBB2,LMTK2,0.5489328789428531
ERBB2,LMTK3,0.5500704522295228
ERBB3,ERBB4,0.3159263462058304
ERBB3,MET,0.3434321354304536
ERBB3,MST1R,0.17087644083776937
ERBB3,ALK,0.24799304664820032
ERBB3,LTK,0.18625349954615447
ERBB3,STYK1,0.1811357671015643
ERBB3,KIT,0.2976281396299701
ERBB3,PDGFRA,0.3158997990740777
ERBB3,PDGFRB,0.24850714076075425
ERBB3,CSF1R,0.218232203054678
ERBB3,FLT3,0.210974546934858
ERBB3,FLT1,0.23193064623193232
ERBB3,KDR,0.33468127807589265
ERBB3,FLT4,0.22888033130663332
ERBB3,TEK,0.19883810200635238
ERBB3,TIE1,0.22871880637185663
ERBB3,FGFR1,0.331381406173687
ERBB3,FGFR2,0.32464622668814885
ERBB3,FGFR3,0.2073723032021744
ERBB3,FGFR4,0.22141872439722757
ERBB3,INSR,0.20255010654328726
ERBB3,IGF1R,0.37376436569870225
ERBB3,INSRR,0.22506659099554352
ERBB3,NTRK1,0.30213083612397285
ERBB3,NTRK2,0.22760706679609835
ERBB3,NTRK3,0.2218536610608084
ERBB3,AXL,0.3082339051117011
ERBB3,MERTK,0.23757857681201167
ERBB3,TYRO3,0.2470670592866628
ERBB3,DDR1,0.20032893339391206
ERBB3,DDR2,0.24788845893344563
ERBB3,RET,0.2910468276410521
ERBB3,ROR1,0.18854576855689442
ERBB3,ROR2,0.18905809045592503
ERBB3,MUSK,0.16486695792870176
ERBB3,AATK,0.4366927318323379
ERBB3,EPHA1,0.40972639904287855
ERBB3,EPHA2,0.43293405020196446
ERBB3,EPHA3,0.4493040746805868
ERBB3,EPHA4,0.4084168530287284
ERBB3,EPHA5,0.4728539649245379
ERBB3,EPHA6,0.39088133183215046
ERBB3,EPHA7,0.40999819641745044
ERBB3,EPHA8,0.4298795816473927
ERBB3,EPHA10,0.4429609101587483
ERBB3,EPHB1,0.42825815237939596
ERBB3,EPHB2,0.414985870323319
ERBB3,EPHB3,0.41535375345843106
ERBB3,EPHB4,0.40383178010035614
ERBB3,EPHB6,0.3948340233990988
ERBB3,ROS1,0.44011427036131373
ERBB3,RYK,0.4200215095495465
ERBB3,PTK7,0.40294457569759434
ERBB3,SRC,0.4651139624722115
ERBB3,YES1,0.4485296515053851
ERBB3,FYN,0.4509748810283162
ERBB3,LYN,0.44029232455582834
ERBB3,LCK,0.42749809478532097
ERBB3,HCK,0.4279070023131625
ERBB3,BLK,0.37210762167176287
ERBB3,FGR,0.4237164850678151
ERBB3,FRK,0.38949142552992033
ERBB3,PTK6,0.4118521100077052
ERBB3,SRMS,0.37938374342988396
ERBB3,PTK2,0.5095531780670135
ERBB3,PTK2B,0.39664472713090365
ERBB3,JAK1,0.41657311178355366
ERBB3,JAK2,0.4331720790814075
ERBB3,JAK3,0.41779003266909465
ERBB3,TYK2,0.39674010639618684
ERBB3,ABL1,0.4489901452823569
ERBB3,ABL2,0.3873847820378354
ERBB3,ZAP70,0.3923640342081927
ERBB3,SYK,0.45207698861708384
ERBB3,BTK,0.4107679199426636
ERBB3,ITK,0.39433070054947494
ERBB3,TEC,0.41903670689868233
ERBB3,BMX,0.38882725340323276
ERBB3,TXK,0.4196859289392813
ERBB3,TNK1,0.43415432357984696
ERBB3,TNK2,0.37864230082488654
ERBB3,CSK,0.4371480895017469
ERBB3,MATK,0.3690995180953035
ERBB3,FER,0.391487112422947
ERBB3,FES,0.40746754145195535
ERBB3,LMTK2,0.4308036422577747
ERBB3,LMTK3,0.4319412155444443
ERBB4,MET,0.21379549026879113
ERBB4,MST1R,0.13993979567610698
ERBB4,ALK,0.21705640148653793
ERBB4,LTK,0.15531685438449205
ERBB4,STYK1,0.1501991219399019
ERBB4,KIT,0.21099149446830767
ERBB4,PDGFRA,0.23896315391241532
ERBB4,PDGFRB,0.27357049559909186
ERBB4,CSF1R,0.18729555789301558
ERBB4,FLT3,0.18003790177319562
ERBB4,FLT1,0.20099400107026993
ERBB4,KDR,0.3051446329142302
ERBB4,FLT4,0.19794368614497093
ERBB4,TEK,0.16790145684468996
ERBB4,TIE1,0.1977821612101942
ERBB4,FGFR1,0.2551447610120246
ERBB4,FGFR2,0.23070958152648643
ERBB4,FGFR3,0.17643565804051198
ERBB4,FGFR4,0.19048207923556515
ERBB4,INSR,0.17161346138162487
ERBB4,IGF1R,0.24952772053703987
ERBB4,INSRR,0.1941299458338811
ERBB4,NTRK1,0.26779419096231044
ERBB4,NTRK2,0.2703704216344359
ERBB4,NTRK3,0.19091701589914598
ERBB4,AXL,0.2040972599500387
ERBB4,MERTK,0.20664193165034928
ERBB4,TYRO3,0.2161304141250004
ERBB4,DDR1,0.16939228823224967
ERBB4,DDR2,0.17265181377178324
ERBB4,RET,0.20051018247938973
ERBB4,ROR1,0.15760912339523203
ERBB4,ROR2,0.15812144529426264
ERBB4,MUSK,0.13393031276703937
ERBB4,AATK,0.4057560866706755
ERBB4,EPHA1,0.3787897538812161
ERBB4,EPHA2,0.40199740504030207
ERBB4,EPHA3,0.4183674295189244
ERBB4,EPHA4,0.377480207867066
ERBB4,EPHA5,0.4419173197628755
ERBB4,EPHA6,0.35994468667048807
ERBB4,EPHA7,0.379061551255788
ERBB4,EPHA8,0.39894293648573026
ERBB4,EPHA10,0.36442426499708586
ERBB4,EPHB1,0.44542150721773355
ERBB4,EPHB2,0.38404922516165657
ERBB4,EPHB3,0.3844171082967687
ERBB4,EPHB4,0.3728951349386937
ERBB4,EPHB6,0.3638973782374364
ERBB4,ROS1,0.40917762519965134
ERBB4,RYK,0.38908486438788403
ERBB4,PTK7,0.37200793053593195
ERBB4,SRC,0.4341773173105491
ERBB4,YES1,0.4175930063437227
ERBB4,FYN,0.4200382358666538
ERBB4,LYN,0.40935567939416595
ERBB4,LCK,0.3965614496236586
ERBB4,HCK,0.3969703571515001
ERBB4,BLK,0.3411709765101005
ERBB4,FGR,0.39277983990615273
ERBB4,FRK,0.3585547803682579
ERBB4,PTK6,0.38091546484604283
ERBB4,SRMS,0.34844709826822157
ERBB4,PTK2,0.47861653290535106
ERBB4,PTK2B,0.36570808196924126
ERBB4,JAK1,0.38563646662189127
ERBB4,JAK2,0.4022354339197451
ERBB4,JAK3,0.38685338750743226
ERBB4,TYK2,0.36580346123452445
ERBB4,ABL1,0.41805350012069453
ERBB4,ABL2,0.356448136876173
ERBB4,ZAP70,0.36142738904653027
ERBB4,SYK,0.4211403434554214
ERBB4,BTK,0.3798312747810012
ERBB4,ITK,0.36339405538781255
ERBB4,TEC,0.38810006173701994
ERBB4,BMX,0.3578906082415704
ERBB4,TXK,0.3887492837776189
ERBB4,TNK1,0.40321767841818457
ERBB4,TNK2,0.3477056556632241
ERBB4,CSK,0.40621144434008444
ERBB4,MATK,0.3381628729336411
ERBB4,FER,0.3605504672612846
ERBB4,FES,0.37653089629029296
ERBB4,LMTK2,0.3998669970961123
ERBB4,LMTK3,0.4010045703827819
MET,MST1R,0.2186455849007301
MET,ALK,0.24576219071116107
MET,LTK,0.18402264360911522
MET,STYK1,0.17890491116452503
MET,KIT,0.2990972836929308
MET,PDGFRA,0.2676689431370385
MET,PDGFRB,0.286876284823715
MET,CSF1R,0.21600134711763874
MET,FLT3,0.25934369099781873
MET,FLT1,0.22969979029489307
MET,KDR,0.3593504221388534
MET,FLT4,0.2738494753695941
MET,TEK,0.19660724606931312
MET,TIE1,0.22648795043481737
MET,FGFR1,0.28385055023664774
MET,FGFR2,0.3113153707511096
MET,FGFR3,0.20514144726513514
MET,FGFR4,0.2191878684601883
MET,INSR,0.200319250606248
MET,IGF1R,0.341133509761663
MET,INSRR,0.22283573505850426
MET,NTRK1,0.30579998018693355
MET,NTRK2,0.2253762108590591
MET,NTRK3,0.21962280512376914
MET,AXL,0.29490304917466187
MET,MERTK,0.2353477208749724
MET,TYRO3,0.29533620334962357
MET,DDR1,0.1980980774568728
MET,DDR2,0.20135760299640637
MET,RET,0.28511597170401287
MET,ROR1,0.18631491261985517
MET,ROR2,0.18682723451888578
MET,MUSK,0.1626361019916625
MET,AATK,0.4344618758952986
MET,EPHA1,0.40749554310583924
MET,EPHA2,0.4736031942649252
MET,EPHA3,0.44707321874354755
MET,EPHA4,0.4061859970916891
MET,EPHA5,0.47062310898749865
MET,EPHA6,0.3886504758951112
MET,EPHA7,0.4077673404804112
MET,EPHA8,0.4276487257103534
MET,EPHA10,0.393130054221709
MET,EPHB1,0.4260272964423567
MET,EPHB2,0.4127550143862797
MET,EPHB3,0.4131228975213918
MET,EPHB4,0.40160092416331683
MET,EPHB6,0.39260316746205953
MET,ROS1,0.4378834144242745
MET,RYK,0.4177906536125072
MET,PTK7,0.40071371976055514
MET,SRC,0.46288310653517223
MET,YES1,0.44629879556834584
MET,FYN,0.4487440250912769
MET,LYN,0.4380614686187891
MET,LCK,0.4252672388482817
MET,HCK,0.4256761463761232
MET,BLK,0.3698767657347236
MET,FGR,0.42148562913077586
MET,FRK,0.387260569592881
MET,PTK6,0.40962125407066596
MET,SRMS,0.3771528874928447
MET,PTK2,0.5073223221299742
MET,PTK2B,0.3944138711938644
MET,JAK1,0.4143422558465144
MET,JAK2,0.4309412231443682
MET,JAK3,0.4155591767320554
MET,TYK2,0.3945092504591476
MET,ABL1,0.44675928934531767
MET,ABL2,0.38515392610079613
MET,ZAP70,0.39013317827115346
MET,SYK,0.4498461326800446
MET,BTK,0.40853706400562434
MET,ITK,0.3920998446124357
MET,TEC,0.4168058509616431
MET,BMX,0.38659639746619356
MET,TXK,0.41745507300224205
MET,TNK1,0.4319234676428077
MET,TNK2,0.3764114448878473
MET,CSK,0.4349172335647076
MET,MATK,0.36686866215826425
MET,FER,0.3892562564859077
MET,FES,0.4052366855149161
MET,LMTK2,0.4285727863207355
MET,LMTK3,0.4297103596074051
MST1R,ALK,0.17190649611847691
MST1R,LTK,0.11016694901643105
MST1R,STYK1,0.10504921657184088
MST1R,KIT,0.16584158910024666
MST1R,PDGFRA,0.1938132485443543
MST1R,PDGFRB,0.17242059023103082
MST1R,CSF1R,0.14214565252495456
MST1R,FLT3,0.1348879964051346
MST1R,FLT1,0.15584409570220892
MST1R,KDR,0.2003947275461692
MST1R,FLT4,0.15279378077690992
MST1R,TEK,0.12275155147662895
MST1R,TIE1,0.1526322558421332
MST1R,FGFR1,0.20999485564396358
MST1R,FGFR2,0.18555967615842542
MST1R,FGFR3,0.13128575267245096
MST1R,FGFR4,0.14533217386750413
MST1R,INSR,0.12646355601356385
MST1R,IGF1R,0.2544778151689788
MST1R,INSRR,0.14898004046582008
MST1R,NTRK1,0.1673442855942494
MST1R,NTRK2,0.15152051626637492
MST1R,NTRK3,0.14576711053108496
MST1R,AXL,0.15894735458197767
MST1R,MERTK,0.16149202628228826
MST1R,TYRO3,0.17098050875693938
MST1R,DDR1,0.12424238286418864
MST1R,DDR2,0.12750190840372222
MST1R,RET,0.15536027711132872
MST1R,ROR1,0.11245921802717102
MST1R,ROR2,0.11297153992620163
MST1R,MUSK,0.08878040739897836
MST1R,AATK,0.36060618130261446
MST1R,EPHA1,0.3336398485131551
MST1R,EPHA2,0.35684749967224105
MST1R,EPHA3,0.3732175241508634
MST1R,EPHA4,0.33233030249900497
MST1R,EPHA5,0.3967674143948145
MST1R,EPHA6,0.31479478130242705
MST1R,EPHA7,0.33391164588772704
MST1R,EPHA8,0.35379303111766924
MST1R,EPHA10,0.31927435962902484
MST1R,EPHB1,0.35217160184967256
MST1R,EPHB2,0.33889931979359555
MST1R,EPHB3,0.3392672029287076
MST1R,EPHB4,0.3277452295706327
MST1R,EPHB6,0.3187474728693754
MST1R,ROS1,0.3640277198315903
MST1R,RYK,0.34393495901982307
MST1R,PTK7,0.32685802516787094
MST1R,SRC,0.389027411942488
MST1R,YES1,0.3724431009756617
MST1R,FYN,0.3748883304985927
MST1R,LYN,0.36420577402610493
MST1R,LCK,0.35141154425559756
MST1R,HCK,0.35182045178343907
MST1R,BLK,0.29602107114203946
MST1R,FGR,0.3476299345380917
MST1R,FRK,0.31340487500019687
MST1R,PTK6,0.3357655594779818
MST1R,SRMS,0.30329719290016055
MST1R,PTK2,0.43346662753729004
MST1R,PTK2B,0.32055817660118024
MST1R,JAK1,0.34048656125383026
MST1R,JAK2,0.3570855285516841
MST1R,JAK3,0.3417034821393712
MST1R,TYK2,0.32065355586646344
MST1R,ABL1,0.3729035947526335
MST1R,ABL2,0.311298231508112
MST1R,ZAP70,0.3162774836784693
MST1R,SYK,0.37599043808736043
MST1R,BTK,0.3346813694129402
MST1R,ITK,0.3182441500197515
MST1R,TEC,0.34295015636895887
MST1R,BMX,0.31274070287350936
MST1R,TXK,0.3435993784095579
MST1R,TNK1,0.35806777305012355
MST1R,TNK2,0.30255575029516313
MST1R,CSK,0.3610615389720234
MST1R,MATK,0.2930129675655801
MST1R,FER,0.3154005618932236
MST1R,FES,0.33138099092223194
MST1R,LMTK2,0.35471709172805127
MST1R,LMTK3,0.3558546650147209
ALK,LTK,0.24328355482686198
ALK,STYK1,0.18216582238227183
ALK,KIT,0.2987581949106776
ALK,PDGFRA,0.2709298543547852
ALK,PDGFRB,0.24953719604146177
ALK,CSF1R,0.2192622583353855
ALK,FLT3,0.21200460221556555
ALK,FLT1,0.23296070151263987
ALK,KDR,0.27751133335660016
ALK,FLT4,0.22991038658734086
ALK,TEK,0.1998681572870599
ALK,TIE1,0.22974886165256414
ALK,FGFR1,0.28711146145439453
ALK,FGFR2,0.2626762819688564
ALK,FGFR3,0.2084023584828819
ALK,FGFR4,0.22244877967793508
ALK,INSR,0.2035801618239948
ALK,IGF1R,0.2814944209794098
ALK,INSRR,0.22609664627625103
ALK,NTRK1,0.24446089140468036
ALK,NTRK2,0.22863712207680587
ALK,NTRK3,0.2753837163415159
ALK,AXL,0.23606396039240862
ALK,MERTK,0.2386086320927192
ALK,TYRO3,0.24809711456737032
ALK,DDR1,0.2013589886746196
ALK,DDR2,0.20461851421415317
ALK,RET,0.30107688292175966
ALK,ROR1,0.18957582383760196
ALK,ROR2,0.19008814573663257
ALK,MUSK,0.1658970132094093
ALK,AATK,0.4377227871130454
ALK,EPHA1,0.41075645432358604
ALK,EPHA2,0.433964105482672
ALK,EPHA3,0.45033412996129435
ALK,EPHA4,0.4094469083094359
ALK,EPHA5,0.47388402020524545
ALK,EPHA6,0.391911387112858
ALK,EPHA7,0.41102825169815793
ALK,EPHA8,0.4309096369281002
ALK,EPHA10,0.3963909654394558
ALK,EPHB1,0.4292882076601035
ALK,EPHB2,0.4160159256040265
ALK,EPHB3,0.4163838087391386
ALK,EPHB4,0.40486183538106363
ALK,EPHB6,0.39586407867980633
ALK,ROS1,0.4411443256420213
ALK,RYK,0.42105156483025397
ALK,PTK7,0.4039746309783019
ALK,SRC,0.46614401775291897
ALK,YES1,0.44955970678609264
ALK,FYN,0.45200493630902366
ALK,LYN,0.4413223798365359
ALK,LCK,0.4285281500660285
ALK,HCK,0.42893705759387
ALK,BLK,0.3731376769524704
ALK,FGR,0.42474654034852266
ALK,FRK,0.3905214808106278
ALK,PTK6,0.41288216528841276
ALK,SRMS,0.3804137987105915
ALK,PTK2,0.5105832333477209
ALK,PTK2B,0.3976747824116112
ALK,JAK1,0.4176031670642612
ALK,JAK2,0.434202134362115
ALK,JAK3,0.4188200879498022
ALK,TYK2,0.3977701616768944
ALK,ABL1,0.45002020056306447
ALK,ABL2,0.3884148373185429
ALK,ZAP70,0.3933940894889002
ALK,SYK,0.4531070438977914
ALK,BTK,0.41179797522337114
ALK,ITK,0.3953607558301825
ALK,TEC,0.4200667621793899
ALK,BMX,0.3898573086839403
ALK,TXK,0.42071598421998885
ALK,TNK1,0.4351843788605545
ALK,TNK2,0.379672356105594
ALK,CSK,0.43817814478245437
ALK,MATK,0.37012957337601105
ALK,FER,0.3925171677036545
ALK,FES,0.4084975967326629
ALK,LMTK2,0.4318336975384822
ALK,LMTK3,0.43297127082515185
LTK,STYK1,0.12042627528022595
LTK,KIT,0.18121864780863173
LTK,PDGFRA,0.2091903072527394
LTK,PDGFRB,0.18779764893941592
LTK,CSF1R,0.15752271123333966
LTK,FLT3,0.15026505511351967
LTK,FLT1,0.171221154410594
LTK,KDR,0.2157717862545543
LTK,FLT4,0.168170839485295
LTK,TEK,0.13812861018501404
LTK,TIE1,0.1680093145505183
LTK,FGFR1,0.22537191435234866
LTK,FGFR2,0.20093673486681052
LTK,FGFR3,0.14666281138083606
LTK,FGFR4,0.16070923257588923
LTK,INSR,0.14184061472194892
LTK,IGF1R,0.21975487387736392
LTK,INSRR,0.16435709917420518
LTK,NTRK1,0.18272134430263448
LTK,NTRK2,0.16689757497476002
LTK,NTRK3,0.16114416923947006
LTK,AXL,0.21742441329036277
LTK,MERTK,0.17686908499067333
LTK,TYRO3,0.18635756746532448
LTK,DDR1,0.13961944157257372
LTK,DDR2,0.1428789671121073
LTK,RET,0.1707373358197138
LTK,ROR1,0.1278362767355561
LTK,ROR2,0.1283485986345867
LTK,MUSK,0.10415746610736344
LTK,AATK,0.3759832400109996
LTK,EPHA1,0.3490169072215402
LTK,EPHA2,0.3722245583806261
LTK,EPHA3,0.38859458285924847
LTK,EPHA4,0.34770736120739004
LTK,EPHA5,0.41214447310319957
LTK,EPHA6,0.3301718400108121
LTK,EPHA7,0.3492887045961121
LTK,EPHA8,0.36917008982605437
LTK,EPHA10,0.3346514183374099
LTK,EPHB1,0.3675486605580576
LTK,EPHB2,0.3542763785019807
LTK,EPHB3,0.35464426163709273
LTK,EPHB4,0.3431222882790178
LTK,EPHB6,0.33412453157776045
LTK,ROS1,0.3794047785399754
LTK,RYK,0.35931201772820814
LTK,PTK7,0.342235083876256
LTK,SRC,0.40440447065087315
LTK,YES1,0.38782015968404676
LTK,FYN,0.39026538920697784
LTK,LYN,0.37958283273449
LTK,LCK,0.36678860296398264
LTK,HCK,0.36719751049182414
LTK,BLK,0.31139812985042453
LTK,FGR,0.3630069932464768
LTK,FRK,0.328781933708582
LTK,PTK6,0.3511426181863669
LTK,SRMS,0.3186742516085456
LTK,PTK2,0.4488436862456751
LTK,PTK2B,0.3359352353095653
LTK,JAK1,0.3558636199622153
LTK,JAK2,0.37246258726006914
LTK,JAK3,0.3570805408477563
LTK,TYK2,0.3360306145748485
LTK,ABL1,0.3882806534610186
LTK,ABL2,0.32667529021649705
LTK,ZAP70,0.3316545423868544
LTK,SYK,0.3913674967957455
LTK,BTK,0.35005842812132526
LTK,ITK,0.3336212087281366
LTK,TEC,0.358327215077344
LTK,BMX,0.32811776158189443
LTK,TXK,0.35897643711794297
LTK,TNK1,0.3734448317585086
LTK,TNK2,0.3179328090035482
LTK,CSK,0.37643859768040855
LTK,MATK,0.30839002627396517
LTK,FER,0.33077762060160865
LTK,FES,0.346758049630617
LTK,LMTK2,0.37009415043643634
LTK,LMTK3,0.371231723723106
STYK1,KIT,0.17610091536404154
STYK1,PDGFRA,0.20407257480814922
STYK1,PDGFRB,0.18267991649482573
STYK1,CSF1R,0.15240497878874948
STYK1,FLT3,0.14514732266892952
STYK1,FLT1,0.1661034219660038
STYK1,KDR,0.2106540538099641
STYK1,FLT4,0.16305310704070483
STYK1,TEK,0.13301087774042386
STYK1,TIE1,0.1628915821059281
STYK1,FGFR1,0.2202541819077585
STYK1,FGFR2,0.19581900242222033
STYK1,FGFR3,0.14154507893624588
STYK1,FGFR4,0.15559150013129905
STYK1,INSR,0.13672288227735874
STYK1,IGF1R,0.21463714143277376
STYK1,INSRR,0.159239366729615
STYK1,NTRK1,0.1776036118580443
STYK1,NTRK2,0.16177984253016983
STYK1,NTRK3,0.15602643679487987
STYK1,AXL,0.1692066808457726
STYK1,MERTK,0.17175135254608317
STYK1,TYRO3,0.1812398350207343
STYK1,DDR1,0.13450170912798354
STYK1,DDR2,0.1377612346675171
STYK1,RET,0.1656196033751236
STYK1,ROR1,0.12271854429096593
STYK1,ROR2,0.12323086618999654
STYK1,MUSK,0.09903973366277327
STYK1,AATK,0.37086550756640935
STYK1,EPHA1,0.34389917477695
STYK1,EPHA2,0.36710682593603594
STYK1,EPHA3,0.3834768504146583
STYK1,EPHA4,0.34258962876279986
STYK1,EPHA5,0.40702674065860944
STYK1,EPHA6,0.325054107566222
STYK1,EPHA7,0.3441709721515219
STYK1,EPHA8,0.36405235738146413
STYK1,EPHA10,0.3295336858928197
STYK1,EPHB1,0.36243092811346744
STYK1,EPHB2,0.34915864605739044
STYK1,EPHB3,0.34952652919250254
STYK1,EPHB4,0.33800455583442757
STYK1,EPHB6,0.3290067991331703
STYK1,ROS1,0.3742870460953852
STYK1,RYK,0.35419428528361796
STYK1,PTK7,0.3371173514316659
STYK1,SRC,0.39928673820628297
STYK1,YES1,0.3827024272394566
STYK1,FYN,0.38514765676238766
STYK1,LYN,0.3744651002898999
STYK1,LCK,0.36167087051939245
STYK1,HCK,0.36207977804723396
STYK1,BLK,0.30628039740583435
STYK1,FGR,0.35788926080188666
STYK1,FRK,0.32366420126399176
STYK1,PTK6,0.3460248857417767
STYK1,SRMS,0.31355651916395544
STYK1,PTK2,0.4437259538010849
STYK1,PTK2B,0.33081750286497513
STYK1,JAK1,0.35074588751762514
STYK1,JAK2,0.36734485481547896
STYK1,JAK3,0.3519628084031661
STYK1,TYK2,0.3309128821302584
STYK1,ABL1,0.38316292101642846
STYK1,ABL2,0.32155755777190687
STYK1,ZAP70,0.3265368099422642
STYK1,SYK,0.3862497643511553
STYK1,BTK,0.34494069567673513
STYK1,ITK,0.3285034762835464
STYK1,TEC,0.3532094826327538
STYK1,BMX,0.3230000291373043
STYK1,TXK,0.3538587046733528
STYK1,TNK1,0.3683270993139185
STYK1,TNK2,0.312815076558958
STYK1,CSK,0.3713208652358183
STYK1,MATK,0.303272293829375
STYK1,FER,0.32565988815701846
STYK1,FES,0.34164031718602683
STYK1,LMTK2,0.3649764179918462
STYK1,LMTK3,0.36611399127851585
KIT,PDGFRA,0.30976494733655496
KIT,PDGFRB,0.24347228902323148
KIT,CSF1R,0.25539735131715524
KIT,FLT3,0.2059396951973353
KIT,FLT1,0.22689579449440958
KIT,KDR,0.31434642633836984
KIT,FLT4,0.2238454795691106
KIT,TEK,0.1938032502688296
KIT,TIE1,0.2739839546343339
KIT,FGFR1,0.2810465544361643
KIT,FGFR2,0.3095113749506261
KIT,FGFR3,0.20233745146465165
KIT,FGFR4,0.21638387265970482
KIT,INSR,0.1975152548057645
KIT,IGF1R,0.33172951396117956
KIT,INSRR,0.22003173925802078
KIT,NTRK1,0.23839598438645007
KIT,NTRK2,0.2225722150585756
KIT,NTRK3,0.21681880932328562
KIT,AXL,0.27999905337417835
KIT,MERTK,0.23254372507448895
KIT,TYRO3,0.24203220754914007
KIT,DDR1,0.1952940816563893
KIT,DDR2,0.19855360719592288
KIT,RET,0.22641197590352938
KIT,ROR1,0.1835109168193717
KIT,ROR2,0.18402323871840232
KIT,MUSK,0.15983210619117905
KIT,AATK,0.43165788009481515
KIT,EPHA1,0.4046915473053558
KIT,EPHA2,0.4278991984644417
KIT,EPHA3,0.4442692229430641
KIT,EPHA4,0.40338200129120566
KIT,EPHA5,0.4678191131870152
KIT,EPHA6,0.38584648009462774
KIT,EPHA7,0.4049633446799277
KIT,EPHA8,0.42484472990986993
KIT,EPHA10,0.39032605842122553
KIT,EPHB1,0.4232233006418732
KIT,EPHB2,0.40995101858579625
KIT,EPHB3,0.4103189017209083
KIT,EPHB4,0.39879692836283337
KIT,EPHB6,0.38979917166157607
KIT,ROS1,0.43507941862379096
KIT,RYK,0.4149866578120237
KIT,PTK7,0.3979097239600716
KIT,SRC,0.4600791107346887
KIT,YES1,0.4434947997678624
KIT,FYN,0.4459400292907934
KIT,LYN,0.4352574728183056
KIT,LCK,0.42246324304779825
KIT,HCK,0.42287215057563976
KIT,BLK,0.36707276993424015
KIT,FGR,0.4186816333302924
KIT,FRK,0.38445657379239756
KIT,PTK6,0.4068172582701825
KIT,SRMS,0.37434889169236124
KIT,PTK2,0.5045183263294907
KIT,PTK2B,0.3916098753933809
KIT,JAK1,0.4115382600460309
KIT,JAK2,0.4281372273438847
KIT,JAK3,0.4127551809315719
KIT,TYK2,0.3917052546586641
KIT,ABL1,0.4439552935448342
KIT,ABL2,0.3823499303003126
KIT,ZAP70,0.38732918247066994
KIT,SYK,0.44704213687956107
KIT,BTK,0.4057330682051409
KIT,ITK,0.38929584881195217
KIT,TEC,0.41400185516115956
KIT,BMX,0.38379240166571005
KIT,TXK,0.41465107720175853
KIT,TNK1,0.42911947184232424
KIT,TNK2,0.37360744908736376
KIT,CSK,0.4321132377642241
KIT,MATK,0.3640646663577808
KIT,FER,0.38645226068542426
KIT,FES,0.4024326897144326
KIT,LMTK2,0.42576879052025196
KIT,LMTK3,0.4269063638069216
PDGFRA,PDGFRB,0.37034394846733915
PDGFRA,CSF1R,0.2411690107612629
PDGFRA,FLT3,0.27931135464144297
PDGFRA,FLT1,0.30046745393851726
PDGFRA,KDR,0.2994180857824775
PDGFRA,FLT4,0.2518171390132182
PDGFRA,TEK,0.22177490971293728
PDGFRA,TIE1,0.25165561407844156
PDGFRA,FGFR1,0.38051821388027196
PDGFRA,FGFR2,0.33748303439473376
PDGFRA,FGFR3,0.23030911090875933
PDGFRA,FGFR4,0.2443555321038125
PDGFRA,INSR,0.22548691424987216
PDGFRA,IGF1R,0.35740117340528715
PDGFRA,INSRR,0.24800339870212845
PDGFRA,NTRK1,0.2663676438305577
PDGFRA,NTRK2,0.3013438745026833
PDGFRA,NTRK3,0.2447904687673933
PDGFRA,AXL,0.25797071281828604
PDGFRA,MERTK,0.26051538451859657
PDGFRA,TYRO3,0.27000386699324774
PDGFRA,DDR1,0.22326574110049696
PDGFRA,DDR2,0.2720252666400305
PDGFRA,RET,0.254383635347637
PDGFRA,ROR1,0.21148257626347935
PDGFRA,ROR2,0.21199489816250996
PDGFRA,MUSK,0.1878037656352867
PDGFRA,AATK,0.4596295395389228
PDGFRA,EPHA1,0.43266320674946346
PDGFRA,EPHA2,0.5004708579085494
PDGFRA,EPHA3,0.4722408823871717
PDGFRA,EPHA4,0.43135366073531334
PDGFRA,EPHA5,0.49579077263112287
PDGFRA,EPHA6,0.41381813953873536
PDGFRA,EPHA7,0.43293500412403535
PDGFRA,EPHA8,0.4528163893539776
PDGFRA,EPHA10,0.4182977178653332
PDGFRA,EPHB1,0.45119496008598087
PDGFRA,EPHB2,0.4379226780299039
PDGFRA,EPHB3,0.43829056116501597
PDGFRA,EPHB4,0.42676858780694105
PDGFRA,EPHB6,0.4177708311056837
PDGFRA,ROS1,0.46305107806789864
PDGFRA,RYK,0.4429583172561314
PDGFRA,PTK7,0.4258813834041793
PDGFRA,SRC,0.4880507701787964
PDGFRA,YES1,0.47146645921197
PDGFRA,FYN,0.4739116887349011
PDGFRA,LYN,0.4632291322624133
PDGFRA,LCK,0.4504349024919059
PDGFRA,HCK,0.4508438100197474
PDGFRA,BLK,0.39504442937834783
PDGFRA,FGR,0.4466532927744
PDGFRA,FRK,0.41242823323650524
PDGFRA,PTK6,0.4347889177142902
PDGFRA,SRMS,0.4023205511364689
PDGFRA,PTK2,0.5324899857735983
PDGFRA,PTK2B,0.41958153483748856
PDGFRA,JAK1,0.43950991949013857
PDGFRA,JAK2,0.4561088867879924
PDGFRA,JAK3,0.44072684037567955
PDGFRA,TYK2,0.41967691410277175
PDGFRA,ABL1,0.4719269529889419
PDGFRA,ABL2,0.4103215897444203
PDGFRA,ZAP70,0.4153008419147776
PDGFRA,SYK,0.47501379632366875
PDGFRA,BTK,0.4337047276492485
PDGFRA,ITK,0.41726750825605985
PDGFRA,TEC,0.44197351460526724
PDGFRA,BMX,0.4117640611098177
PDGFRA,TXK,0.4426227366458662
PDGFRA,TNK1,0.4570911312864319
PDGFRA,TNK2,0.40157910853147144
PDGFRA,CSK,0.4600848972083318
PDGFRA,MATK,0.3920363258018884
PDGFRA,FER,0.4144239201295319
PDGFRA,FES,0.43040434915854026
PDGFRA,LMTK2,0.45374044996435964
PDGFRA,LMTK3,0.4548780232510293
PDGFRB,CSF1R,0.27607635244793943
PDGFRB,FLT3,0.21251869632811946
PDGFRB,FLT1,0.28847479562519374
PDGFRB,KDR,0.37662542746915406
PDGFRB,FLT4,0.23042448069989477
PDGFRB,TEK,0.2459822513996138
PDGFRB,TIE1,0.23026295576511807
PDGFRB,FGFR1,0.3525255555669485
PDGFRB,FGFR2,0.31369037608141026
PDGFRB,FGFR3,0.20891645259543584
PDGFRB,FGFR4,0.222962873790489
PDGFRB,INSR,0.20409425593654867
PDGFRB,IGF1R,0.3433085150919637
PDGFRB,INSRR,0.22661074038880497
PDGFRB,NTRK1,0.24497498551723423
PDGFRB,NTRK2,0.2791512161893598
PDGFRB,NTRK3,0.2233978104540698
PDGFRB,AXL,0.29477805450496253
PDGFRB,MERTK,0.2391227262052731
PDGFRB,TYRO3,0.24861120867992426
PDGFRB,DDR1,0.20187308278717347
PDGFRB,DDR2,0.26493260832670706
PDGFRB,RET,0.23299097703431354
PDGFRB,ROR1,0.19008991795015587
PDGFRB,ROR2,0.19060223984918648
PDGFRB,MUSK,0.1664111073219632
PDGFRB,AATK,0.43823688122559934
PDGFRB,EPHA1,0.41127054843613997
PDGFRB,EPHA2,0.4344781995952259
PDGFRB,EPHA3,0.4508482240738482
PDGFRB,EPHA4,0.40996100242198985
PDGFRB,EPHA5,0.4743981143177994
PDGFRB,EPHA6,0.3924254812254119
PDGFRB,EPHA7,0.41154234581071186
PDGFRB,EPHA8,0.4314237310406541
PDGFRB,EPHA10,0.3969050595520097
PDGFRB,EPHB1,0.4298023017726574
PDGFRB,EPHB2,0.41653001971658044
PDGFRB,EPHB3,0.4168979028516925
PDGFRB,EPHB4,0.40537592949361756
PDGFRB,EPHB6,0.3963781727923602
PDGFRB,ROS1,0.44165841975457515
PDGFRB,RYK,0.4215656589428079
PDGFRB,PTK7,0.4044887250908558
PDGFRB,SRC,0.4666581118654729
PDGFRB,YES1,0.4500738008986465
PDGFRB,FYN,0.4525190304215776
PDGFRB,LYN,0.44183647394908976
PDGFRB,LCK,0.4290422441785824
PDGFRB,HCK,0.4294511517064239
PDGFRB,BLK,0.37365177106502434
PDGFRB,FGR,0.42526063446107654
PDGFRB,FRK,0.39103557492318175
PDGFRB,PTK6,0.4133962594009667
PDGFRB,SRMS,0.38092789282314543
PDGFRB,PTK2,0.5110973274602748
PDGFRB,PTK2B,0.39818887652416507
PDGFRB,JAK1,0.4181172611768151
PDGFRB,JAK2,0.4347162284746689
PDGFRB,JAK3,0.41933418206235606
PDGFRB,TYK2,0.39828425578944826
PDGFRB,ABL1,0.4505342946756184
PDGFRB,ABL2,0.3889289314310968
PDGFRB,ZAP70,0.39390818360145413
PDGFRB,SYK,0.45362113801034526
PDGFRB,BTK,0.412312069335925
PDGFRB,ITK,0.39587484994273636
PDGFRB,TEC,0.42058085629194375
PDGFRB,BMX,0.39037140279649424
PDGFRB,TXK,0.4212300783325427
PDGFRB,TNK1,0.4356984729731084
PDGFRB,TNK2,0.38018645021814795
PDGFRB,CSK,0.4386922388950083
PDGFRB,MATK,0.3706436674885649
PDGFRB,FER,0.3930312618162084
PDGFRB,FES,0.40901169084521677
PDGFRB,LMTK2,0.43234779165103615
PDGFRB,LMTK3,0.4334853649377058
CSF1R,FLT3,0.2353437586220432
CSF1R,FLT1,0.2579998579191175
CSF1R,KDR,0.3028504897630778
CSF1R,FLT4,0.2001495429938185
CSF1R,TEK,0.17010731369353754
CSF1R,TIE1,0.25368801805904184
CSF1R,FGFR1,0.30545061786087224
CSF1R,FGFR2,0.281915438375334
CSF1R,FGFR3,0.1786415148893596
CSF1R,FGFR4,0.19268793608441276
CSF1R,INSR,0.17381931823047242
CSF1R,IGF1R,0.2517335773858874
CSF1R,INSRR,0.1963358026827287
CSF1R,NTRK1,0.26780004781115796
CSF1R,NTRK2,0.19887627848328354
CSF1R,NTRK3,0.19312287274799356
CSF1R,AXL,0.2063031167988863
CSF1R,MERTK,0.20884778849919686
CSF1R,TYRO3,0.218336270973848
CSF1R,DDR1,0.17159814508109722
CSF1R,DDR2,0.1748576706206308
CSF1R,RET,0.20271603932823729
CSF1R,ROR1,0.1598149802440796
CSF1R,ROR2,0.16032730214311022
CSF1R,MUSK,0.13613616961588695
CSF1R,AATK,0.4079619435195231
CSF1R,EPHA1,0.3809956107300637
CSF1R,EPHA2,0.4042032618891496
CSF1R,EPHA3,0.420573286367772
CSF1R,EPHA4,0.3796860647159136
CSF1R,EPHA5,0.44412317661172307
CSF1R,EPHA6,0.3621505435193356
CSF1R,EPHA7,0.3812674081046356
CSF1R,EPHA8,0.40114879333457787
CSF1R,EPHA10,0.36663012184593347
CSF1R,EPHB1,0.3995273640665811
CSF1R,EPHB2,0.3862550820105042
CSF1R,EPHB3,0.3866229651456162
CSF1R,EPHB4,0.3751009917875413
CSF1R,EPHB6,0.36610323508628395
CSF1R,ROS1,0.4113834820484989
CSF1R,RYK,0.39129072123673164
CSF1R,PTK7,0.37421378738477956
CSF1R,SRC,0.43638317415939665
CSF1R,YES1,0.4197988631925703
CSF1R,FYN,0.42224409271550134
CSF1R,LYN,0.4115615362430135
CSF1R,LCK,0.39876730647250613
CSF1R,HCK,0.39917621400034764
CSF1R,BLK,0.3433768333589481
CSF1R,FGR,0.3949856967550003
CSF1R,FRK,0.3607606372171055
CSF1R,PTK6,0.38312132169489044
CSF1R,SRMS,0.3506529551170692
CSF1R,PTK2,0.4808223897541986
CSF1R,PTK2B,0.3679139388180888
CSF1R,JAK1,0.3878423234707388
CSF1R,JAK2,0.40444129076859264
CSF1R,JAK3,0.3890592443562798
CSF1R,TYK2,0.368009318083372
CSF1R,ABL1,0.4202593569695421
CSF1R,ABL2,0.35865399372502055
CSF1R,ZAP70,0.3636332458953779
CSF1R,SYK,0.423346200304269
CSF1R,BTK,0.38203713162984876
CSF1R,ITK,0.3655999122366601
CSF1R,TEC,0.3903059185858675
CSF1R,BMX,0.360096465090418
CSF1R,TXK,0.39095514062646647
CSF1R,TNK1,0.4054235352670321
CSF1R,TNK2,0.3499115125120717
CSF1R,CSK,0.40841730118893205
CSF1R,MATK,0.34036872978248867
CSF1R,FER,0.36275632411013214
CSF1R,FES,0.3787367531391405
CSF1R,LMTK2,0.4020728539449599
CSF1R,LMTK3,0.40321042723162953
FLT3,FLT1,0.24784220179929756
FLT3,KDR,0.24049283364325783
FLT3,FLT4,0.19289188687399855
FLT3,TEK,0.16284965757371758
FLT3,TIE1,0.19273036193922183
FLT3,FGFR1,0.2500929617410522
FLT3,FGFR2,0.22565778225551406
FLT3,FGFR3,0.1713838587695396
FLT3,FGFR4,0.18543027996459277
FLT3,INSR,0.1665616621106525
FLT3,IGF1R,0.2946759212660675
FLT3,INSRR,0.18907814656290872
FLT3,NTRK1,0.2621423916913381
FLT3,NTRK2,0.19161862236346355
FLT3,NTRK3,0.1858652166281736
FLT3,AXL,0.1990454606790663
FLT3,MERTK,0.2015901323793769
FLT3,TYRO3,0.211078614854028
FLT3,DDR1,0.1643404889612773
FLT3,DDR2,0.16760001450081086
FLT3,RET,0.19545838320841735
FLT3,ROR1,0.15255732412425965
FLT3,ROR2,0.15306964602329026
FLT3,MUSK,0.128878513496067
FLT3,AATK,0.4007042873997031
FLT3,EPHA1,0.37373795461024373
FLT3,EPHA2,0.3969456057693297
FLT3,EPHA3,0.41331563024795204
FLT3,EPHA4,0.3724284085960936
FLT3,EPHA5,0.43686552049190314
FLT3,EPHA6,0.3548928873995157
FLT3,EPHA7,0.3740097519848157
FLT3,EPHA8,0.3938911372147579
FLT3,EPHA10,0.3593724657261135
FLT3,EPHB1,0.3922697079467612
FLT3,EPHB2,0.3789974258906842
FLT3,EPHB3,0.37936530902579624
FLT3,EPHB4,0.3678433356677213
FLT3,EPHB6,0.358845578966464
FLT3,ROS1,0.40412582592867896
FLT3,RYK,0.3840330651169117
FLT3,PTK7,0.3669561312649596
FLT3,SRC,0.42912551803957666
FLT3,YES1,0.4125412070727503
FLT3,FYN,0.41498643659568135
FLT3,LYN,0.40430388012319357
FLT3,LCK,0.3915096503526862
FLT3,HCK,0.3919185578805277
FLT3,BLK,0.3361191772391281
FLT3,FGR,0.38772804063518035
FLT3,FRK,0.3535029810972855
FLT3,PTK6,0.37586366557507045
FLT3,SRMS,0.3433952989972492
FLT3,PTK2,0.4735647336343786
FLT3,PTK2B,0.3606562826982689
FLT3,JAK1,0.3805846673509189
FLT3,JAK2,0.3971836346487727
FLT3,JAK3,0.3818015882364598
FLT3,TYK2,0.3607516619635521
FLT3,ABL1,0.41300170084972215
FLT3,ABL2,0.3513963376052006
FLT3,ZAP70,0.35637558977555794
FLT3,SYK,0.41608854418444907
FLT3,BTK,0.3747794755100288
FLT3,ITK,0.3583422561168401
FLT3,TEC,0.3830482624660475
FLT3,BMX,0.352838808970598
FLT3,TXK,0.38369748450664654
FLT3,TNK1,0.3981658791472122
FLT3,TNK2,0.34265385639225177
FLT3,CSK,0.40115964506911206
FLT3,MATK,0.33311107366266873
FLT3,FER,0.3554986679903122
FLT3,FES,0.3714790970193206
FLT3,LMTK2,0.3948151978251399
FLT3,LMTK3,0.39595277111180954
FLT1,KDR,0.3608489329403321
FLT1,FLT4,0.3058479861710729
FLT1,TEK,0.23340575687079188
FLT1,TIE1,0.25858646123629614
FLT1,FGFR1,0.32654906103812653
FLT1,FGFR2,0.28971388155258837
FLT1,FGFR3,0.19233995806661391
FLT1,FGFR4,0.2539863792616671
FLT1,INSR,0.18751776140772677
FLT1,IGF1R,0.3073320205631418
FLT1,INSRR,0.21003424585998304
FLT1,NTRK1,0.22839849098841233
FLT1,NTRK2,0.21257472166053787
FLT1,NTRK3,0.20682131592524788
FLT1,AXL,0.22000155997614063
FLT1,MERTK,0.2225462316764512
FLT1,TYRO3,0.23203471415110233
FLT1,DDR1,0.18529658825835157
FLT1,DDR2,0.18855611379788514
FLT1,RET,0.21641448250549164
FLT1,ROR1,0.17351342342133397
FLT1,ROR2,0.17402574532036458
FLT1,MUSK,0.1498346127931413
FLT1,AATK,0.4216603866967774
FLT1,EPHA1,0.39469405390731804
FLT1,EPHA2,0.417901705066404
FLT1,EPHA3,0.43427172954502635
FLT1,EPHA4,0.3933845078931679
FLT1,EPHA5,0.45782161978897745
FLT1,EPHA6,0.37584898669659
FLT1,EPHA7,0.39496585128188993
FLT1,EPHA8,0.4148472365118322
FLT1,EPHA10,0.3803285650231878
FLT1,EPHB1,0.4132258072438355
FLT1,EPHB2,0.3999535251877585
FLT1,EPHB3,0.40032140832287055
FLT1,EPHB4,0.38879943496479563
FLT1,EPHB6,0.37980167826353833
FLT1,ROS1,0.4250819252257533
FLT1,RYK,0.40498916441398597
FLT1,PTK7,0.3879122305620339
FLT1,SRC,0.450081617336651
FLT1,YES1,0.43349730636982464
FLT1,FYN,0.43594253589275567
FLT1,LYN,0.4252599794202679
FLT1,LCK,0.41246574964976046
FLT1,HCK,0.41287465717760197
FLT1,BLK,0.3570752765362024
FLT1,FGR,0.40868413993225466
FLT1,FRK,0.3744590803943598
FLT1,PTK6,0.39681976487214476
FLT1,SRMS,0.3643513982943235
FLT1,PTK2,0.49452083293145294
FLT1,PTK2B,0.3816123819953432
FLT1,JAK1,0.4015407666479932
FLT1,JAK2,0.418139733945847
FLT1,JAK3,0.40275768753353414
FLT1,TYK2,0.3817077612606264
FLT1,ABL1,0.43395780014679647
FLT1,ABL2,0.37235243690227493
FLT1,ZAP70,0.3773316890726322
FLT1,SYK,0.43704464348152333
FLT1,BTK,0.39573557480710314
FLT1,ITK,0.37929835541391443
FLT1,TEC,0.4040043617631218
FLT1,BMX,0.3737949082676723
FLT1,TXK,0.40465358380372085
FLT1,TNK1,0.4191219784442865
FLT1,TNK2,0.3636099556893261
FLT1,CSK,0.4221157443661864
FLT1,MATK,0.354067172959743
FLT1,FER,0.37645476728738647
FLT1,FES,0.3924351963163949
FLT1,LMTK2,0.4157712971222142
FLT1,LMTK3,0.41690887040888386
KDR,FLT4,0.35779861801503315
KDR,TEK,0.3027563887147522
KDR,TIE1,0.3249370930802564
KDR,FGFR1,0.3836996928820868
KDR,FGFR2,0.3422645133965486
KDR,FGFR3,0.2368905899105742
KDR,FGFR4,0.2509370111056274
KDR,INSR,0.23206839325168704
KDR,IGF1R,0.3651826524071021
KDR,INSRR,0.25458487770394334
KDR,NTRK1,0.2729491228323726
KDR,NTRK2,0.25712535350449817
KDR,NTRK3,0.2513719477692082
KDR,AXL,0.3286521918201009
KDR,MERTK,0.2670968635204115
KDR,TYRO3,0.2765853459950626
KDR,DDR1,0.27154722010231186
KDR,DDR2,0.23310674564184541
KDR,RET,0.2609651143494519
KDR,ROR1,0.21806405526529424
KDR,ROR2,0.21857637716432485
KDR,MUSK,0.19438524463710158
KDR,AATK,0.4662110185407377
KDR,EPHA1,0.43924468575127834
KDR,EPHA2,0.46245233691036425
KDR,EPHA3,0.5380223613889866
KDR,EPHA4,0.43793513973712817
KDR,EPHA5,0.5023722516329376
KDR,EPHA6,0.4203996185405503
KDR,EPHA7,0.43951648312585023
KDR,EPHA8,0.4593978683557925
KDR,EPHA10,0.42487919686714803
KDR,EPHB1,0.45777643908779575
KDR,EPHB2,0.4445041570317188
KDR,EPHB3,0.44487204016683085
KDR,EPHB4,0.43335006680875593
KDR,EPHB6,0.42435231010749863
KDR,ROS1,0.4696325570697135
KDR,RYK,0.44953979625794627
KDR,PTK7,0.4324628624059942
KDR,SRC,0.49463224918061127
KDR,YES1,0.47804793821378494
KDR,FYN,0.48049316773671596
KDR,LYN,0.46981061126422813
KDR,LCK,0.45701638149372076
KDR,HCK,0.45742528902156226
KDR,BLK,0.40162590838016266
KDR,FGR,0.4532347717762149
KDR,FRK,0.4190097122383201
KDR,PTK6,0.441370396716105
KDR,SRMS,0.40890203013828375
KDR,PTK2,0.5390714647754132
KDR,PTK2B,0.42616301383930344
KDR,JAK1,0.44609139849195345
KDR,JAK2,0.46269036578980727
KDR,JAK3,0.44730831937749443
KDR,TYK2,0.4262583931045867
KDR,ABL1,0.4785084319907567
KDR,ABL2,0.4169030687462352
KDR,ZAP70,0.4218823209165925
KDR,SYK,0.48159527532548363
KDR,BTK,0.44028620665106344
KDR,ITK,0.42384898725787473
KDR,TEC,0.4485549936070821
KDR,BMX,0.4183455401116326
KDR,TXK,0.4492042156476811
KDR,TNK1,0.46367261028824674
KDR,TNK2,0.4081605875332863
KDR,CSK,0.46666637621014667
KDR,MATK,0.3986178048037033
KDR,FER,0.42100539913134677
KDR,FES,0.43698582816035514
KDR,LMTK2,0.4603219289661745
KDR,LMTK3,0.46145950225284416
FLT4,TEK,0.1807554419454929
FLT4,TIE1,0.2506361463109972
FLT4,FGFR1,0.32089874611282754
FLT4,FGFR2,0.2926635666272894
FLT4,FGFR3,0.1892896431413149
FLT4,FGFR4,0.20333606433636808
FLT4,INSR,0.1844674464824278
FLT4,IGF1R,0.3171817056378428
FLT4,INSRR,0.20698393093468404
FLT4,NTRK1,0.22534817606311336
FLT4,NTRK2,0.20952440673523887
FLT4,NTRK3,0.2037710009999489
FLT4,AXL,0.21695124505084162
FLT4,MERTK,0.2194959167511522
FLT4,TYRO3,0.22898439922580333
FLT4,DDR1,0.1822462733330526
FLT4,DDR2,0.18550579887258617
FLT4,RET,0.21336416758019267
FLT4,ROR1,0.17046310849603497
FLT4,ROR2,0.17097543039506558
FLT4,MUSK,0.1467842978678423
FLT4,AATK,0.4186100717714784
FLT4,EPHA1,0.39164373898201904
FLT4,EPHA2,0.414851390141105
FLT4,EPHA3,0.43122141461972735
FLT4,EPHA4,0.3903341929678689
FLT4,EPHA5,0.45477130486367845
FLT4,EPHA6,0.372798671771291
FLT4,EPHA7,0.39191553635659093
FLT4,EPHA8,0.4117969215865332
FLT4,EPHA10,0.3772782500978888
FLT4,EPHB1,0.4101754923185365
FLT4,EPHB2,0.3969032102624595
FLT4,EPHB3,0.3972710933975716
FLT4,EPHB4,0.38574912003949663
FLT4,EPHB6,0.37675136333823933
FLT4,ROS1,0.4220316103004543
FLT4,RYK,0.40193884948868697
FLT4,PTK7,0.3848619156367349
FLT4,SRC,0.447031302411352
FLT4,YES1,0.43044699144452564
FLT4,FYN,0.4328922209674567
FLT4,LYN,0.4222096644949689
FLT4,LCK,0.4094154347244615
FLT4,HCK,0.409824342252303
FLT4,BLK,0.3540249616109034
FLT4,FGR,0.40563382500695566
FLT4,FRK,0.3714087654690608
FLT4,PTK6,0.39376944994684576
FLT4,SRMS,0.3613010833690245
FLT4,PTK2,0.491470518006154
FLT4,PTK2B,0.3785620670700442
FLT4,JAK1,0.3984904517226942
FLT4,JAK2,0.415089419020548
FLT4,JAK3,0.3997073726082352
FLT4,TYK2,0.3786574463353274
FLT4,ABL1,0.43090748522149747
FLT4,ABL2,0.36930212197697593
FLT4,ZAP70,0.3742813741473332
FLT4,SYK,0.43399432855622433
FLT4,BTK,0.39268525988180414
FLT4,ITK,0.3762480404886155
FLT4,TEC,0.4009540468378229
FLT4,BMX,0.3707445933423733
FLT4,TXK,0.40160326887842185
FLT4,TNK1,0.4160716635189875
FLT4,TNK2,0.360559640764027
FLT4,CSK,0.41906542944088737
FLT4,MATK,0.35101685803444405
FLT4,FER,0.3734044523620875
FLT4,FES,0.3893848813910959
FLT4,LMTK2,0.4127209821969152
FLT4,LMTK3,0.41385855548358486
TEK,TIE1,0.2632939170107162
TEK,FGFR1,0.29665651681254657
TEK,FGFR2,0.2135213373270084
TEK,FGFR3,0.15924741384103397
TEK,FGFR4,0.17329383503608714
TEK,INSR,0.1544252171821468
TEK,IGF1R,0.23233947633756183
TEK,INSRR,0.1769417016344031
TEK,NTRK1,0.19530594676283236
TEK,NTRK2,0.17948217743495792
TEK,NTRK3,0.17372877169966794
TEK,AXL,0.18690901575056068
TEK,MERTK,0.18945368745087124
TEK,TYRO3,0.19894216992552238
TEK,DDR1,0.1522040440327716
TEK,DDR2,0.15546356957230517
TEK,RET,0.18332193827991167
TEK,ROR1,0.140420879195754
TEK,ROR2,0.1409332010947846
TEK,MUSK,0.11674206856756134
TEK,AATK,0.38856784247119747
TEK,EPHA1,0.3616015096817381
TEK,EPHA2,0.384809160840824
TEK,EPHA3,0.4011791853194464
TEK,EPHA4,0.360291963667588
TEK,EPHA5,0.42472907556339745
TEK,EPHA6,0.34275644247101
TEK,EPHA7,0.36187330705631
TEK,EPHA8,0.38175469228625225
TEK,EPHA10,0.34723602079760785
TEK,EPHB1,0.3801332630182555
TEK,EPHB2,0.36686098096217856
TEK,EPHB3,0.3672288640972906
TEK,EPHB4,0.3557068907392157
TEK,EPHB6,0.34670913403795833
TEK,ROS1,0.3919893810001733
TEK,RYK,0.371896620188406
TEK,PTK7,0.35481968633645394
TEK,SRC,0.41698907311107103
TEK,YES1,0.4004047621442447
TEK,FYN,0.4028499916671757
TEK,LYN,0.3921674351946879
TEK,LCK,0.3793732054241805
TEK,HCK,0.379782112952022
TEK,BLK,0.32398273231062247
TEK,FGR,0.37559159570667466
TEK,FRK,0.3413665361687799
TEK,PTK6,0.3637272206465648
TEK,SRMS,0.33125885406874356
TEK,PTK2,0.461428288705873
TEK,PTK2B,0.3485198377697632
TEK,JAK1,0.3684482224224132
TEK,JAK2,0.385047189720267
TEK,JAK3,0.3696651433079542
TEK,TYK2,0.3486152170350464
TEK,ABL1,0.40086525592121647
TEK,ABL2,0.33925989267669493
TEK,ZAP70,0.34423914484705226
TEK,SYK,0.4039520992559434
TEK,BTK,0.36264303058152314
TEK,ITK,0.3462058111883345
TEK,TEC,0.3709118175375419
TEK,BMX,0.34070236404209236
TEK,TXK,0.37156103957814085
TEK,TNK1,0.3860294342187065
TEK,TNK2,0.3305174114637461
TEK,CSK,0.38902320014060643
TEK,MATK,0.32097462873416305
TEK,FER,0.3433622230618065
TEK,FES,0.3593426520908149
TEK,LMTK2,0.3826787528966343
TEK,LMTK3,0.3838163261833039
TIE1,FGFR1,0.2678372211780508
TIE1,FGFR2,0.24340204169251267
TIE1,FGFR3,0.18912811820653821
TIE1,FGFR4,0.2031745394015914
TIE1,INSR,0.18430592154765107
TIE1,IGF1R,0.2622201807030661
TIE1,INSRR,0.20682240599990734
TIE1,NTRK1,0.22518665112833663
TIE1,NTRK2,0.20936288180046217
TIE1,NTRK3,0.2036094760651722
TIE1,AXL,0.21678972011606493
TIE1,MERTK,0.21933439181637548
TIE1,TYRO3,0.22882287429102663
TIE1,DDR1,0.18208474839827588
TIE1,DDR2,0.18534427393780945
TIE1,RET,0.21320264264541594
TIE1,ROR1,0.17030158356125824
TIE1,ROR2,0.17081390546028885
TIE1,MUSK,0.14662277293306558
TIE1,AATK,0.41844854683670174
TIE1,EPHA1,0.39148221404724237
TIE1,EPHA2,0.4146898652063283
TIE1,EPHA3,0.4310598896849506
TIE1,EPHA4,0.3901726680330922
TIE1,EPHA5,0.4546097799289017
TIE1,EPHA6,0.3726371468365143
TIE1,EPHA7,0.39175401142181426
TIE1,EPHA8,0.4116353966517565
TIE1,EPHA10,0.37711672516311207
TIE1,EPHB1,0.4100139673837598
TIE1,EPHB2,0.39674168532768284
TIE1,EPHB3,0.3971095684627949
TIE1,EPHB4,0.38558759510471996
TIE1,EPHB6,0.3765898384034626
TIE1,ROS1,0.42187008536567755
TIE1,RYK,0.4017773245539103
TIE1,PTK7,0.38470039070195816
TIE1,SRC,0.4468697774765753
TIE1,YES1,0.4302854665097489
TIE1,FYN,0.43273069603268
TIE1,LYN,0.42204813956019216
TIE1,LCK,0.4092539097896848
TIE1,HCK,0.4096628173175263
TIE1,BLK,0.3538634366761267
TIE1,FGR,0.40547230007217894
TIE1,FRK,0.37124724053428415
TIE1,PTK6,0.39360792501206904
TIE1,SRMS,0.3611395584342478
TIE1,PTK2,0.49130899307137726
TIE1,PTK2B,0.37840054213526747
TIE1,JAK1,0.3983289267879175
TIE1,JAK2,0.4149278940857713
TIE1,JAK3,0.39954584767345847
TIE1,TYK2,0.37849592140055066
TIE1,ABL1,0.43074596028672074
TIE1,ABL2,0.3691405970421992
TIE1,ZAP70,0.37411984921255653
TIE1,SYK,0.43383280362144766
TIE1,BTK,0.3925237349470274
TIE1,ITK,0.37608651555383876
TIE1,TEC,0.40079252190304615
TIE1,BMX,0.3705830684075966
TIE1,TXK,0.4014417439436451
TIE1,TNK1,0.4159101385842108
TIE1,TNK2,0.36039811582925035
TIE1,CSK,0.4189039045061107
TIE1,MATK,0.3508553330996673
TIE1,FER,0.3732429274273108
TIE1,FES,0.38922335645631917
TIE1,LMTK2,0.4125594572621385
TIE1,LMTK3,0.41369703054880813
FGFR1,FGFR2,0.386064641494343
FGFR1,FGFR3,0.33189071800836856
FGFR1,FGFR4,0.35723713920342176
FGFR1,INSR,0.24166852134948147
FGFR1,IGF1R,0.3822827805048965
FGFR1,INSRR,0.2641850058017377
FGFR1,NTRK1,0.335549250930167
FGFR1,NTRK2,0.31612548160229254
FGFR1,NTRK3,0.3121720758670026
FGFR1,AXL,0.3188523199178953
FGFR1,MERTK,0.2766969916182059
FGFR1,TYRO3,0.330985474092857
FGFR1,DDR1,0.28304734820010624
FGFR1,DDR2,0.24270687373963984
FGFR1,RET,0.3235652424472463
FGFR1,ROR1,0.22766418336308863
FGFR1,ROR2,0.22817650526211924
FGFR1,MUSK,0.20398537273489598
FGFR1,AATK,0.4758111466385321
FGFR1,EPHA1,0.4488448138490727
FGFR1,EPHA2,0.4720524650081587
FGFR1,EPHA3,0.488422489486781
FGFR1,EPHA4,0.5322352678349226
FGFR1,EPHA5,0.5119723797307321
FGFR1,EPHA6,0.42999974663834467
FGFR1,EPHA7,0.44911661122364466
FGFR1,EPHA8,0.46899799645358686
FGFR1,EPHA10,0.43447932496494246
FGFR1,EPHB1,0.4673765671855902
FGFR1,EPHB2,0.4541042851295132
FGFR1,EPHB3,0.4544721682646253
FGFR1,EPHB4,0.4429501949065503
FGFR1,EPHB6,0.433952438205293
FGFR1,ROS1,0.47923268516750794
FGFR1,RYK,0.45913992435574064
FGFR1,PTK7,0.44206299050378856
FGFR1,SRC,0.5042323772784056
FGFR1,YES1,0.4876480663115793
FGFR1,FYN,0.4900932958345104
FGFR1,LYN,0.47941073936202255
FGFR1,LCK,0.4666165095915152
FGFR1,HCK,0.4670254171193567
FGFR1,BLK,0.4112260364779571
FGFR1,FGR,0.46283489987400933
FGFR1,FRK,0.4286098403361145
FGFR1,PTK6,0.45097052481389943
FGFR1,SRMS,0.41850215823607817
FGFR1,PTK2,0.5486715928732075
FGFR1,PTK2B,0.43576314193709786
FGFR1,JAK1,0.4556915265897479
FGFR1,JAK2,0.4722904938876017
FGFR1,JAK3,0.45690844747528886
FGFR1,TYK2,0.43585852120238106
FGFR1,ABL1,0.48810856008855114
FGFR1,ABL2,0.4265031968440296
FGFR1,ZAP70,0.4314824490143869
FGFR1,SYK,0.491195403423278
FGFR1,BTK,0.4498863347488578
FGFR1,ITK,0.4334491153556691
FGFR1,TEC,0.45815512170487654
FGFR1,BMX,0.427945668209427
FGFR1,TXK,0.4588043437454755
FGFR1,TNK1,0.47327273838604117
FGFR1,TNK2,0.41776071563108075
FGFR1,CSK,0.47626650430794104
FGFR1,MATK,0.4082179329014977
FGFR1,FER,0.4306055272291412
FGFR1,FES,0.44658595625814956
FGFR1,LMTK2,0.4699220570639689
FGFR1,LMTK3,0.4710596303506385
FGFR2,FGFR3,0.32075553852283045
FGFR2,FGFR4,0.29930195971788365
FGFR2,INSR,0.21723334186394327
FGFR2,IGF1R,0.34834760101935835
FGFR2,INSRR,0.23974982631619957
FGFR2,NTRK1,0.25811407144462883
FGFR2,NTRK2,0.2422903021167544
FGFR2,NTRK3,0.27973689638146443
FGFR2,AXL,0.24971714043235715
FGFR2,MERTK,0.25226181213266774
FGFR2,TYRO3,0.26175029460731886
FGFR2,DDR1,0.26151216871456806
FGFR2,DDR2,0.21827169425410164
FGFR2,RET,0.29323006296170817
FGFR2,ROR1,0.20322900387755047
FGFR2,ROR2,0.20374132577658108
FGFR2,MUSK,0.1795501932493578
FGFR2,AATK,0.45137596715299394
FGFR2,EPHA1,0.42440963436353457
FGFR2,EPHA2,0.5035172855226204
FGFR2,EPHA3,0.4639873100012429
FGFR2,EPHA4,0.4650000883493844
FGFR2,EPHA5,0.5322372002451939
FGFR2,EPHA6,0.40556456715280653
FGFR2,EPHA7,0.42468143173810646
FGFR2,EPHA8,0.4445628169680487
FGFR2,EPHA10,0.41004414547940427
FGFR2,EPHB1,0.442941387700052
FGFR2,EPHB2,0.42966910564397504
FGFR2,EPHB3,0.4300369887790871
FGFR2,EPHB4,0.41851501542101216
FGFR2,EPHB6,0.40951725871975486
FGFR2,ROS1,0.45479750568196975
FGFR2,RYK,0.4347047448702025
FGFR2,PTK7,0.4176278110182504
FGFR2,SRC,0.4797971977928675
FGFR2,YES1,0.46321288682604117
FGFR2,FYN,0.4656581163489722
FGFR2,LYN,0.45497555987648436
FGFR2,LCK,0.442181330105977
FGFR2,HCK,0.4425902376338185
FGFR2,BLK,0.3867908569924189
FGFR2,FGR,0.4383997203884712
FGFR2,FRK,0.40417466085057635
FGFR2,PTK6,0.42653534532836124
FGFR2,SRMS,0.39406697875054
FGFR2,PTK2,0.5242364133876695
FGFR2,PTK2B,0.41132796245155967
FGFR2,JAK1,0.4312563471042097
FGFR2,JAK2,0.4478553144020635
FGFR2,JAK3,0.43247326798975066
FGFR2,TYK2,0.4114233417168429
FGFR2,ABL1,0.46367338060301294
FGFR2,ABL2,0.4020680173584914
FGFR2,ZAP70,0.40704726952884873
FGFR2,SYK,0.46676022393773986
FGFR2,BTK,0.42545115526331967
FGFR2,ITK,0.40901393587013096
FGFR2,TEC,0.43371994221933835
FGFR2,BMX,0.40351048872388884
FGFR2,TXK,0.4343691642599373
FGFR2,TNK1,0.44883755890050303
FGFR2,TNK2,0.39332553614554255
FGFR2,CSK,0.4518313248224029
FGFR2,MATK,0.3837827534159595
FGFR2,FER,0.406170347743603
FGFR2,FES,0.42215077677261137
FGFR2,LMTK2,0.44548687757843075
FGFR2,LMTK3,0.4466244508651004
FGFR3,FGFR4,0.2608280362319092
FGFR3,INSR,0.16295941837796885
FGFR3,IGF1R,0.24087367753338385
FGFR3,INSRR,0.1854759028302251
FGFR3,NTRK1,0.2552401479586544
FGFR3,NTRK2,0.23591637863077994
FGFR3,NTRK3,0.23036297289549
FGFR3,AXL,0.1954432169463827
FGFR3,MERTK,0.19798788864669326
FGFR3,TYRO3,0.2074763711213444
FGFR3,DDR1,0.16073824522859365
FGFR3,DDR2,0.16399777076812722
FGFR3,RET,0.1918561394757337
FGFR3,ROR1,0.148955080391576
FGFR3,ROR2,0.14946740229060662
FGFR3,MUSK,0.12527626976338335
FGFR3,AATK,0.3971020436670195
FGFR3,EPHA1,0.37013571087756014
FGFR3,EPHA2,0.39334336203664605
FGFR3,EPHA3,0.4097133865152684
FGFR3,EPHA4,0.43122616486341
FGFR3,EPHA5,0.4794632767592195
FGFR3,EPHA6,0.35129064366683205
FGFR3,EPHA7,0.37040750825213203
FGFR3,EPHA8,0.3902888934820743
FGFR3,EPHA10,0.35577022199342984
FGFR3,EPHB1,0.38866746421407755
FGFR3,EPHB2,0.3753951821580006
FGFR3,EPHB3,0.37576306529311265
FGFR3,EPHB4,0.36424109193503773
FGFR3,EPHB6,0.3552433352337804
FGFR3,ROS1,0.4005235821959953
FGFR3,RYK,0.38043082138422807
FGFR3,PTK7,0.36335388753227593
FGFR3,SRC,0.4255232743068931
FGFR3,YES1,0.4089389633400667
FGFR3,FYN,0.41138419286299777
FGFR3,LYN,0.40070163639050993
FGFR3,LCK,0.38790740662000256
FGFR3,HCK,0.38831631414784407
FGFR3,BLK,0.33251693350644446
FGFR3,FGR,0.3841257969024967
FGFR3,FRK,0.3499007373646019
FGFR3,PTK6,0.3722614218423868
FGFR3,SRMS,0.33979305526456555
FGFR3,PTK2,0.46996248990169504
FGFR3,PTK2B,0.35705403896558524
FGFR3,JAK1,0.37698242361823525
FGFR3,JAK2,0.39358139091608907
FGFR3,JAK3,0.37819934450377624
FGFR3,TYK2,0.35714941823086843
FGFR3,ABL1,0.4093994571170385
FGFR3,ABL2,0.347794093872517
FGFR3,ZAP70,0.3527733460428743
FGFR3,SYK,0.41248630045176543
FGFR3,BTK,0.3711772317773452
FGFR3,ITK,0.35474001238415653
FGFR3,TEC,0.3794460187333639
FGFR3,BMX,0.34923656523791435
FGFR3,TXK,0.3800952407739629
FGFR3,TNK1,0.39456363541452855
FGFR3,TNK2,0.3390516126595681
FGFR3,CSK,0.3975574013364285
FGFR3,MATK,0.3295088299299851
FGFR3,FER,0.35189642425762857
FGFR3,FES,0.36787685328663694
FGFR3,LMTK2,0.39121295409245627
FGFR3,LMTK3,0.3923505273791259
FGFR4,INSR,0.17700583957302202
FGFR4,IGF1R,0.304820098728437
FGFR4,INSRR,0.19952232402527828
FGFR4,NTRK1,0.21788656915370758
FGFR4,NTRK2,0.2020627998258331
FGFR4,NTRK3,0.19630939409054315
FGFR4,AXL,0.20948963814143587
FGFR4,MERTK,0.21203430984174643
FGFR4,TYRO3,0.22152279231639757
FGFR4,DDR1,0.17478466642364682
FGFR4,DDR2,0.1780441919631804
FGFR4,RET,0.20590256067078688
FGFR4,ROR1,0.16300150158662918
FGFR4,ROR2,0.1635138234856598
FGFR4,MUSK,0.13932269095843652
FGFR4,AATK,0.4111484648620727
FGFR4,EPHA1,0.3841821320726133
FGFR4,EPHA2,0.4484897832316992
FGFR4,EPHA3,0.42375980771032157
FGFR4,EPHA4,0.4429725860584631
FGFR4,EPHA5,0.44730969795427267
FGFR4,EPHA6,0.3653370648618852
FGFR4,EPHA7,0.3844539294471852
FGFR4,EPHA8,0.40433531467712747
FGFR4,EPHA10,0.369816643188483
FGFR4,EPHB1,0.4027138854091307
FGFR4,EPHB2,0.3894416033530538
FGFR4,EPHB3,0.3898094864881658
FGFR4,EPHB4,0.3782875131300909
FGFR4,EPHB6,0.36928975642883355
FGFR4,ROS1,0.4145700033910485
FGFR4,RYK,0.39447724257928124
FGFR4,PTK7,0.3774003087273291
FGFR4,SRC,0.43956969550194624
FGFR4,YES1,0.42298538453511986
FGFR4,FYN,0.42543061405805094
FGFR4,LYN,0.4147480575855631
FGFR4,LCK,0.40195382781505573
FGFR4,HCK,0.40236273534289724
FGFR4,BLK,0.34656335470149763
FGFR4,FGR,0.3981722180975499
FGFR4,FRK,0.3639471585596551
FGFR4,PTK6,0.38630784303744
FGFR4,SRMS,0.3538394764596187
FGFR4,PTK2,0.4840089110967482
FGFR4,PTK2B,0.3711004601606384
FGFR4,JAK1,0.3910288448132884
FGFR4,JAK2,0.40762781211114224
FGFR4,JAK3,0.3922457656988294
FGFR4,TYK2,0.3711958394259216
FGFR4,ABL1,0.4234458783120917
FGFR4,ABL2,0.36184051506757015
FGFR4,ZAP70,0.3668197672379275
FGFR4,SYK,0.4265327216468186
FGFR4,BTK,0.38522365297239836
FGFR4,ITK,0.3687864335792097
FGFR4,TEC,0.3934924399284171
FGFR4,BMX,0.3632829864329675
FGFR4,TXK,0.39414166196901607
FGFR4,TNK1,0.4086100566095817
FGFR4,TNK2,0.3530980338546213
FGFR4,CSK,0.41160382253148164
FGFR4,MATK,0.34355525112503826
FGFR4,FER,0.36594284545268174
FGFR4,FES,0.3819232744816901
FGFR4,LMTK2,0.40525937528750944
FGFR4,LMTK3,0.4063969485741791
INSR,IGF1R,0.33575148087449674
INSR,INSRR,0.27905370617133796
INSR,NTRK1,0.19901795129976727
INSR,NTRK2,0.1831941819718928
INSR,NTRK3,0.17744077623660282
INSR,AXL,0.19062102028749556
INSR,MERTK,0.19316569198780614
INSR,TYRO3,0.20265417446245726
INSR,DDR1,0.1559160485697065
INSR,DDR2,0.15917557410924008
INSR,RET,0.18703394281684657
INSR,ROR1,0.1441328837326889
INSR,ROR2,0.1446452056317195
INSR,MUSK,0.12045407310449623
INSR,AATK,0.39227984700813234
INSR,EPHA1,0.365313514218673
INSR,EPHA2,0.38852116537775894
INSR,EPHA3,0.4048911898563813
INSR,EPHA4,0.36400396820452285
INSR,EPHA5,0.4284410801003324
INSR,EPHA6,0.34646844700794494
INSR,EPHA7,0.36558531159324487
INSR,EPHA8,0.3854666968231871
INSR,EPHA10,0.3509480253345427
INSR,EPHB1,0.38384526755519044
INSR,EPHB2,0.37057298549911344
INSR,EPHB3,0.3709408686342255
INSR,EPHB4,0.35941889527615056
INSR,EPHB6,0.35042113857489327
INSR,ROS1,0.3957013855371082
INSR,RYK,0.3756086247253409
INSR,PTK7,0.3585316908733888
INSR,SRC,0.4207010776480059
INSR,YES1,0.4041167666811796
INSR,FYN,0.4065619962041106
INSR,LYN,0.3958794397316228
INSR,LCK,0.3830852099611154
INSR,HCK,0.3834941174889569
INSR,BLK,0.32769473684755734
INSR,FGR,0.3793036002436096
INSR,FRK,0.34507854070571475
INSR,PTK6,0.3674392251834997
INSR,SRMS,0.33497085860567843
INSR,PTK2,0.46514029324280787
INSR,PTK2B,0.35223184230669813
INSR,JAK1,0.37216022695934814
INSR,JAK2,0.38875919425720196
INSR,JAK3,0.37337714784488907
INSR,TYK2,0.3523272215719813
INSR,ABL1,0.4045772604581514
INSR,ABL2,0.34297189721362986
INSR,ZAP70,0.34795114938398713
INSR,SYK,0.40766410379287826
INSR,BTK,0.36635503511845807
INSR,ITK,0.34991781572526937
INSR,TEC,0.37462382207447675
INSR,BMX,0.34441436857902724
INSR,TXK,0.3752730441150758
INSR,TNK1,0.38974143875564143
INSR,TNK2,0.334229416000681
INSR,CSK,0.3927352046775413
INSR,MATK,0.3246866332710979
INSR,FER,0.3470742275987414
INSR,FES,0.3630546566277498
INSR,LMTK2,0.38639075743356915
INSR,LMTK3,0.3875283307202388
IGF1R,INSRR,0.35456796532675294
IGF1R,NTRK1,0.3273322104551823
IGF1R,NTRK2,0.2611084411273078
IGF1R,NTRK3,0.25535503539201787
IGF1R,AXL,0.26853527944291056
IGF1R,MERTK,0.27107995114322114
IGF1R,TYRO3,0.28056843361787226
IGF1R,DDR1,0.23383030772512153
IGF1R,DDR2,0.2370898332646551
IGF1R,RET,0.3248482019722616
IGF1R,ROR1,0.2220471428881039
IGF1R,ROR2,0.2225594647871345
IGF1R,MUSK,0.19836833225991124
IGF1R,AATK,0.47019410616354734
IGF1R,EPHA1,0.443227773374088
IGF1R,EPHA2,0.5207354245331739
IGF1R,EPHA3,0.4828054490117963
IGF1R,EPHA4,0.44191822735993785
IGF1R,EPHA5,0.5063553392557474
IGF1R,EPHA6,0.42438270616335994
IGF1R,EPHA7,0.44349957074865987
IGF1R,EPHA8,0.4633809559786021
IGF1R,EPHA10,0.4288622844899577
IGF1R,EPHB1,0.46175952671060544
IGF1R,EPHB2,0.44848724465452844
IGF1R,EPHB3,0.44885512778964054
IGF1R,EPHB4,0.43733315443156556
IGF1R,EPHB6,0.42833539773030826
IGF1R,ROS1,0.4736156446925232
IGF1R,RYK,0.45352288388075596
IGF1R,PTK7,0.4364459500288038
IGF1R,SRC,0.4986153368034209
IGF1R,YES1,0.4820310258365946
IGF1R,FYN,0.4844762553595256
IGF1R,LYN,0.4737936988870378
IGF1R,LCK,0.46099946911653045
IGF1R,HCK,0.46140837664437195
IGF1R,BLK,0.40560899600297234
IGF1R,FGR,0.4572178593990246
IGF1R,FRK,0.42299279986112975
IGF1R,PTK6,0.4453534843389147
IGF1R,SRMS,0.41288511776109343
IGF1R,PTK2,0.5430545523982229
IGF1R,PTK2B,0.43014610146211313
IGF1R,JAK1,0.45007448611476314
IGF1R,JAK2,0.46667345341261696
IGF1R,JAK3,0.45129140700030407
IGF1R,TYK2,0.4302414807273963
IGF1R,ABL1,0.4824915196135664
IGF1R,ABL2,0.42088615636904486
IGF1R,ZAP70,0.42586540853940213
IGF1R,SYK,0.4855783629482933
IGF1R,BTK,0.44426929427387307
IGF1R,ITK,0.4278320748806844
IGF1R,TEC,0.45253808122989175
IGF1R,BMX,0.42232862773444224
IGF1R,TXK,0.4531873032704908
IGF1R,TNK1,0.46765569791105643
IGF1R,TNK2,0.41214367515609596
IGF1R,CSK,0.4706494638329563
IGF1R,MATK,0.402600892426513
IGF1R,FER,0.42498848675415646
IGF1R,FES,0.4409689157831648
IGF1R,LMTK2,0.46430501658898415
IGF1R,LMTK3,0.4654425898756538
INSRR,NTRK1,0.22153443575202353
INSRR,NTRK2,0.20571066642414906
INSRR,NTRK3,0.1999572606888591
INSRR,AXL,0.21313750473975182
INSRR,MERTK,0.21568217644006238
INSRR,TYRO3,0.22517065891471352
INSRR,DDR1,0.17843253302196277
INSRR,DDR2,0.18169205856149634
INSRR,RET,0.20955042726910283
INSRR,ROR1,0.16664936818494513
INSRR,ROR2,0.16716169008397574
INSRR,MUSK,0.14297055755675248
INSRR,AATK,0.41479633146038863
INSRR,EPHA1,0.38782999867092927
INSRR,EPHA2,0.4110376498300152
INSRR,EPHA3,0.4274076743086375
INSRR,EPHA4,0.3865204526567791
INSRR,EPHA5,0.4509575645525886
INSRR,EPHA6,0.36898493146020117
INSRR,EPHA7,0.38810179604550116
INSRR,EPHA8,0.44968318127544343
INSRR,EPHA10,0.37346450978679896
INSRR,EPHB1,0.4063617520074467
INSRR,EPHB2,0.39308946995136973
INSRR,EPHB3,0.3934573530864818
INSRR,EPHB4,0.38193537972840685
INSRR,EPHB6,0.3729376230271495
INSRR,ROS1,0.41821786998936444
INSRR,RYK,0.3981251091775972
INSRR,PTK7,0.38104817532564506
INSRR,SRC,0.4432175621002622
INSRR,YES1,0.4266332511334358
INSRR,FYN,0.4290784806563669
INSRR,LYN,0.41839592418387905
INSRR,LCK,0.4056016944133717
INSRR,HCK,0.4060106019412132
INSRR,BLK,0.3502112212998136
INSRR,FGR,0.40182008469586583
INSRR,FRK,0.36759502515797104
INSRR,PTK6,0.38995570963575593
INSRR,SRMS,0.35748734305793467
INSRR,PTK2,0.48765677769506416
INSRR,PTK2B,0.37474832675895436
INSRR,JAK1,0.3946767114116044
INSRR,JAK2,0.4112756787094582
INSRR,JAK3,0.39589363229714536
INSRR,TYK2,0.37484370602423756
INSRR,ABL1,0.42709374491040764
INSRR,ABL2,0.3654883816658861
INSRR,ZAP70,0.3704676338362434
INSRR,SYK,0.43018058824513455
INSRR,BTK,0.3888715195707143
INSRR,ITK,0.37243430017752566
INSRR,TEC,0.39714030652673304
INSRR,BMX,0.3669308530312835
INSRR,TXK,0.397789528567332
INSRR,TNK1,0.41225792320789767
INSRR,TNK2,0.35674590045293725
INSRR,CSK,0.4152516891297976
INSRR,MATK,0.3472031177233542
INSRR,FER,0.3695907120509977
INSRR,FES,0.38557114108000606
INSRR,LMTK2,0.4089072418858254
INSRR,LMTK3,0.410044815172495
NTRK1,NTRK2,0.32297491155257835
NTRK1,NTRK3,0.2983215058172884
NTRK1,AXL,0.23150174986818112
NTRK1,MERTK,0.2340464215684917
NTRK1,TYRO3,0.24353490404314282
NTRK1,DDR1,0.24149677815039206
NTRK1,DDR2,0.25455630368992566
NTRK1,RET,0.2882146723975321
NTRK1,ROR1,0.18501361331337446
NTRK1,ROR2,0.18552593521240507
NTRK1,MUSK,0.1613348026851818
NTRK1,AATK,0.4331605765888179
NTRK1,EPHA1,0.45349424379935854
NTRK1,EPHA2,0.4294018949584445
NTRK1,EPHA3,0.49097191943706686
NTRK1,EPHA4,0.4048846977852084
NTRK1,EPHA5,0.46932180968101794
NTRK1,EPHA6,0.3873491765886305
NTRK1,EPHA7,0.4064660411739304
NTRK1,EPHA8,0.4263474264038727
NTRK1,EPHA10,0.3918287549152283
NTRK1,EPHB1,0.424725997135876
NTRK1,EPHB2,0.458453715079799
NTRK1,EPHB3,0.41182159821491104
NTRK1,EPHB4,0.4002996248568361
NTRK1,EPHB6,0.3913018681555788
NTRK1,ROS1,0.43658211511779377
NTRK1,RYK,0.41648935430602646
NTRK1,PTK7,0.3994124204540744
NTRK1,SRC,0.46158180722869147
NTRK1,YES1,0.44499749626186513
NTRK1,FYN,0.44744272578479616
NTRK1,LYN,0.4367601693123084
NTRK1,LCK,0.42396593954180095
NTRK1,HCK,0.42437484706964246
NTRK1,BLK,0.3685754664282429
NTRK1,FGR,0.42018432982429516
NTRK1,FRK,0.3859592702864003
NTRK1,PTK6,0.40831995476418526
NTRK1,SRMS,0.375851588186364
NTRK1,PTK2,0.5060210228234934
NTRK1,PTK2B,0.3931125718873837
NTRK1,JAK1,0.4130409565400337
NTRK1,JAK2,0.4296399238378875
NTRK1,JAK3,0.4142578774255746
NTRK1,TYK2,0.3932079511526669
NTRK1,ABL1,0.44545799003883696
NTRK1,ABL2,0.3838526267943154
NTRK1,ZAP70,0.3888318789646727
NTRK1,SYK,0.4485448333735638
NTRK1,BTK,0.40723576469914363
NTRK1,ITK,0.3907985453059549
NTRK1,TEC,0.4155045516551623
NTRK1,BMX,0.3852950981597128
NTRK1,TXK,0.41615377369576134
NTRK1,TNK1,0.430622168336327
NTRK1,TNK2,0.37511014558136657
NTRK1,CSK,0.43361593425822686
NTRK1,MATK,0.3655673628517835
NTRK1,FER,0.38795495717942696
NTRK1,FES,0.4039353862084354
NTRK1,LMTK2,0.4272714870142547
NTRK1,LMTK3,0.42840906030092435
NTRK2,NTRK3,0.2993977364894139
NTRK2,AXL,0.21567798054030665
NTRK2,MERTK,0.2182226522406172
NTRK2,TYRO3,0.22771113471526835
NTRK2,DDR1,0.1809730088225176
NTRK2,DDR2,0.18423253436205117
NTRK2,RET,0.26849090306965767
NTRK2,ROR1,0.16918984398549997
NTRK2,ROR2,0.16970216588453058
NTRK2,MUSK,0.1455110333573073
NTRK2,AATK,0.41733680726094347
NTRK2,EPHA1,0.4493704744714841
NTRK2,EPHA2,0.41357812563057
NTRK2,EPHA3,0.42994815010919235
NTRK2,EPHA4,0.3890609284573339
NTRK2,EPHA5,0.45349804035314345
NTRK2,EPHA6,0.371525407260756
NTRK2,EPHA7,0.443642271846056
NTRK2,EPHA8,0.41052365707599825
NTRK2,EPHA10,0.3760049855873538
NTRK2,EPHB1,0.4089022278080015
NTRK2,EPHB2,0.39562994575192456
NTRK2,EPHB3,0.3959978288870366
NTRK2,EPHB4,0.3844758555289617
NTRK2,EPHB6,0.37547809882770433
NTRK2,ROS1,0.4207583457899193
NTRK2,RYK,0.400665584978152
NTRK2,PTK7,0.3835886511261999
NTRK2,SRC,0.44575803790081703
NTRK2,YES1,0.42917372693399064
NTRK2,FYN,0.4316189564569217
NTRK2,LYN,0.4209363999844339
NTRK2,LCK,0.4081421702139265
NTRK2,HCK,0.408551077741768
NTRK2,BLK,0.3527516971003684
NTRK2,FGR,0.40436056049642066
NTRK2,FRK,0.3701355009585259
NTRK2,PTK6,0.39249618543631076
NTRK2,SRMS,0.3600278188584895
NTRK2,PTK2,0.490197253495619
NTRK2,PTK2B,0.3772888025595092
NTRK2,JAK1,0.3972171872121592
NTRK2,JAK2,0.413816154510013
NTRK2,JAK3,0.3984341080977002
NTRK2,TYK2,0.3773841818247924
NTRK2,ABL1,0.42963422071096247
NTRK2,ABL2,0.36802885746644093
NTRK2,ZAP70,0.37300810963679826
NTRK2,SYK,0.4327210640456894
NTRK2,BTK,0.39141199537126914
NTRK2,ITK,0.3749747759780805
NTRK2,TEC,0.3996807823272879
NTRK2,BMX,0.3694713288318383
NTRK2,TXK,0.40033000436788685
NTRK2,TNK1,0.4147983990084525
NTRK2,TNK2,0.3592863762534921
NTRK2,CSK,0.4177921649303524
NTRK2,MATK,0.34974359352390905
NTRK2,FER,0.3721311878515525
NTRK2,FES,0.3881116168805609
NTRK2,LMTK2,0.4114477176863802
NTRK2,LMTK3,0.41258529097304986
NTRK3,AXL,0.2099245748050167
NTRK3,MERTK,0.21246924650532725
NTRK3,TYRO3,0.2219577289799784
NTRK3,DDR1,0.17521960308722762
NTRK3,DDR2,0.17847912862676119
NTRK3,RET,0.2625374973343677
NTRK3,ROR1,0.16343643825021
NTRK3,ROR2,0.16394876014924062
NTRK3,MUSK,0.13975762762201735
NTRK3,AATK,0.4115834015256535
NTRK3,EPHA1,0.3846170687361941
NTRK3,EPHA2,0.40782471989528
NTRK3,EPHA3,0.42419474437390237
NTRK3,EPHA4,0.38330752272204394
NTRK3,EPHA5,0.4477446346178535
NTRK3,EPHA6,0.3657720015254661
NTRK3,EPHA7,0.384888866110766
NTRK3,EPHA8,0.40477025134070826
NTRK3,EPHA10,0.3702515798520638
NTRK3,EPHB1,0.4031488220727115
NTRK3,EPHB2,0.3898765400166346
NTRK3,EPHB3,0.3902444231517466
NTRK3,EPHB4,0.3787224497936717
NTRK3,EPHB6,0.3697246930924144
NTRK3,ROS1,0.4150049400546293
NTRK3,RYK,0.39491217924286204
NTRK3,PTK7,0.37783524539090996
NTRK3,SRC,0.44000463216552704
NTRK3,YES1,0.42342032119870066
NTRK3,FYN,0.42586555072163174
NTRK3,LYN,0.41518299424914396
NTRK3,LCK,0.40238876447863653
NTRK3,HCK,0.40279767200647804
NTRK3,BLK,0.3469982913650784
NTRK3,FGR,0.39860715476113073
NTRK3,FRK,0.3643820952232359
NTRK3,PTK6,0.3867427797010208
NTRK3,SRMS,0.3542744131231995
NTRK3,PTK2,0.484443847760329
NTRK3,PTK2B,0.3715353968242192
NTRK3,JAK1,0.3914637814768692
NTRK3,JAK2,0.40806274877472304
NTRK3,JAK3,0.3926807023624102
NTRK3,TYK2,0.37163077608950246
NTRK3,ABL1,0.42388081497567254
NTRK3,ABL2,0.36227545173115094
NTRK3,ZAP70,0.3672547039015083
NTRK3,SYK,0.4269676583103994
NTRK3,BTK,0.3856585896359792
NTRK3,ITK,0.3692213702427905
NTRK3,TEC,0.3939273765919979
NTRK3,BMX,0.3637179230965484
NTRK3,TXK,0.39457659863259686
NTRK3,TNK1,0.40904499327316257
NTRK3,TNK2,0.3535329705182021
NTRK3,CSK,0.41203875919506244
NTRK3,MATK,0.34399018778861906
NTRK3,FER,0.36637778211626254
NTRK3,FES,0.3823582111452709
NTRK3,LMTK2,0.4056943119510903
NTRK3,LMTK3,0.4068318852377599
AXL,MERTK,0.27744949055622
AXL,TYRO3,0.3000379730308711
AXL,DDR1,0.18839984713812036
AXL,DDR2,0.19165937267765393
AXL,RET,0.21951774138526042
AXL,ROR1,0.17661668230110272
AXL,ROR2,0.17712900420013333
AXL,MUSK,0.15293787167291006
AXL,AATK,0.4247636455765462
AXL,EPHA1,0.39779731278708685
AXL,EPHA2,0.4803049639461728
AXL,EPHA3,0.4373749884247951
AXL,EPHA4,0.3964877667729367
AXL,EPHA5,0.4609248786687462
AXL,EPHA6,0.37895224557635876
AXL,EPHA7,0.39806911016165875
AXL,EPHA8,0.417950495391601
AXL,EPHA10,0.38343182390295655
AXL,EPHB1,0.41632906612360426
AXL,EPHB2,0.4030567840675273
AXL,EPHB3,0.40342466720263936
AXL,EPHB4,0.39190269384456444
AXL,EPHB6,0.3829049371433071
AXL,ROS1,0.42818518410552203
AXL,RYK,0.4080924232937548
AXL,PTK7,0.39101548944180264
AXL,SRC,0.4531848762164198
AXL,YES1,0.4366005652495934
AXL,FYN,0.4390457947725245
AXL,LYN,0.42836323830003664
AXL,LCK,0.41556900852952927
AXL,HCK,0.4159779160573708
AXL,BLK,0.36017853541597117
AXL,FGR,0.4117873988120234
AXL,FRK,0.37756233927412863
AXL,PTK6,0.3999230237519135
AXL,SRMS,0.36745465717409226
AXL,PTK2,0.49762409181122175
AXL,PTK2B,0.38471564087511195
AXL,JAK1,0.40464402552776196
AXL,JAK2,0.4212429928256158
AXL,JAK3,0.40586094641330295
AXL,TYK2,0.38481102014039514
AXL,ABL1,0.4370610590265652
AXL,ABL2,0.3754556957820437
AXL,ZAP70,0.380434947952401
AXL,SYK,0.44014790236129214
AXL,BTK,0.3988388336868719
AXL,ITK,0.38240161429368325
AXL,TEC,0.40710762064289063
AXL,BMX,0.37689816714744107
AXL,TXK,0.4077568426834896
AXL,TNK1,0.42222523732405526
AXL,TNK2,0.36671321456909484
AXL,CSK,0.4252190032459552
AXL,MATK,0.3571704318395118
AXL,FER,0.3795580261671553
AXL,FES,0.39553845519616365
AXL,LMTK2,0.418874556001983
AXL,LMTK3,0.4200121292886526
MERTK,TYRO3,0.28268264473118165
MERTK,DDR1,0.19094451883843094
MERTK,DDR2,0.1942040443779645
MERTK,RET,0.222062413085571
MERTK,ROR1,0.1791613540014133
MERTK,ROR2,0.17967367590044392
MERTK,MUSK,0.15548254337322065
MERTK,AATK,0.42730831727685675
MERTK,EPHA1,0.4003419844873974
MERTK,EPHA2,0.42354963564648335
MERTK,EPHA3,0.4399196601251057
MERTK,EPHA4,0.39903243847324726
MERTK,EPHA5,0.4634695503690568
MERTK,EPHA6,0.38149691727666935
MERTK,EPHA7,0.4006137818619693
MERTK,EPHA8,0.42049516709191154
MERTK,EPHA10,0.38597649560326713
MERTK,EPHB1,0.41887373782391485
MERTK,EPHB2,0.40560145576783785
MERTK,EPHB3,0.40596933890294995
MERTK,EPHB4,0.394447365544875
MERTK,EPHB6,0.3854496088436177
MERTK,ROS1,0.4307298558058326
MERTK,RYK,0.4106370949940653
MERTK,PTK7,0.39356016114211323
MERTK,SRC,0.4557295479167303
MERTK,YES1,0.439145236949904
MERTK,FYN,0.44159046647283506
MERTK,LYN,0.4309079100003472
MERTK,LCK,0.41811368022983986
MERTK,HCK,0.41852258775768136
MERTK,BLK,0.36272320711628175
MERTK,FGR,0.414332070512334
MERTK,FRK,0.38010701097443916
MERTK,PTK6,0.4024676954522241
MERTK,SRMS,0.36999932887440284
MERTK,PTK2,0.5001687635115324
MERTK,PTK2B,0.38726031257542254
MERTK,JAK1,0.40718869722807255
MERTK,JAK2,0.42378766452592637
MERTK,JAK3,0.40840561811361353
MERTK,TYK2,0.38735569184070573
MERTK,ABL1,0.4396057307268758
MERTK,ABL2,0.37800036748235427
MERTK,ZAP70,0.38297961965271154
MERTK,SYK,0.4426925740616027
MERTK,BTK,0.4013835053871825
MERTK,ITK,0.38494628599399383
MERTK,TEC,0.4096522923432012
MERTK,BMX,0.37944283884775165
MERTK,TXK,0.4103015143838002
MERTK,TNK1,0.42476990902436584
MERTK,TNK2,0.36925788626940537
MERTK,CSK,0.4277636749462657
MERTK,MATK,0.3597151035398224
MERTK,FER,0.38210269786746587
MERTK,FES,0.39808312689647424
MERTK,LMTK2,0.42141922770229356
MERTK,LMTK3,0.4225568009889632
TYRO3,DDR1,0.20043300131308206
TYRO3,DDR2,0.20369252685261563
TYRO3,RET,0.23155089556022213
TYRO3,ROR1,0.18864983647606443
TYRO3,ROR2,0.18916215837509504
TYRO3,MUSK,0.16497102584787177
TYRO3,AATK,0.43679679975150787
TYRO3,EPHA1,0.4098304669620485
TYRO3,EPHA2,0.43303811812113446
TYRO3,EPHA3,0.4494081425997568
TYRO3,EPHA4,0.4085209209478984
TYRO3,EPHA5,0.4729580328437079
TYRO3,EPHA6,0.39098539975132046
TYRO3,EPHA7,0.41010226433662045
TYRO3,EPHA8,0.42998364956656265
TYRO3,EPHA10,0.39546497807791825
TYRO3,EPHB1,0.42836222029856597
TYRO3,EPHB2,0.41508993824248896
TYRO3,EPHB3,0.41545782137760107
TYRO3,EPHB4,0.4039358480195261
TYRO3,EPHB6,0.3949380913182688
TYRO3,ROS1,0.44021833828048373
TYRO3,RYK,0.4201255774687165
TYRO3,PTK7,0.4030486436167644
TYRO3,SRC,0.4652180303913815
TYRO3,YES1,0.4486337194245551
TYRO3,FYN,0.4510789489474862
TYRO3,LYN,0.44039639247499834
TYRO3,LCK,0.427602162704491
TYRO3,HCK,0.4280110702323325
TYRO3,BLK,0.37221168959093287
TYRO3,FGR,0.4238205529869851
TYRO3,FRK,0.3895954934490903
TYRO3,PTK6,0.4119561779268752
TYRO3,SRMS,0.37948781134905396
TYRO3,PTK2,0.5096572459861834
TYRO3,PTK2B,0.39674879505007365
TYRO3,JAK1,0.41667717970272367
TYRO3,JAK2,0.4332761470005775
TYRO3,JAK3,0.41789410058826465
TYRO3,TYK2,0.39684417431535685
TYRO3,ABL1,0.4490942132015269
TYRO3,ABL2,0.3874888499570054
TYRO3,ZAP70,0.3924681021273627
TYRO3,SYK,0.45218105653625384
TYRO3,BTK,0.4108719878618336
TYRO3,ITK,0.39443476846864495
TYRO3,TEC,0.41914077481785234
TYRO3,BMX,0.3889313213224028
TYRO3,TXK,0.4197899968584513
TYRO3,TNK1,0.43425839149901696
TYRO3,TNK2,0.37874636874405654
TYRO3,CSK,0.43725215742091683
TYRO3,MATK,0.3692035860144735
TYRO3,FER,0.391591180342117
TYRO3,FES,0.40757160937112535
TYRO3,LMTK2,0.43090771017694474
TYRO3,LMTK3,0.43204528346361437
DDR1,DDR2,0.22165440095986488
DDR1,RET,0.18481276966747137
DDR1,ROR1,0.1419117105833137
DDR1,ROR2,0.1424240324823443
DDR1,MUSK,0.11823289995512103
DDR1,AATK,0.39005867385875714
DDR1,EPHA1,0.3630923410692978
DDR1,EPHA2,0.43709999222838375
DDR1,EPHA3,0.4026700167070061
DDR1,EPHA4,0.36178279505514765
DDR1,EPHA5,0.4262199069509572
DDR1,EPHA6,0.34424727385856974
DDR1,EPHA7,0.36336413844386967
DDR1,EPHA8,0.3832455236738119
DDR1,EPHA10,0.3487268521851675
DDR1,EPHB1,0.38162409440581524
DDR1,EPHB2,0.36835181234973824
DDR1,EPHB3,0.3687196954848503
DDR1,EPHB4,0.35719772212677536
DDR1,EPHB6,0.34819996542551807
DDR1,ROS1,0.393480212387733
DDR1,RYK,0.3733874515759657
DDR1,PTK7,0.3563105177240136
DDR1,SRC,0.4184799044986307
DDR1,YES1,0.4018955935318044
DDR1,FYN,0.4043408230547354
DDR1,LYN,0.3936582665822476
DDR1,LCK,0.3808640368117402
DDR1,HCK,0.3812729443395817
DDR1,BLK,0.32547356369818214
DDR1,FGR,0.3770824270942344
DDR1,FRK,0.34285736755633955
DDR1,PTK6,0.3652180520341245
DDR1,SRMS,0.33274968545630323
DDR1,PTK2,0.46291912009343267
DDR1,PTK2B,0.35001066915732293
DDR1,JAK1,0.36993905380997294
DDR1,JAK2,0.38653802110782676
DDR1,JAK3,0.37115597469551387
DDR1,TYK2,0.3501060484226061
DDR1,ABL1,0.4023560873087762
DDR1,ABL2,0.34075072406425466
DDR1,ZAP70,0.34572997623461194
DDR1,SYK,0.40544293064350306
DDR1,BTK,0.3641338619690829
DDR1,ITK,0.34769664257589417
DDR1,TEC,0.37240264892510155
DDR1,BMX,0.34219319542965204
DDR1,TXK,0.3730518709657006
DDR1,TNK1,0.38752026560626623
DDR1,TNK2,0.3320082428513058
DDR1,CSK,0.3905140315281661
DDR1,MATK,0.3224654601217227
DDR1,FER,0.3448530544493662
DDR1,FES,0.36083348347837463
DDR1,LMTK2,0.38416958428419395
DDR1,LMTK3,0.3853071575708636
DDR2,RET,0.18807229520700494
DDR2,ROR1,0.14517123612284727
DDR2,ROR2,0.14568355802187788
DDR2,MUSK,0.1214924254946546
DDR2,AATK,0.3933181993982907
DDR2,EPHA1,0.36635186660883134
DDR2,EPHA2,0.3895595177679173
DDR2,EPHA3,0.40592954224653965
DDR2,EPHA4,0.3650423205946812
DDR2,EPHA5,0.42947943249049075
DDR2,EPHA6,0.3475067993981033
DDR2,EPHA7,0.36662366398340324
DDR2,EPHA8,0.3865050492133455
DDR2,EPHA10,0.3519863777247011
DDR2,EPHB1,0.3848836199453488
DDR2,EPHB2,0.3716113378892718
DDR2,EPHB3,0.37197922102438385
DDR2,EPHB4,0.36045724766630893
DDR2,EPHB6,0.35145949096505164
DDR2,ROS1,0.3967397379272666
DDR2,RYK,0.37664697711549927
DDR2,PTK7,0.3595700432635472
DDR2,SRC,0.4217394300381643
DDR2,YES1,0.40515511907133794
DDR2,FYN,0.40760034859426897
DDR2,LYN,0.3969177921217812
DDR2,LCK,0.38412356235127376
DDR2,HCK,0.38453246987911527
DDR2,BLK,0.3287330892377157
DDR2,FGR,0.38034195263376797
DDR2,FRK,0.3461168930958731
DDR2,PTK6,0.36847757757365807
DDR2,SRMS,0.3360092109958368
DDR2,PTK2,0.46617864563296624
DDR2,PTK2B,0.3532701946968565
DDR2,JAK1,0.3731985793495065
DDR2,JAK2,0.3897975466473603
DDR2,JAK3,0.37441550023504744
DDR2,TYK2,0.3533655739621397
DDR2,ABL1,0.40561561284830977
DDR2,ABL2,0.34401024960378823
DDR2,ZAP70,0.3489895017741455
DDR2,SYK,0.40870245618303663
DDR2,BTK,0.36739338750861644
DDR2,ITK,0.35095616811542774
DDR2,TEC,0.3756621744646351
DDR2,BMX,0.3454527209691856
DDR2,TXK,0.37631139650523415
DDR2,TNK1,0.3907797911457998
DDR2,TNK2,0.3352677683908394
DDR2,CSK,0.3937735570676997
DDR2,MATK,0.3257249856612563
DDR2,FER,0.3481125799888998
DDR2,FES,0.3640930090179082
DDR2,LMTK2,0.3874291098237275
DDR2,LMTK3,0.38856668311039716
RET,ROR1,0.17302960483045376
RET,ROR2,0.17354192672948437
RET,MUSK,0.1493507942022611
RET,AATK,0.4211765681058972
RET,EPHA1,0.39421023531643784
RET,EPHA2,0.4174178864755238
RET,EPHA3,0.43378791095414615
RET,EPHA4,0.3929006893022877
RET,EPHA5,0.45733780119809725
RET,EPHA6,0.3753651681057098
RET,EPHA7,0.39448203269100973
RET,EPHA8,0.414363417920952
RET,EPHA10,0.3798447464323076
RET,EPHB1,0.4127419886529553
RET,EPHB2,0.3994697065968783
RET,EPHB3,0.39983758973199035
RET,EPHB4,0.38831561637391543
RET,EPHB6,0.37931785967265813
RET,ROS1,0.4245981066348731
RET,RYK,0.40450534582310577
RET,PTK7,0.3874284119711537
RET,SRC,0.44959779874577077
RET,YES1,0.43301348777894444
RET,FYN,0.43545871730187546
RET,LYN,0.4247761608293877
RET,LCK,0.41198193105888026
RET,HCK,0.41239083858672176
RET,BLK,0.3565914579453222
RET,FGR,0.40820032134137446
RET,FRK,0.3739752618034796
RET,PTK6,0.39633594628126456
RET,SRMS,0.3638675797034433
RET,PTK2,0.49403701434057273
RET,PTK2B,0.381128563404463
RET,JAK1,0.401056948057113
RET,JAK2,0.4176559153549668
RET,JAK3,0.40227386894265393
RET,TYK2,0.3812239426697462
RET,ABL1,0.43347398155591627
RET,ABL2,0.3718686183113947
RET,ZAP70,0.376847870481752
RET,SYK,0.43656082489064313
RET,BTK,0.39525175621622294
RET,ITK,0.37881453682303423
RET,TEC,0.4035205431722416
RET,BMX,0.3733110896767921
RET,TXK,0.40416976521284065
RET,TNK1,0.4186381598534063
RET,TNK2,0.3631261370984459
RET,CSK,0.42163192577530617
RET,MATK,0.3535833543688628
RET,FER,0.37597094869650627
RET,FES,0.3919513777255147
RET,LMTK2,0.415287478531334
RET,LMTK3,0.41642505181800366
ROR1,ROR2,0.2231408676453267
ROR1,MUSK,0.1064497351181034
ROR1,AATK,0.3782755090217395
ROR1,EPHA1,0.35130917623228014
ROR1,EPHA2,0.3745168273913661
ROR1,EPHA3,0.39088685186998845
ROR1,EPHA4,0.34999963021813
ROR1,EPHA5,0.41443674211393955
ROR1,EPHA6,0.3324641090215521
ROR1,EPHA7,0.35158097360685203
ROR1,EPHA8,0.3714623588367943
ROR1,EPHA10,0.3369436873481499
ROR1,EPHB1,0.3698409295687976
ROR1,EPHB2,0.3565686475127206
ROR1,EPHB3,0.3569365306478327
ROR1,EPHB4,0.34541455728975773
ROR1,EPHB6,0.33641680058850043
ROR1,ROS1,0.3816970475507154
ROR1,RYK,0.36160428673894807
ROR1,PTK7,0.344527352886996
ROR1,SRC,0.4066967396616131
ROR1,YES1,0.39011242869478674
ROR1,FYN,0.3925576582177178
ROR1,LYN,0.38187510174523
ROR1,LCK,0.3690808719747226
ROR1,HCK,0.3694897795025641
ROR1,BLK,0.3136903988611645
ROR1,FGR,0.36529926225721676
ROR1,FRK,0.3310742027193219
ROR1,PTK6,0.35343488719710686
ROR1,SRMS,0.3209665206192856
ROR1,PTK2,0.4511359552564151
ROR1,PTK2B,0.3382275043203053
ROR1,JAK1,0.3581558889729553
ROR1,JAK2,0.3747548562708091
ROR1,JAK3,0.3593728098584963
ROR1,TYK2,0.3383228835855885
ROR1,ABL1,0.39057292247175857
ROR1,ABL2,0.328967559227237
ROR1,ZAP70,0.3339468113975943
ROR1,SYK,0.39365976580648543
ROR1,BTK,0.35235069713206524
ROR1,ITK,0.3359134777388766
ROR1,TEC,0.360619484088084
ROR1,BMX,0.3304100305926344
ROR1,TXK,0.36126870612868295
ROR1,TNK1,0.3757371007692486
ROR1,TNK2,0.3202250780142881
ROR1,CSK,0.37873086669114847
ROR1,MATK,0.31068229528470515
ROR1,FER,0.3330698896123486
ROR1,FES,0.349050318641357
ROR1,LMTK2,0.3723864194471763
ROR1,LMTK3,0.37352399273384596
ROR2,MUSK,0.10696205701713402
ROR2,AATK,0.3787878309207701
ROR2,EPHA1,0.35182149813131075
ROR2,EPHA2,0.3750291492903967
ROR2,EPHA3,0.39139917376901906
ROR2,EPHA4,0.35051195211716063
ROR2,EPHA5,0.41494906401297016
ROR2,EPHA6,0.3329764309205827
ROR2,EPHA7,0.35209329550588264
ROR2,EPHA8,0.3719746807358249
ROR2,EPHA10,0.3374560092471805
ROR2,EPHB1,0.3703532514678282
ROR2,EPHB2,0.3570809694117512
ROR2,EPHB3,0.3574488525468633
ROR2,EPHB4,0.34592687918878834
ROR2,EPHB6,0.33692912248753104
ROR2,ROS1,0.382209369449746
ROR2,RYK,0.3621166086379787
ROR2,PTK7,0.3450396747860266
ROR2,SRC,0.40720906156064374
ROR2,YES1,0.39062475059381735
ROR2,FYN,0.39306998011674843
ROR2,LYN,0.3823874236442606
ROR2,LCK,0.3695931938737532
ROR2,HCK,0.37000210140159473
ROR2,BLK,0.3142027207601951
ROR2,FGR,0.36581158415624737
ROR2,FRK,0.33158652461835253
ROR2,PTK6,0.35394720909613747
ROR2,SRMS,0.3214788425183162
ROR2,PTK2,0.4516482771554457
ROR2,PTK2B,0.3387398262193359
ROR2,JAK1,0.3586682108719859
ROR2,JAK2,0.37526717816983973
ROR2,JAK3,0.3598851317575269
ROR2,TYK2,0.3388352054846191
ROR2,ABL1,0.3910852443707892
ROR2,ABL2,0.32947988112626764
ROR2,ZAP70,0.3344591332966249
ROR2,SYK,0.39417208770551604
ROR2,BTK,0.35286301903109585
ROR2,ITK,0.3364257996379072
ROR2,TEC,0.3611318059871146
ROR2,BMX,0.330922352491665
ROR2,TXK,0.36178102802771356
ROR2,TNK1,0.3762494226682792
ROR2,TNK2,0.32073739991331873
ROR2,CSK,0.3792431885901791
ROR2,MATK,0.31119461718373576
ROR2,FER,0.33358221151137923
ROR2,FES,0.3495626405403876
ROR2,LMTK2,0.37289874134620693
ROR2,LMTK3,0.37403631463287657
MUSK,AATK,0.35459669839354685
MUSK,EPHA1,0.3276303656040875
MUSK,EPHA2,0.35083801676317344
MUSK,EPHA3,0.3672080412417958
MUSK,EPHA4,0.32632081958993736
MUSK,EPHA5,0.3907579314857469
MUSK,EPHA6,0.30878529839335944
MUSK,EPHA7,0.3279021629786594
MUSK,EPHA8,0.34778354820860163
MUSK,EPHA10,0.31326487671995723
MUSK,EPHB1,0.34616211894060495
MUSK,EPHB2,0.33288983688452795
MUSK,EPHB3,0.33325772001964005
MUSK,EPHB4,0.32173574666156507
MUSK,EPHB6,0.31273798996030777
MUSK,ROS1,0.3580182369225227
MUSK,RYK,0.3379254761107554
MUSK,PTK7,0.3208485422588033
MUSK,SRC,0.38301792903342047
MUSK,YES1,0.3664336180665941
MUSK,FYN,0.36887884758952516
MUSK,LYN,0.3581962911170373
MUSK,LCK,0.34540206134652995
MUSK,HCK,0.34581096887437146
MUSK,BLK,0.29001158823297185
MUSK,FGR,0.3416204516290241
MUSK,FRK,0.30739539209112926
MUSK,PTK6,0.3297560765689142
MUSK,SRMS,0.29728770999109294
MUSK,PTK2,0.4274571446282224
MUSK,PTK2B,0.31454869369211264
MUSK,JAK1,0.33447707834476265
MUSK,JAK2,0.35107604564261646
MUSK,JAK3,0.33569399923030363
MUSK,TYK2,0.3146440729573958
MUSK,ABL1,0.3668941118435659
MUSK,ABL2,0.30528874859904437
MUSK,ZAP70,0.31026800076940164
MUSK,SYK,0.36998095517829277
MUSK,BTK,0.3286718865038726
MUSK,ITK,0.31223466711068393
MUSK,TEC,0.3369406734598913
MUSK,BMX,0.30673121996444175
MUSK,TXK,0.3375898955004903
MUSK,TNK1,0.35205829014105594
MUSK,TNK2,0.29654626738609546
MUSK,CSK,0.3550520560629558
MUSK,MATK,0.2870034846565125
MUSK,FER,0.30939107898415596
MUSK,FES,0.32537150801316433
MUSK,LMTK2,0.34870760881898366
MUSK,LMTK3,0.3498451821056533
AATK,EPHA1,0.39945613950772363
AATK,EPHA2,0.42266379066680954
AATK,EPHA3,0.4390338151454319
AATK,EPHA4,0.39814659349357345
AATK,EPHA5,0.462583705389383
AATK,EPHA6,0.38061107229699553
AATK,EPHA7,0.3997279368822955
AATK,EPHA8,0.4196093221122378
AATK,EPHA10,0.3850906506235933
AATK,EPHB1,0.41798789284424104
AATK,EPHB2,0.4047156107881641
AATK,EPHB3,0.40508349392327614
AATK,EPHB4,0.3935615205652012
AATK,EPHB6,0.38456376386394386
AATK,ROS1,0.4298440108261588
AATK,RYK,0.40975125001439155
AATK,PTK7,0.3926743161624394
AATK,SRC,0.45484370293705656
AATK,YES1,0.43825939197023017
AATK,FYN,0.44070462149316125
AATK,LYN,0.4300220650206734
AATK,LCK,0.41722783525016605
AATK,HCK,0.41763674277800755
AATK,BLK,0.36183736213660794
AATK,FGR,0.4134462255326602
AATK,FRK,0.3792211659947654
AATK,PTK6,0.4015818504725503
AATK,SRMS,0.36911348389472903
AATK,PTK2,0.4992829185318585
AATK,PTK2B,0.3863744675957487
AATK,JAK1,0.40630285224839874
AATK,JAK2,0.42290181954625256
AATK,JAK3,0.4075197731339397
AATK,TYK2,0.3864698468610319
AATK,ABL1,0.438719885747202
AATK,ABL2,0.37711452250268046
AATK,ZAP70,0.3820937746730378
AATK,SYK,0.4418067290819289
AATK,BTK,0.40049766040750867
AATK,ITK,0.38406044101432
AATK,TEC,0.4087664473635274
AATK,BMX,0.37855699386807784
AATK,TXK,0.4094156694041264
AATK,TNK1,0.42388406404469203
AATK,TNK2,0.3683720412897316
AATK,CSK,0.42687782996659196
AATK,MATK,0.3588292585601486
AATK,FER,0.38121685288779206
AATK,FES,0.3971972819168004
AATK,LMTK2,0.42053338272261975
AATK,LMTK3,0.4216709560092894
EPHA1,EPHA2,0.2932974578773502
EPHA1,EPHA3,0.2774674823559725
EPHA1,EPHA4,0.24028026070411407
EPHA1,EPHA5,0.3000173725999236
EPHA1,EPHA6,0.21874473950753615
EPHA1,EPHA7,0.23756160409283616
EPHA1,EPHA8,0.24074298932277838
EPHA1,EPHA10,0.20632431783413394
EPHA1,EPHB1,0.2624215600547817
EPHA1,EPHB2,0.2343492779987047
EPHA1,EPHB3,0.37811716113381677
EPHA1,EPHB4,0.36659518777574185
EPHA1,EPHB6,0.3575974310744845
EPHA1,ROS1,0.40287767803669944
EPHA1,RYK,0.3827849172249322
EPHA1,PTK7,0.36570798337298005
EPHA1,SRC,0.4278773701475972
EPHA1,YES1,0.4112930591807708
EPHA1,FYN,0.4137382887037019
EPHA1,LYN,0.40305573223121405
EPHA1,LCK,0.3902615024607067
EPHA1,HCK,0.3906704099885482
EPHA1,BLK,0.3348710293471486
EPHA1,FGR,0.3864798927432008
EPHA1,FRK,0.35225483320530604
EPHA1,PTK6,0.3746155176830909
EPHA1,SRMS,0.34214715110526966
EPHA1,PTK2,0.47231658574239915
EPHA1,PTK2B,0.35940813480628936
EPHA1,JAK1,0.37933651945893937
EPHA1,JAK2,0.3959354867567932
EPHA1,JAK3,0.38055344034448035
EPHA1,TYK2,0.35950351407157255
EPHA1,ABL1,0.41175355295774263
EPHA1,ABL2,0.3501481897132211
EPHA1,ZAP70,0.3551274418835784
EPHA1,SYK,0.41484039629246955
EPHA1,BTK,0.3735313276180493
EPHA1,ITK,0.35709410822486065
EPHA1,TEC,0.38180011457406804
EPHA1,BMX,0.35159066107861847
EPHA1,TXK,0.382449336614667
EPHA1,TNK1,0.39691773125523266
EPHA1,TNK2,0.34140570850027224
EPHA1,CSK,0.3999114971771326
EPHA1,MATK,0.3318629257706892
EPHA1,FER,0.3542505200983327
EPHA1,FES,0.37023094912734106
EPHA1,LMTK2,0.3935670499331604
EPHA1,LMTK3,0.39470462321983
EPHA2,EPHA3,0.28987513351505845
EPHA2,EPHA4,0.2751879118632
EPHA2,EPHA5,0.33012502375900954
EPHA2,EPHA6,0.2620523906666221
EPHA2,EPHA7,0.27826925525192203
EPHA2,EPHA8,0.26705064048186433
EPHA2,EPHA10,0.2267319689932199
EPHA2,EPHB1,0.2854292112138676
EPHA2,EPHB2,0.28605692915779063
EPHA2,EPHB3,0.4013248122929027
EPHA2,EPHB4,0.38980283893482776
EPHA2,EPHB6,0.38080508223357046
EPHA2,ROS1,0.42608532919578535
EPHA2,RYK,0.4059925683840181
EPHA2,PTK7,0.388915634532066
EPHA2,SRC,0.4510850213066831
EPHA2,YES1,0.43450071033985677
EPHA2,FYN,0.4369459398627878
EPHA2,LYN,0.4262633833903
EPHA2,LCK,0.41346915361979264
EPHA2,HCK,0.41387806114763415
EPHA2,BLK,0.35807868050623454
EPHA2,FGR,0.4096875439022868
EPHA2,FRK,0.37546248436439195
EPHA2,PTK6,0.3978231688421769
EPHA2,SRMS,0.3653548022643556
EPHA2,PTK2,0.49552423690148506
EPHA2,PTK2B,0.38261578596537527
EPHA2,JAK1,0.4025441706180253
EPHA2,JAK2,0.4191431379158791
EPHA2,JAK3,0.40376109150356626
EPHA2,TYK2,0.3827111652306585
EPHA2,ABL1,0.4349612041168286
EPHA2,ABL2,0.373355840872307
EPHA2,ZAP70,0.3783350930426643
EPHA2,SYK,0.43804804745155546
EPHA2,BTK,0.39673897877713526
EPHA2,ITK,0.38030175938394656
EPHA2,TEC,0.40500776573315395
EPHA2,BMX,0.37479831223770443
EPHA2,TXK,0.4056569877737529
EPHA2,TNK1,0.4201253824143186
EPHA2,TNK2,0.36461335965935815
EPHA2,CSK,0.4231191483362185
EPHA2,MATK,0.3550705769297752
EPHA2,FER,0.37745817125741865
EPHA2,FES,0.39343860028642696
EPHA2,LMTK2,0.41677470109224635
EPHA2,LMTK3,0.417912274378916
EPHA3,EPHA4,0.2942579363418224
EPHA3,EPHA5,0.3635950482376319
EPHA3,EPHA6,0.26132241514524446
EPHA3,EPHA7,0.30473927973054443
EPHA3,EPHA8,0.29462066496048667
EPHA3,EPHA10,0.24080199347184225
EPHA3,EPHB1,0.28359923569248996
EPHA3,EPHB2,0.29452695363641296
EPHA3,EPHB3,0.4176948367715251
EPHA3,EPHB4,0.4061728634134501
EPHA3,EPHB6,0.3971751067121928
EPHA3,ROS1,0.44245535367440775
EPHA3,RYK,0.42236259286264044
EPHA3,PTK7,0.40528565901068836
EPHA3,SRC,0.46745504578530545
EPHA3,YES1,0.4508707348184791
EPHA3,FYN,0.45331596434141014
EPHA3,LYN,0.44263340786892236
EPHA3,LCK,0.429839178098415
EPHA3,HCK,0.4302480856262565
EPHA3,BLK,0.3744487049848569
EPHA3,FGR,0.42605756838090914
EPHA3,FRK,0.3918325088430143
EPHA3,PTK6,0.41419319332079924
EPHA3,SRMS,0.381724826742978
EPHA3,PTK2,0.5118942613801074
EPHA3,PTK2B,0.39898581044399767
EPHA3,JAK1,0.4189141950966477
EPHA3,JAK2,0.4355131623945015
EPHA3,JAK3,0.42013111598218866
EPHA3,TYK2,0.39908118970928086
EPHA3,ABL1,0.45133122859545094
EPHA3,ABL2,0.3897258653509294
EPHA3,ZAP70,0.3947051175212867
EPHA3,SYK,0.45441807193017786
EPHA3,BTK,0.4131090032557576
EPHA3,ITK,0.39667178386256896
EPHA3,TEC,0.42137779021177635
EPHA3,BMX,0.3911683367163268
EPHA3,TXK,0.4220270122523753
EPHA3,TNK1,0.436495406892941
EPHA3,TNK2,0.3809833841379805
EPHA3,CSK,0.43948917281484084
EPHA3,MATK,0.3714406014083975
EPHA3,FER,0.393828195736041
EPHA3,FES,0.40980862476504937
EPHA3,LMTK2,0.4331447255708687
EPHA3,LMTK3,0.43428229885753833
EPHA4,EPHA5,0.3102078265857735
EPHA4,EPHA6,0.21603519349338604
EPHA4,EPHA7,0.244052058078686
EPHA4,EPHA8,0.25373344330862824
EPHA4,EPHA10,0.20201477181998384
EPHA4,EPHB1,0.26511201404063156
EPHA4,EPHB2,0.26793973198455456
EPHA4,EPHB3,0.37680761511966665
EPHA4,EPHB4,0.3652856417615917
EPHA4,EPHB6,0.3562878850603344
EPHA4,ROS1,0.4015681320225493
EPHA4,RYK,0.381475371210782
EPHA4,PTK7,0.36439843735882993
EPHA4,SRC,0.42656782413344707
EPHA4,YES1,0.4099835131666207
EPHA4,FYN,0.41242874268955176
EPHA4,LYN,0.4017461862170639
EPHA4,LCK,0.38895195644655656
EPHA4,HCK,0.38936086397439806
EPHA4,BLK,0.33356148333299845
EPHA4,FGR,0.3851703467290507
EPHA4,FRK,0.35094528719115586
EPHA4,PTK6,0.3733059716689408
EPHA4,SRMS,0.34083760509111954
EPHA4,PTK2,0.47100703972824903
EPHA4,PTK2B,0.35809858879213924
EPHA4,JAK1,0.37802697344478925
EPHA4,JAK2,0.39462594074264307
EPHA4,JAK3,0.37924389433033023
EPHA4,TYK2,0.35819396805742243
EPHA4,ABL1,0.4104440069435925
EPHA4,ABL2,0.34883864369907097
EPHA4,ZAP70,0.35381789586942824
EPHA4,SYK,0.4135308502783194
EPHA4,BTK,0.3722217816038992
EPHA4,ITK,0.35578456221071053
EPHA4,TEC,0.3804905685599179
EPHA4,BMX,0.35028111506446835
EPHA4,TXK,0.3811397906005169
EPHA4,TNK1,0.39560818524108254
EPHA4,TNK2,0.34009616248612207
EPHA4,CSK,0.3986019511629824
EPHA4,MATK,0.3305533797565391
EPHA4,FER,0.35294097408418257
EPHA4,FES,0.36892140311319094
EPHA4,LMTK2,0.39225750391901026
EPHA4,LMTK3,0.3933950772056799
EPHA5,EPHA6,0.2830723053891956
EPHA5,EPHA7,0.3046891699744955
EPHA5,EPHA8,0.31777055520443775
EPHA5,EPHA10,0.2663518837157933
EPHA5,EPHB1,0.32384912593644105
EPHA5,EPHB2,0.3112768438803641
EPHA5,EPHB3,0.4412447270154761
EPHA5,EPHB4,0.4297227536574012
EPHA5,EPHB6,0.4207249969561439
EPHA5,ROS1,0.46600524391835885
EPHA5,RYK,0.4459124831065916
EPHA5,PTK7,0.42883554925463946
EPHA5,SRC,0.4910049360292566
EPHA5,YES1,0.4744206250624302
EPHA5,FYN,0.4768658545853613
EPHA5,LYN,0.46618329811287346
EPHA5,LCK,0.4533890683423661
EPHA5,HCK,0.4537979758702076
EPHA5,BLK,0.397998595228808
EPHA5,FGR,0.44960745862486023
EPHA5,FRK,0.4153823990869654
EPHA5,PTK6,0.43774308356475033
EPHA5,SRMS,0.4052747169869291
EPHA5,PTK2,0.5354441516240585
EPHA5,PTK2B,0.42253570068794877
EPHA5,JAK1,0.4424640853405988
EPHA5,JAK2,0.4590630526384526
EPHA5,JAK3,0.4436810062261397
EPHA5,TYK2,0.42263107995323196
EPHA5,ABL1,0.47488111883940204
EPHA5,ABL2,0.4132757555948805
EPHA5,ZAP70,0.41825500776523783
EPHA5,SYK,0.4779679621741289
EPHA5,BTK,0.4366588934997087
EPHA5,ITK,0.42022167410652
EPHA5,TEC,0.4449276804557274
EPHA5,BMX,0.4147182269602779
EPHA5,TXK,0.4455769024963264
EPHA5,TNK1,0.4600452971368921
EPHA5,TNK2,0.40453327438193165
EPHA5,CSK,0.46303906305879194
EPHA5,MATK,0.3949904916523486
EPHA5,FER,0.4173780859799921
EPHA5,FES,0.43335851500900047
EPHA5,LMTK2,0.4566946158148198
EPHA5,LMTK3,0.45783218910148943
EPHA6,EPHA7,0.21341653688210807
EPHA6,EPHA8,0.24009792211205033
EPHA6,EPHA10,0.18447925062340592
EPHA6,EPHB1,0.24447649284405362
EPHA6,EPHB2,0.22530421078797663
EPHA6,EPHB3,0.3592720939230887
EPHA6,EPHB4,0.34775012056501375
EPHA6,EPHB6,0.33875236386375646
EPHA6,ROS1,0.3840326108259714
EPHA6,RYK,0.36393985001420415
EPHA6,PTK7,0.346862916162252
EPHA6,SRC,0.4090323029368691
EPHA6,YES1,0.39244799197004276
EPHA6,FYN,0.3948932214929738
EPHA6,LYN,0.384210665020486
EPHA6,LCK,0.37141643524997864
EPHA6,HCK,0.37182534277782014
EPHA6,BLK,0.31602596213642054
EPHA6,FGR,0.3676348255324728
EPHA6,FRK,0.33340976599457794
EPHA6,PTK6,0.3557704504723629
EPHA6,SRMS,0.3233020838945416
EPHA6,PTK2,0.45347151853167106
EPHA6,PTK2B,0.3405630675955613
EPHA6,JAK1,0.36049145224821133
EPHA6,JAK2,0.37709041954606515
EPHA6,JAK3,0.36170837313375226
EPHA6,TYK2,0.3406584468608445
EPHA6,ABL1,0.3929084857470146
EPHA6,ABL2,0.33130312250249305
EPHA6,ZAP70,0.3362823746728504
EPHA6,SYK,0.3959953290817415
EPHA6,BTK,0.35468626040732126
EPHA6,ITK,0.33824904101413256
EPHA6,TEC,0.36295504736333994
EPHA6,BMX,0.33274559386789043
EPHA6,TXK,0.363604269403939
EPHA6,TNK1,0.3780726640445046
EPHA6,TNK2,0.3225606412895442
EPHA6,CSK,0.3810664299664045
EPHA6,MATK,0.31301785855996117
EPHA6,FER,0.33540545288760465
EPHA6,FES,0.351385881916613
EPHA6,LMTK2,0.37472198272243235
EPHA6,LMTK3,0.375859556009102
EPHA7,EPHA8,0.25461478669735027
EPHA7,EPHA10,0.24409611520870586
EPHA7,EPHB1,0.24459335742935356
EPHA7,EPHB2,0.2397210753732766
EPHA7,EPHB3,0.37838895850838866
EPHA7,EPHB4,0.36686698515031374
EPHA7,EPHB6,0.35786922844905644
EPHA7,ROS1,0.40314947541127133
EPHA7,RYK,0.3830567145995041
EPHA7,PTK7,0.365979780747552
EPHA7,SRC,0.4281491675221691
EPHA7,YES1,0.4115648565553427
EPHA7,FYN,0.4140100860782738
EPHA7,LYN,0.403327529605786
EPHA7,LCK,0.39053329983527857
EPHA7,HCK,0.3909422073631201
EPHA7,BLK,0.33514282672172047
EPHA7,FGR,0.3867516901177728
EPHA7,FRK,0.35252663057987793
EPHA7,PTK6,0.3748873150576628
EPHA7,SRMS,0.34241894847984156
EPHA7,PTK2,0.47258838311697104
EPHA7,PTK2B,0.35967993218086125
EPHA7,JAK1,0.37960831683351126
EPHA7,JAK2,0.3962072841313651
EPHA7,JAK3,0.38082523771905225
EPHA7,TYK2,0.3597753114461445
EPHA7,ABL1,0.4120253503323146
EPHA7,ABL2,0.350419987087793
EPHA7,ZAP70,0.3553992392581503
EPHA7,SYK,0.41511219366704144
EPHA7,BTK,0.37380312499262125
EPHA7,ITK,0.35736590559943254
EPHA7,TEC,0.38207191194863993
EPHA7,BMX,0.3518624584531904
EPHA7,TXK,0.3827211339892389
EPHA7,TNK1,0.3971895286298046
EPHA7,TNK2,0.34167750587484413
EPHA7,CSK,0.4001832945517045
EPHA7,MATK,0.3321347231452611
EPHA7,FER,0.3545223174729046
EPHA7,FES,0.37050274650191295
EPHA7,LMTK2,0.39383884730773233
EPHA7,LMTK3,0.39497642059440197
EPHA8,EPHA10,0.2316775004386481
EPHA8,EPHB1,0.2671747426592958
EPHA8,EPHB2,0.2542024606032188
EPHA8,EPHB3,0.3982703437383309
EPHA8,EPHB4,0.386748370380256
EPHA8,EPHB6,0.37775061367899865
EPHA8,ROS1,0.4230308606412136
EPHA8,RYK,0.40293809982944634
EPHA8,PTK7,0.3858611659774942
EPHA8,SRC,0.44803055275211134
EPHA8,YES1,0.43144624178528496
EPHA8,FYN,0.43389147130821604
EPHA8,LYN,0.4232089148357282
EPHA8,LCK,0.41041468506522083
EPHA8,HCK,0.41082359259306234
EPHA8,BLK,0.3550242119516627
EPHA8,FGR,0.406633075347715
EPHA8,FRK,0.3724080158098202
EPHA8,PTK6,0.3947687002876051
EPHA8,SRMS,0.3623003337097838
EPHA8,PTK2,0.4924697683469133
EPHA8,PTK2B,0.3795613174108035
EPHA8,JAK1,0.3994897020634535
EPHA8,JAK2,0.41608866936130734
EPHA8,JAK3,0.4007066229489945
EPHA8,TYK2,0.3796566966760867
EPHA8,ABL1,0.4319067355622568
EPHA8,ABL2,0.37030137231773524
EPHA8,ZAP70,0.3752806244880926
EPHA8,SYK,0.4349935788969837
EPHA8,BTK,0.39368451022256346
EPHA8,ITK,0.3772472908293748
EPHA8,TEC,0.4019532971785822
EPHA8,BMX,0.3717438436831326
EPHA8,TXK,0.40260251921918117
EPHA8,TNK1,0.4170709138597468
EPHA8,TNK2,0.3615588911047864
EPHA8,CSK,0.42006467978164674
EPHA8,MATK,0.35201610837520336
EPHA8,FER,0.37440370270284684
EPHA8,FES,0.3903841317318552
EPHA8,LMTK2,0.41372023253767454
EPHA8,LMTK3,0.4148578058243442
EPHA10,EPHB1,0.24355607117065142
EPHA10,EPHB2,0.2170837891145744
EPHA10,EPHB3,0.3637516722496865
EPHA10,EPHB4,0.35222969889161154
EPHA10,EPHB6,0.34323194219035424
EPHA10,ROS1,0.3885121891525692
EPHA10,RYK,0.3684194283408019
EPHA10,PTK7,0.3513424944888498
EPHA10,SRC,0.41351188126346694
EPHA10,YES1,0.39692757029664055
EPHA10,FYN,0.39937279981957163
EPHA10,LYN,0.3886902433470838
EPHA10,LCK,0.3758960135765764
EPHA10,HCK,0.37630492110441793
EPHA10,BLK,0.3205055404630183
EPHA10,FGR,0.3721144038590706
EPHA10,FRK,0.33788934432117573
EPHA10,PTK6,0.3602500287989607
EPHA10,SRMS,0.3277816622211394
EPHA10,PTK2,0.4579510968582689
EPHA10,PTK2B,0.3450426459221591
EPHA10,JAK1,0.3649710305748091
EPHA10,JAK2,0.38156999787266294
EPHA10,JAK3,0.3661879514603501
EPHA10,TYK2,0.3451380251874423
EPHA10,ABL1,0.3973880640736124
EPHA10,ABL2,0.33578270082909084
EPHA10,ZAP70,0.3407619529994481
EPHA10,SYK,0.40047490740833924
EPHA10,BTK,0.35916583873391905
EPHA10,ITK,0.3427286193407304
EPHA10,TEC,0.3674346256899378
EPHA10,BMX,0.3372251721944882
EPHA10,TXK,0.36808384773053676
EPHA10,TNK1,0.3825522423711024
EPHA10,TNK2,0.32704021961614194
EPHA10,CSK,0.3855460082930023
EPHA10,MATK,0.31749743688655896
EPHA10,FER,0.33988503121420244
EPHA10,FES,0.3558654602432108
EPHA10,LMTK2,0.37920156104903013
EPHA10,LMTK3,0.38033913433569977
EPHB1,EPHB2,0.2589810313352221
EPHB1,EPHB3,0.3966489144703342
EPHB1,EPHB4,0.38512694111225926
EPHB1,EPHB6,0.37612918441100196
EPHB1,ROS1,0.42140943137321685
EPHB1,RYK,0.4013166705614496
EPHB1,PTK7,0.3842397367094975
EPHB1,SRC,0.4464091234841146
EPHB1,YES1,0.42982481251728827
EPHB1,FYN,0.4322700420402193
EPHB1,LYN,0.4215874855677315
EPHB1,LCK,0.40879325579722414
EPHB1,HCK,0.40920216332506565
EPHB1,BLK,0.35340278268366604
EPHB1,FGR,0.4050116460797183
EPHB1,FRK,0.37078658654182345
EPHB1,PTK6,0.3931472710196084
EPHB1,SRMS,0.36067890444178713
EPHB1,PTK2,0.49084833907891656
EPHB1,PTK2B,0.37793988814280677
EPHB1,JAK1,0.3978682727954568
EPHB1,JAK2,0.4144672400933106
EPHB1,JAK3,0.39908519368099776
EPHB1,TYK2,0.37803526740809
EPHB1,ABL1,0.4302853062942601
EPHB1,ABL2,0.3686799430497385
EPHB1,ZAP70,0.37365919522009583
EPHB1,SYK,0.43337214962898696
EPHB1,BTK,0.39206308095456677
EPHB1,ITK,0.37562586156137806
EPHB1,TEC,0.40033186791058545
EPHB1,BMX,0.37012241441513594
EPHB1,TXK,0.4009810899511844
EPHB1,TNK1,0.41544948459175013
EPHB1,TNK2,0.35993746183678965
EPHB1,CSK,0.41844325051365
EPHB1,MATK,0.3503946791072067
EPHB1,FER,0.37278227343485015
EPHB1,FES,0.38876270246385847
EPHB1,LMTK2,0.41209880326967785
EPHB1,LMTK3,0.4132363765563475
EPHB2,EPHB3,0.38337663241425723
EPHB2,EPHB4,0.3718546590561823
EPHB2,EPHB6,0.36285690235492496
EPHB2,ROS1,0.4081371493171399
EPHB2,RYK,0.38804438850537265
EPHB2,PTK7,0.3709674546534205
EPHB2,SRC,0.43313684142803766
EPHB2,YES1,0.41655253046121127
EPHB2,FYN,0.41899775998414235
EPHB2,LYN,0.4083152035116545
EPHB2,LCK,0.39552097374114714
EPHB2,HCK,0.39592988126898865
EPHB2,BLK,0.34013050062758904
EPHB2,FGR,0.3917393640236413
EPHB2,FRK,0.3575143044857465
EPHB2,PTK6,0.3798749889635314
EPHB2,SRMS,0.34740662238571013
EPHB2,PTK2,0.4775760570228396
EPHB2,PTK2B,0.3646676060867298
EPHB2,JAK1,0.38459599073937983
EPHB2,JAK2,0.40119495803723365
EPHB2,JAK3,0.3858129116249208
EPHB2,TYK2,0.364762985352013
EPHB2,ABL1,0.4170130242381831
EPHB2,ABL2,0.35540766099366156
EPHB2,ZAP70,0.3603869131640189
EPHB2,SYK,0.42009986757291
EPHB2,BTK,0.37879079889848977
EPHB2,ITK,0.3623535795053011
EPHB2,TEC,0.3870595858545085
EPHB2,BMX,0.35685013235905894
EPHB2,TXK,0.3877088078951075
EPHB2,TNK1,0.40217720253567313
EPHB2,TNK2,0.3466651797807127
EPHB2,CSK,0.40517096845757306
EPHB2,MATK,0.3371223970511297
EPHB2,FER,0.35950999137877315
EPHB2,FES,0.3754904204077815
EPHB2,LMTK2,0.39882652121360085
EPHB2,LMTK3,0.3999640945002705
EPHB3,EPHB4,0.23912254219129436
EPHB3,EPHB6,0.20862478549003702
EPHB3,ROS1,0.40850503245225195
EPHB3,RYK,0.23991227164048468
EPHB3,PTK7,0.1713353377885326
EPHB3,SRC,0.2883047245631497
EPHB3,YES1,0.21692041359632333
EPHB3,FYN,0.2984656431192544
EPHB3,LYN,0.2522830866467666
EPHB3,LCK,0.19588885687625918
EPHB3,HCK,0.19629776440410068
EPHB3,BLK,0.1404983837627011
EPHB3,FGR,0.19210724715875335
EPHB3,FRK,0.15788218762085854
EPHB3,PTK6,0.3802428720986435
EPHB3,SRMS,0.34777450552082223
EPHB3,PTK2,0.27794394015795165
EPHB3,PTK2B,0.16503548922184186
EPHB3,JAK1,0.18496387387449187
EPHB3,JAK2,0.20156284117234569
EPHB3,JAK3,0.18618079476003285
EPHB3,TYK2,0.16513086848712508
EPHB3,ABL1,0.3116809073732951
EPHB3,ABL2,0.1557755441287736
EPHB3,ZAP70,0.16075479629913092
EPHB3,SYK,0.26096775070802203
EPHB3,BTK,0.17915868203360183
EPHB3,ITK,0.16272146264041315
EPHB3,TEC,0.18742746898962054
EPHB3,BMX,0.15721801549417103
EPHB3,TXK,0.2296766910302195
EPHB3,TNK1,0.4025450856707852
EPHB3,TNK2,0.14703306291582474
EPHB3,CSK,0.2055388515926851
EPHB3,MATK,0.1374902801862417
EPHB3,FER,0.1598778745138852
EPHB3,FES,0.17585830354289356
EPHB3,LMTK2,0.39919440434871295
EPHB3,LMTK3,0.4003319776353826
EPHB4,EPHB6,0.23310281213196207
EPHB4,ROS1,0.396983059094177
EPHB4,RYK,0.17689029828240976
EPHB4,PTK7,0.15981336443045766
EPHB4,SRC,0.2907827512050748
EPHB4,YES1,0.20539844023824838
EPHB4,FYN,0.2752436697611795
EPHB4,LYN,0.19716111328869163
EPHB4,LCK,0.18436688351818425
EPHB4,HCK,0.18477579104602576
EPHB4,BLK,0.12897641040462615
EPHB4,FGR,0.1805852738006784
EPHB4,FRK,0.1463602142627836
EPHB4,PTK6,0.3687208987405685
EPHB4,SRMS,0.33625253216274725
EPHB4,PTK2,0.3250219667998767
EPHB4,PTK2B,0.15351351586376694
EPHB4,JAK1,0.17344190051641695
EPHB4,JAK2,0.19004086781427076
EPHB4,JAK3,0.17465882140195793
EPHB4,TYK2,0.15360889512905013
EPHB4,ABL1,0.3005589340152202
EPHB4,ABL2,0.14425357077069867
EPHB4,ZAP70,0.149232822941056
EPHB4,SYK,0.20894577734994713
EPHB4,BTK,0.16763670867552688
EPHB4,ITK,0.15119948928233823
EPHB4,TEC,0.17590549563154562
EPHB4,BMX,0.14569604213609608
EPHB4,TXK,0.1765547176721446
EPHB4,TNK1,0.39102311231271025
EPHB4,TNK2,0.13551108955774982
EPHB4,CSK,0.19401687823461014
EPHB4,MATK,0.1259683068281668
EPHB4,FER,0.14835590115581027
EPHB4,FES,0.16433633018481864
EPHB4,LMTK2,0.387672430990638
EPHB4,LMTK3,0.3888100042773076
EPHB6,ROS1,0.38798530239291973
EPHB6,RYK,0.16789254158115244
EPHB6,PTK7,0.19951560772920032
EPHB6,SRC,0.26668499450381744
EPHB6,YES1,0.19640068353699108
EPHB6,FYN,0.2516459130599221
EPHB6,LYN,0.18816335658743433
EPHB6,LCK,0.17536912681692696
EPHB6,HCK,0.17577803434476846
EPHB6,BLK,0.11997865370336885
EPHB6,FGR,0.1715875170994211
EPHB6,FRK,0.13736245756152626
EPHB6,PTK6,0.3597231420393112
EPHB6,SRMS,0.32725477546148996
EPHB6,PTK2,0.2574242100986194
EPHB6,PTK2B,0.14451575916250964
EPHB6,JAK1,0.16444414381515965
EPHB6,JAK2,0.18104311111301347
EPHB6,JAK3,0.1656610647007006
EPHB6,TYK2,0.14461113842779283
EPHB6,ABL1,0.2875611773139629
EPHB6,ABL2,0.13525581406944137
EPHB6,ZAP70,0.14023506623979867
EPHB6,SYK,0.1999480206486898
EPHB6,BTK,0.15863895197426958
EPHB6,ITK,0.1422017325810809
EPHB6,TEC,0.1669077389302883
EPHB6,BMX,0.13669828543483875
EPHB6,TXK,0.1675569609708873
EPHB6,TNK1,0.38202535561145295
EPHB6,TNK2,0.1265133328564925
EPHB6,CSK,0.18501912153335281
EPHB6,MATK,0.11697055012690948
EPHB6,FER,0.13935814445455297
EPHB6,FES,0.15533857348356134
EPHB6,LMTK2,0.3786746742893807
EPHB6,LMTK3,0.3798122475760503
ROS1,RYK,0.41317278854336736
ROS1,PTK7,0.3960958546914153
ROS1,SRC,0.45826524146603237
ROS1,YES1,0.44168093049920604
ROS1,FYN,0.44412616002213706
ROS1,LYN,0.4334436035496493
ROS1,LCK,0.4206493737791419
ROS1,HCK,0.4210582813069834
ROS1,BLK,0.3652589006655838
ROS1,FGR,0.41686776406163606
ROS1,FRK,0.3826427045237412
ROS1,PTK6,0.40500338900152616
ROS1,SRMS,0.3725350224237049
ROS1,PTK2,0.5027044570608343
ROS1,PTK2B,0.38979600612472454
ROS1,JAK1,0.40972439077737455
ROS1,JAK2,0.42632335807522836
ROS1,JAK3,0.41094131166291553
ROS1,TYK2,0.3898913853900078
ROS1,ABL1,0.44214142427617786
ROS1,ABL2,0.38053606103165627
ROS1,ZAP70,0.3855153132020136
ROS1,SYK,0.4452282676109047
ROS1,BTK,0.40391919893648454
ROS1,ITK,0.38748197954329583
ROS1,TEC,0.4121879858925032
ROS1,BMX,0.3819785323970537
ROS1,TXK,0.4128372079331022
ROS1,TNK1,0.4273056025736679
ROS1,TNK2,0.3717935798187074
ROS1,CSK,0.43029936849556777
ROS1,MATK,0.36225079708912444
ROS1,FER,0.3846383914167679
ROS1,FES,0.40061882044577624
ROS1,LMTK2,0.4239549212515956
ROS1,LMTK3,0.42509249453826525
RYK,PTK7,0.23690309387964803
RYK,SRC,0.2858724806542651
RYK,YES1,0.22158816968743875
RYK,FYN,0.2240333992103698
RYK,LYN,0.213350842737882
RYK,LCK,0.2005566129673746
RYK,HCK,0.2009655204952161
RYK,BLK,0.14516613985381652
RYK,FGR,0.19677500324986877
RYK,FRK,0.16254994371197395
RYK,PTK6,0.38491062818975885
RYK,SRMS,0.3524422616119376
RYK,PTK2,0.28261169624906707
RYK,PTK2B,0.16970324531295727
RYK,JAK1,0.18963162996560728
RYK,JAK2,0.2062305972634611
RYK,JAK3,0.19084855085114827
RYK,TYK2,0.1697986245782405
RYK,ABL1,0.22204866346441057
RYK,ABL2,0.160443300219889
RYK,ZAP70,0.16542255239024634
RYK,SYK,0.22513550679913746
RYK,BTK,0.18382643812471725
RYK,ITK,0.16738921873152857
RYK,TEC,0.19209522508073595
RYK,BMX,0.16188577158528644
RYK,TXK,0.19274444712133493
RYK,TNK1,0.40721284176190065
RYK,TNK2,0.15170081900694016
RYK,CSK,0.2102066076838005
RYK,MATK,0.14215803627735712
RYK,FER,0.1645456306050006
RYK,FES,0.18052605963400897
RYK,LMTK2,0.40386216043982837
RYK,LMTK3,0.404999733726498
PTK7,SRC,0.22109554680231303
PTK7,YES1,0.20451123583548664
PTK7,FYN,0.20695646535841772
PTK7,LYN,0.19627390888592988
PTK7,LCK,0.1834796791154225
PTK7,HCK,0.18388858664326402
PTK7,BLK,0.1280892060018644
PTK7,FGR,0.17969806939791666
PTK7,FRK,0.14547300986002185
PTK7,PTK6,0.36783369433780677
PTK7,SRMS,0.3353653277599855
PTK7,PTK2,0.265534762397115
PTK7,PTK2B,0.1526263114610052
PTK7,JAK1,0.1725546961136552
PTK7,JAK2,0.18915366341150902
PTK7,JAK3,0.1737716169991962
PTK7,TYK2,0.15272169072628838
PTK7,ABL1,0.20497172961245846
PTK7,ABL2,0.14336636636793693
PTK7,ZAP70,0.14834561853829425
PTK7,SYK,0.20805857294718538
PTK7,BTK,0.16674950427276514
PTK7,ITK,0.15031228487957649
PTK7,TEC,0.17501829122878387
PTK7,BMX,0.14480883773333433
PTK7,TXK,0.17566751326938285
PTK7,TNK1,0.3901359079099485
PTK7,TNK2,0.13462388515498808
PTK7,CSK,0.1931296738318484
PTK7,MATK,0.12508110242540504
PTK7,FER,0.14746869675304852
PTK7,FES,0.1634491257820569
PTK7,LMTK2,0.3867852265878763
PTK7,LMTK3,0.3879227998745459
SRC,YES1,0.3639806226101037
SRC,FYN,0.3690258521330348
SRC,LYN,0.357343295660547
SRC,LCK,0.3332490658900396
SRC,HCK,0.3336579734178811
SRC,BLK,0.19025859277648152
SRC,FGR,0.2867674561725338
SRC,FRK,0.20764239663463896
SRC,PTK6,0.4300030811124239
SRC,SRMS,0.39753471453460265
SRC,PTK2,0.42760414917173206
SRC,PTK2B,0.31469569823562227
SRC,JAK1,0.2347240828882723
SRC,JAK2,0.3430230501861261
SRC,JAK3,0.23594100377381327
SRC,TYK2,0.2672910775009055
SRC,ABL1,0.3351411163870756
SRC,ABL2,0.205535753142554
SRC,ZAP70,0.27341500531291135
SRC,SYK,0.37012795972180246
SRC,BTK,0.22891889104738225
SRC,ITK,0.30638167165419355
SRC,TEC,0.23718767800340096
SRC,BMX,0.24967822450795146
SRC,TXK,0.23783690004399993
SRC,TNK1,0.45230529468456565
SRC,TNK2,0.27539327192960517
SRC,CSK,0.3550990606064655
SRC,MATK,0.25105048920002215
SRC,FER,0.2096380835276656
SRC,FES,0.22561851255667398
SRC,LMTK2,0.44895461336249337
SRC,LMTK3,0.450092186649163
YES1,FYN,0.3519415411662084
YES1,LYN,0.3241589846937206
YES1,LCK,0.3099647549232133
YES1,HCK,0.2983736624510548
YES1,BLK,0.17367428180965516
YES1,FGR,0.29918314520570743
YES1,FRK,0.19105808566781257
YES1,PTK6,0.4134187701455975
YES1,SRMS,0.38095040356777626
YES1,PTK2,0.39481983820490574
YES1,PTK2B,0.19821138726879595
YES1,JAK1,0.21813977192144596
YES1,JAK2,0.29073873921929977
YES1,JAK3,0.2193566928069869
YES1,TYK2,0.19830676653407914
YES1,ABL1,0.2505568054202492
YES1,ABL2,0.18895144217572768
YES1,ZAP70,0.19393069434608498
YES1,SYK,0.31254364875497614
YES1,BTK,0.2123345800805559
YES1,ITK,0.1958973606873672
YES1,TEC,0.2206033670365746
YES1,BMX,0.19039391354112506
YES1,TXK,0.2212525890771736
YES1,TNK1,0.43572098371773926
YES1,TNK2,0.1802089609627788
YES1,CSK,0.2901147496396391
YES1,MATK,0.2192661782331958
YES1,FER,0.28445377256083926
YES1,FES,0.20903420158984765
YES1,LMTK2,0.432370302395667
YES1,LMTK3,0.4335078756823366
FYN,LYN,0.3439042142166517
FYN,LCK,0.3313099844461443
FYN,HCK,0.3129188919739858
FYN,BLK,0.2172195113325862
FYN,FGR,0.2690283747286385
FYN,FRK,0.25100331519074365
FYN,PTK6,0.4158639996685286
FYN,SRMS,0.38339563309070734
FYN,PTK2,0.41336506772783677
FYN,PTK2B,0.29255661679172695
FYN,JAK1,0.279385001444377
FYN,JAK2,0.3148839687422308
FYN,JAK3,0.22180192232991797
FYN,TYK2,0.2545519960570102
FYN,ABL1,0.3479020349431803
FYN,ABL2,0.1913966716986587
FYN,ZAP70,0.29567592386901603
FYN,SYK,0.35438887827790716
FYN,BTK,0.302379809603487
FYN,ITK,0.2758425902102983
FYN,TEC,0.22304859655950565
FYN,BMX,0.19283914306405614
FYN,TXK,0.2750978186001046
FYN,TNK1,0.4381662132406703
FYN,TNK2,0.18265419048570986
FYN,CSK,0.3296599791625702
FYN,MATK,0.17311140775612682
FYN,FER,0.1954990020837703
FYN,FES,0.27317943111277865
FYN,LMTK2,0.43481553191859806
FYN,LMTK3,0.4359531052052677
LYN,LCK,0.31132742797365653
LYN,HCK,0.31983633550149804
LYN,BLK,0.21423695486009842
LYN,FGR,0.2913458182561507
LYN,FRK,0.22582075871825583
LYN,PTK6,0.40518144319604077
LYN,SRMS,0.3727130766182195
LYN,PTK2,0.3998825112553489
LYN,PTK2B,0.2889740603192392
LYN,JAK1,0.2935024449718892
LYN,JAK2,0.31960141226974303
LYN,JAK3,0.21111936585743016
LYN,TYK2,0.2706694395845224
LYN,ABL1,0.2890194784706925
LYN,ABL2,0.18071411522617092
LYN,ZAP70,0.26449336739652823
LYN,SYK,0.34530632180541937
LYN,BTK,0.30379725313099915
LYN,ITK,0.2792600337378105
LYN,TEC,0.28956604008701786
LYN,BMX,0.1821565865915683
LYN,TXK,0.28551526212761685
LYN,TNK1,0.4274836567681825
LYN,TNK2,0.17197163401322205
LYN,CSK,0.32527742269008236
LYN,MATK,0.22752885128363903
LYN,FER,0.18481644561128252
LYN,FES,0.2007968746402909
LYN,LMTK2,0.4241329754461102
LYN,LMTK3,0.42527054873277986
LCK,HCK,0.29574210573099063
LCK,BLK,0.20924272508959102
LCK,FGR,0.2535515884856433
LCK,FRK,0.21242652894774844
LCK,PTK6,0.3923872134255334
LCK,SRMS,0.35991884684771214
LCK,PTK2,0.3473882814848416
LCK,PTK2B,0.2468798305487318
LCK,JAK1,0.2640082152013818
LCK,JAK2,0.27430718249923564
LCK,JAK3,0.28352513608692276
LCK,TYK2,0.177275209814015
LCK,ABL1,0.2744252487001851
LCK,ABL2,0.16791988545566353
LCK,ZAP70,0.2727991376260208
LCK,SYK,0.33131209203491196
LCK,BTK,0.26650302336049175
LCK,ITK,0.26656580396730306
LCK,TEC,0.19957181031651045
LCK,BMX,0.16936235682106093
LCK,TXK,0.2521210323571095
LCK,TNK1,0.41468942699767514
LCK,TNK2,0.15917740424271468
LCK,CSK,0.308883192919575
LCK,MATK,0.19633462151313164
LCK,FER,0.17202221584077512
LCK,FES,0.1880026448697835
LCK,LMTK2,0.41133874567560286
LCK,LMTK3,0.4124763189622725
HCK,BLK,0.15305163261743254
HCK,FGR,0.2712604960134848
HCK,FRK,0.17043543647558995
HCK,PTK6,0.3927961209533749
HCK,SRMS,0.36032775437555364
HCK,PTK2,0.3855971890126831
HCK,PTK2B,0.2705887380765733
HCK,JAK1,0.2539171227292233
HCK,JAK2,0.29831609002707715
HCK,JAK3,0.19873404361476427
HCK,TYK2,0.2599841173418565
HCK,ABL1,0.28663415622802657
HCK,ABL2,0.16832879298350503
HCK,ZAP70,0.23440804515386232
HCK,SYK,0.3264209995627535
HCK,BTK,0.2676119308883333
HCK,ITK,0.2698747114951446
HCK,TEC,0.19998071784435195
HCK,BMX,0.16977126434890244
HCK,TXK,0.20062993988495095
HCK,TNK1,0.41509833452551664
HCK,TNK2,0.2426863117705562
HCK,CSK,0.2669921004474165
HCK,MATK,0.21554352904097315
HCK,FER,0.17243112336861663
HCK,FES,0.228711552397625
HCK,LMTK2,0.41174765320344436
HCK,LMTK3,0.412885226490114
BLK,FGR,0.14886111537208518
BLK,FRK,0.15653605583419036
BLK,PTK6,0.3369967403119753
BLK,SRMS,0.30452837373415403
BLK,PTK2,0.23469780837128348
BLK,PTK2B,0.1217893574351737
BLK,JAK1,0.14171774208782373
BLK,JAK2,0.15831670938567755
BLK,JAK3,0.14293466297336468
BLK,TYK2,0.12188473670045691
BLK,ABL1,0.21703477558662698
BLK,ABL2,0.11252941234210544
BLK,ZAP70,0.11750866451246275
BLK,SYK,0.17722161892135388
BLK,BTK,0.13591255024693366
BLK,ITK,0.11947533085374498
BLK,TEC,0.14418133720295237
BLK,BMX,0.11397188370750284
BLK,TXK,0.14483055924355137
BLK,TNK1,0.35929895388411703
BLK,TNK2,0.10378693112915657
BLK,CSK,0.2051927198060169
BLK,MATK,0.13644414839957356
BLK,FER,0.11663174272721703
BLK,FES,0.13261217175622542
BLK,LMTK2,0.35594827256204475
BLK,LMTK3,0.3570858458487144
FGR,FRK,0.1662449192302426
FGR,PTK6,0.38860560370802755
FGR,SRMS,0.3561372371302063
FGR,PTK2,0.3807066717673357
FGR,PTK2B,0.26829822083122595
FGR,JAK1,0.19332660548387598
FGR,JAK2,0.2099255727817298
FGR,JAK3,0.19454352636941694
FGR,TYK2,0.17349360009650916
FGR,ABL1,0.28164363898267925
FGR,ABL2,0.1641382757381577
FGR,ZAP70,0.169117527908515
FGR,SYK,0.30953048231740615
FGR,BTK,0.22952141364298592
FGR,ITK,0.26288419424979725
FGR,TEC,0.19579020059900462
FGR,BMX,0.16558074710355508
FGR,TXK,0.19643942263960362
FGR,TNK1,0.4109078172801693
FGR,TNK2,0.15539579452520882
FGR,CSK,0.25960158320206916
FGR,MATK,0.18755301179562583
FGR,FER,0.1682406061232693
FGR,FES,0.22582103515227767
FGR,LMTK2,0.407557135958097
FGR,LMTK3,0.40869470924476664
FRK,PTK6,0.3543805441701327
FRK,SRMS,0.32191217759231144
FRK,PTK2,0.2520816122294409
FRK,PTK2B,0.13917316129333113
FRK,JAK1,0.15910154594598114
FRK,JAK2,0.17570051324383495
FRK,JAK3,0.16031846683152212
FRK,TYK2,0.13926854055861432
FRK,ABL1,0.2368185794447844
FRK,ABL2,0.12991321620026286
FRK,ZAP70,0.1348924683706202
FRK,SYK,0.19460542277951132
FRK,BTK,0.15329635410509107
FRK,ITK,0.13685913471190242
FRK,TEC,0.1615651410611098
FRK,BMX,0.13135568756566027
FRK,TXK,0.16221436310170878
FRK,TNK1,0.37668275774227444
FRK,TNK2,0.12117073498731401
FRK,CSK,0.25587652366417435
FRK,MATK,0.11162795225773098
FRK,FER,0.13401554658537446
FRK,FES,0.14999597561438283
FRK,LMTK2,0.37333207642020216
FRK,LMTK3,0.3744696497068718
PTK6,SRMS,0.22197286207009637
PTK6,PTK2,0.4744422967072259
PTK6,PTK2B,0.3615338457711161
PTK6,JAK1,0.3814622304237661
PTK6,JAK2,0.4408611977216199
PTK6,JAK3,0.3826791513093071
PTK6,TYK2,0.36162922503639927
PTK6,ABL1,0.41387926392256935
PTK6,ABL2,0.3522739006780478
PTK6,ZAP70,0.3572531528484051
PTK6,SYK,0.4169661072572962
PTK6,BTK,0.375657038582876
PTK6,ITK,0.3592198191896874
PTK6,TEC,0.38392582553889476
PTK6,BMX,0.3537163720434452
PTK6,TXK,0.38457504757949373
PTK6,TNK1,0.3990434422200594
PTK6,TNK2,0.3435314194650989
PTK6,CSK,0.4421372081419593
PTK6,MATK,0.33398863673551593
PTK6,FER,0.3563762310631594
PTK6,FES,0.3723566600921678
PTK6,LMTK2,0.3956927608979871
PTK6,LMTK3,0.39683033418465674
SRMS,PTK2,0.44197393012940456
SRMS,PTK2B,0.3290654791932948
SRMS,JAK1,0.34899386384594483
SRMS,JAK2,0.36559283114379865
SRMS,JAK3,0.3502107847314858
SRMS,TYK2,0.329160858458578
SRMS,ABL1,0.3814108973447481
SRMS,ABL2,0.31980553410022655
SRMS,ZAP70,0.3247847862705838
SRMS,SYK,0.38449774067947495
SRMS,BTK,0.34318867200505476
SRMS,ITK,0.3267514526118661
SRMS,TEC,0.3514574589610735
SRMS,BMX,0.32124800546562393
SRMS,TXK,0.3521066810016725
SRMS,TNK1,0.3665750756422381
SRMS,TNK2,0.31106305288727765
SRMS,CSK,0.369568841564138
SRMS,MATK,0.30152027015769467
SRMS,FER,0.32390786448533815
SRMS,FES,0.3398882935143465
SRMS,LMTK2,0.36322439432016584
SRMS,LMTK3,0.3643619676068355
PTK2,PTK2B,0.35763491383042423
PTK2,JAK1,0.27916329848307425
PTK2,JAK2,0.3919622657809281
PTK2,JAK3,0.28038021936861524
PTK2,TYK2,0.25933029309570743
PTK2,ABL1,0.3115803319818775
PTK2,ABL2,0.24997496873735597
PTK2,ZAP70,0.3027542209077133
PTK2,SYK,0.37516717531660443
PTK2,BTK,0.2733581066421842
PTK2,ITK,0.25692088724899553
PTK2,TEC,0.2816268935982029
PTK2,BMX,0.2968174401027534
PTK2,TXK,0.2822761156388019
PTK2,TNK1,0.49674451027936756
PTK2,TNK2,0.24123248752440712
PTK2,CSK,0.3569382762012675
PTK2,MATK,0.2316897047948241
PTK2,FER,0.25407729912246757
PTK2,FES,0.27005772815147594
PTK2,LMTK2,0.49339382895729533
PTK2,LMTK3,0.49453140224396497
PTK2B,JAK1,0.2327548475469645
PTK2B,JAK2,0.2478538148448183
PTK2B,JAK3,0.26167176843250545
PTK2B,TYK2,0.1464218421595977
PTK2B,ABL1,0.19867188104576777
PTK2B,ABL2,0.1370665178012462
PTK2B,ZAP70,0.1914457699716035
PTK2B,SYK,0.2709587243804946
PTK2B,BTK,0.16044965570607445
PTK2B,ITK,0.14401243631288574
PTK2B,TEC,0.16871844266209313
PTK2B,BMX,0.13850898916664361
PTK2B,TXK,0.16936766470269213
PTK2B,TNK1,0.3838360593432578
PTK2B,TNK2,0.12832403658829736
PTK2B,CSK,0.2310298252651577
PTK2B,MATK,0.19498125385871434
PTK2B,FER,0.1411688481863578
PTK2B,FES,0.20524927721536618
PTK2B,LMTK2,0.38048537802118554
PTK2B,LMTK3,0.3816229513078552
JAK1,JAK2,0.30268219949746833
JAK1,JAK3,0.28730015308515544
JAK1,TYK2,0.2661502268122477
JAK1,ABL1,0.2668002656984178
JAK1,ABL2,0.19749490245389623
JAK1,ZAP70,0.16197415462425352
JAK1,SYK,0.2843871090331447
JAK1,BTK,0.22607804035872447
JAK1,ITK,0.16394082096553575
JAK1,TEC,0.18864682731474314
JAK1,BMX,0.15843737381929363
JAK1,TXK,0.18929604935534214
JAK1,TNK1,0.40376444399590783
JAK1,TNK2,0.14825242124094737
JAK1,CSK,0.2067582099178077
JAK1,MATK,0.13870963851136434
JAK1,FER,0.16109723283900781
JAK1,FES,0.17707766186801618
JAK1,LMTK2,0.40041376267383555
JAK1,LMTK3,0.4015513359605052
JAK2,JAK3,0.3014991203830093
JAK2,TYK2,0.28264919411010153
JAK2,ABL1,0.2351992329962716
JAK2,ABL2,0.21569386975175003
JAK2,ZAP70,0.22847312192210734
JAK2,SYK,0.3233860763309985
JAK2,BTK,0.19697700765657827
JAK2,ITK,0.18053978826338957
JAK2,TEC,0.26164579461259696
JAK2,BMX,0.17503634111714744
JAK2,TXK,0.20589501665319596
JAK2,TNK1,0.42036341129376165
JAK2,TNK2,0.16485138853880119
JAK2,CSK,0.2233571772156615
JAK2,MATK,0.15530860580921815
JAK2,FER,0.17769620013686163
JAK2,FES,0.19367662916587
JAK2,LMTK2,0.41701272997168937
JAK2,LMTK3,0.418150303258359
JAK3,TYK2,0.2581671476977887
JAK3,ABL1,0.21981718658395874
JAK3,ABL2,0.15821182333943717
JAK3,ZAP70,0.2136910755097945
JAK3,SYK,0.2850040299186856
JAK3,BTK,0.1815949612442654
JAK3,ITK,0.16515774185107673
JAK3,TEC,0.18986374820028412
JAK3,BMX,0.2100542947048346
JAK3,TXK,0.1905129702408831
JAK3,TNK1,0.40498136488144876
JAK3,TNK2,0.14946934212648832
JAK3,CSK,0.20797513080334867
JAK3,MATK,0.1399265593969053
JAK3,FER,0.16231415372454877
JAK3,FES,0.17829458275355714
JAK3,LMTK2,0.40163068355937653
JAK3,LMTK3,0.40276825684604617
TYK2,ABL1,0.19876726031105096
TYK2,ABL2,0.13716189706652943
TYK2,ZAP70,0.14214114923688673
TYK2,SYK,0.28525410364577786
TYK2,BTK,0.16054503497135764
TYK2,ITK,0.14410781557816896
TYK2,TEC,0.16881382192737635
TYK2,BMX,0.1386043684319268
TYK2,TXK,0.16946304396797535
TYK2,TNK1,0.383931438608541
TYK2,TNK2,0.12841941585358055
TYK2,CSK,0.18692520453044087
TYK2,MATK,0.11887663312399753
TYK2,FER,0.14126422745164102
TYK2,FES,0.1572446564806494
TYK2,LMTK2,0.38058075728646873
TYK2,LMTK3,0.38171833057313836
ABL1,ABL2,0.2875119359526995
ABL1,ZAP70,0.1943911881230568
ABL1,SYK,0.3138041425319479
ABL1,BTK,0.21279507385752772
ABL1,ITK,0.24235785446433905
ABL1,TEC,0.22106386081354643
ABL1,BMX,0.19085440731809689
ABL1,TXK,0.22171308285414543
ABL1,TNK1,0.4361814774947111
ABL1,TNK2,0.22246945473975063
ABL1,CSK,0.23917524341661095
ABL1,MATK,0.17112667201016762
ABL1,FER,0.1935142663378111
ABL1,FES,0.20949469536681947
ABL1,LMTK2,0.4328307961726388
ABL1,LMTK3,0.43396836945930845
ABL2,ZAP70,0.13278582487853524
ABL2,SYK,0.19249877928742637
ABL2,BTK,0.15118971061300618
ABL2,ITK,0.13475249121981747
ABL2,TEC,0.15945849756902486
ABL2,BMX,0.12924904407357535
ABL2,TXK,0.16010771960962386
ABL2,TNK1,0.37457611425018955
ABL2,TNK2,0.11906409149522909
ABL2,CSK,0.1775698801720894
ABL2,MATK,0.10952130876564606
ABL2,FER,0.13190890309328954
ABL2,FES,0.1478893321222979
ABL2,LMTK2,0.37122543292811727
ABL2,LMTK3,0.3723630062147869
ZAP70,SYK,0.2951780314577837
ZAP70,BTK,0.22926896278336348
ZAP70,ITK,0.2299317433901748
ZAP70,TEC,0.1644377497393822
ZAP70,BMX,0.13422829624393268
ZAP70,TXK,0.16508697177998116
ZAP70,TNK1,0.3795553664205469
ZAP70,TNK2,0.12404334366558639
ZAP70,CSK,0.25214913234244674
ZAP70,MATK,0.11450056093600337
ZAP70,FER,0.13688815526364684
ZAP70,FES,0.1528685842926552
ZAP70,LMTK2,0.3762046850984746
ZAP70,LMTK3,0.37734225838514424
SYK,BTK,0.3157819171922546
SYK,ITK,0.2720446977990659
SYK,TEC,0.27645070414827333
SYK,BMX,0.1939412506528238
SYK,TXK,0.2945999261888723
SYK,TNK1,0.439268320829438
SYK,TNK2,0.18375629807447752
SYK,CSK,0.29476208675133786
SYK,MATK,0.1742135153448945
SYK,FER,0.19660110967253797
SYK,FES,0.21258153870154634
SYK,LMTK2,0.43591763950736573
SYK,LMTK3,0.43705521279403536
BTK,ITK,0.20723562912464571
BTK,TEC,0.27444163547385314
BTK,BMX,0.15263218197840356
BTK,TXK,0.2323908575144521
BTK,TNK1,0.39795925215501776
BTK,TNK2,0.1424472294000573
BTK,CSK,0.2518530180769176
BTK,MATK,0.1329044466704743
BTK,FER,0.15529204099811778
BTK,FES,0.17127247002712614
BTK,LMTK2,0.3946085708329455
BTK,LMTK3,0.3957461441196151
ITK,TEC,0.2568044160806644
ITK,BMX,0.18289496258521493
ITK,TXK,0.26105363812126336
ITK,TNK1,0.38152203276182906
ITK,TNK2,0.12601001000686862
ITK,CSK,0.18451579868372897
ITK,MATK,0.1164672272772856
ITK,FER,0.13885482160492907
ITK,FES,0.15483525063393744
ITK,LMTK2,0.37817135143975683
ITK,LMTK3,0.37930892472642647
TEC,BMX,0.1609009689344223
TEC,TXK,0.23945964447047077
TEC,TNK1,0.40622803911103644
TEC,TNK2,0.150716016356076
TEC,CSK,0.20922180503293636
TEC,MATK,0.14117323362649298
TEC,FER,0.16356082795413646
TEC,FES,0.17954125698314483
TEC,LMTK2,0.4028773577889642
TEC,LMTK3,0.40401493107563385
BMX,TXK,0.16155019097502127
BMX,TNK1,0.37601858561558693
BMX,TNK2,0.1205065628606265
BMX,CSK,0.17901235153748682
BMX,MATK,0.11096378013104347
BMX,FER,0.13335137445868694
BMX,FES,0.1493318034876953
BMX,LMTK2,0.3726679042935147
BMX,LMTK3,0.37380547758018434
TXK,TNK1,0.40687726115163547
TXK,TNK2,0.151365238396675
TXK,CSK,0.20987102707353533
TXK,MATK,0.14182245566709198
TXK,FER,0.16421004999473546
TXK,FES,0.18019047902374383
TXK,LMTK2,0.4035265798295632
TXK,LMTK3,0.4046641531162328
TNK1,TNK2,0.3658336330372407
TNK1,CSK,0.424339421714101
TNK1,MATK,0.35629085030765767
TNK1,FER,0.37867844463530115
TNK1,FES,0.3946588736643095
TNK1,LMTK2,0.41799497447012884
TNK1,LMTK3,0.4191325477567985
TNK2,CSK,0.16882739895914056
TNK2,MATK,0.10077882755269721
TNK2,FER,0.12316642188034069
TNK2,FES,0.13914685090934906
TNK2,LMTK2,0.3624829517151684
TNK2,LMTK3,0.36362052500183806
CSK,MATK,0.21928461622955753
CSK,FER,0.181672210557201
CSK,FES,0.19765263958620938
CSK,LMTK2,0.4209887403920287
CSK,LMTK3,0.42212631367869835
MATK,FER,0.11362363915075765
MATK,FES,0.12960406817976602
MATK,LMTK2,0.3529401689855854
MATK,LMTK3,0.354077742272255
FER,FES,0.1519916625074095
FER,LMTK2,0.37532776331322887
FER,LMTK3,0.3764653365998985
FES,LMTK2,0.39130819234223724
FES,LMTK3,0.3924457656289069
LMTK2,LMTK3,0.41578186643472625
