trial,spearman_rho,top10_overlap,top20_overlap,w_centrality,w_essentiality,w_survival,w_druggability
0,0.9896777379923447,1.0,0.95,0.2500877633599176,0.30268064079331647,0.23103600024168547,0.21619559560508037
1,0.9944190640819853,1.0,0.9,0.2984131637103561,0.21001074456003757,0.2510650741342781,0.24051101759532834
2,0.979651808865292,0.9,0.95,0.30035768899118154,0.18806912787794475,0.3444894501780768,0.16708373295279702
3,0.9684076223402066,0.9,0.9,0.27759635368934515,0.263637550800023,0.17111501685566197,0.28765107865496997
4,0.9595505617977529,0.9,0.9,0.26724534679689355,0.18738545881632496,0.39037338373731967,0.1549958106494619
5,0.9401242951804749,0.8,0.9,0.15754452244964626,0.23005203551599188,0.3183823072024815,0.29402113483188036
6,0.976392147178664,0.9,0.8,0.3473907713581753,0.14194510779452874,0.2430985653182813,0.26756555552901473
7,0.9132403177346996,0.8,0.85,0.1858142742092897,0.11593016467313999,0.30777997976483995,0.3904755813527304
8,0.9410297567600939,0.9,0.8,0.2455966602769817,0.42099122630825814,0.1502064252208554,0.1832056881939048
9,0.9766390912458327,1.0,0.95,0.24108141251788562,0.18407032969275708,0.29778514914363174,0.27706310864572564
10,0.947697246573651,0.9,0.85,0.24588647889485987,0.15851979467825797,0.2332847987464129,0.3623089276804693
11,0.9523727209120467,0.9,0.65,0.4372726970223028,0.266322748775314,0.1319693584643165,0.16443519573806664
12,0.9962793760546569,1.0,0.9,0.341649473633807,0.23837350382641861,0.2409488724223965,0.1790281501173781
13,0.9349549327077417,0.8,0.8,0.1543271596573212,0.3579460526657727,0.3016512874208164,0.18607550025608963
14,0.9318928262748486,0.8,0.85,0.22077976047331013,0.23740803562117638,0.41429038850968164,0.12752181539583182
15,0.9529983125488742,0.8,0.9,0.21597716654789045,0.2810831234759402,0.3598859590885498,0.14305375088761954
16,0.9218998230234184,0.9,0.85,0.22031420892677905,0.35130106782049736,0.12259919243996253,0.3057855308127611
17,0.8980285631971024,0.8,0.6,0.5071281250973979,0.2728662661267896,0.06845344991943045,0.15155215885638199
18,0.9340494711281226,0.8,0.8,0.20300903235153675,0.43169494045011075,0.2537975224542338,0.11149850474411885
19,0.9915545129028274,1.0,0.95,0.28355952483800534,0.3086258475094058,0.2285841890881897,0.17923043856439935
20,0.9878338889574844,1.0,0.8,0.3774902910472438,0.23195940344878463,0.24092240596703768,0.14962789953693387
21,0.853446927604231,0.7,0.75,0.18293504833398713,0.20240949330415353,0.13028912449384214,0.4843663338680172
22,0.9404370909988888,0.9,0.9,0.2006900277713507,0.3679520811297904,0.1742809299590245,0.25707696113983436
23,0.9195456229164094,0.8,0.85,0.2448723623992903,0.11057587877681838,0.4569631340960726,0.18758862472781873
24,0.928781331028522,0.8,0.9,0.14039558316162895,0.32712857187050837,0.24568476913576553,0.28679107583209723
25,0.9698563608675967,0.9,0.8,0.3909874692000396,0.11983461188450115,0.24686865635288016,0.24230926256257923
26,0.997398855825822,1.0,1.0,0.3231698084386237,0.22046737226784238,0.27032474954245433,0.18603806975107953
27,0.9891179981067622,1.0,0.9,0.30359158055393703,0.22229345010814164,0.21506244050466364,0.2590525288332577
28,0.8581224019426265,0.7,0.75,0.2154806172803847,0.5532700615416438,0.13533620935736065,0.09591311182061096
29,0.94124377495164,0.9,0.75,0.42157505332038003,0.25552148601001,0.10928244189266939,0.2136210187769406
30,0.845231921636416,0.6,0.75,0.41658285481347485,0.1116455145264041,0.0668393240617285,0.4049323065983926
31,0.8293781125241799,0.7,0.75,0.08844466778452525,0.46857848208026553,0.12942620529648732,0.3135506448387219
32,0.9823517306663374,1.0,0.95,0.2261332695263789,0.30848241071703497,0.23847726415990206,0.22690705559668414
33,0.9919825492859201,1.0,0.95,0.2500599074415454,0.2777749617649366,0.2415816770866505,0.23058345370686745
34,0.9030991480429682,0.7,0.8,0.16460054336627097,0.22413822296383967,0.45019331881232166,0.1610679148575677
35,0.9655924599744824,0.9,0.95,0.20404328674000036,0.3006642007415862,0.22457887699469767,0.27071363552371597
36,0.9473679878174258,0.8,0.9,0.1647067883620328,0.32625304394971194,0.2520485759300481,0.2569915917582072
37,0.9671070502531176,0.9,0.7,0.43242144718712117,0.2093176312182414,0.26760944669924,0.09065147489539753
38,0.9804420298802321,1.0,0.75,0.38245884648632633,0.2740041442322728,0.18295524708401278,0.1605817621973881
39,0.9699880643700868,0.9,0.9,0.2015684666431846,0.25689401350472535,0.31822786897331445,0.22330965087877555
40,0.9726385973576984,0.9,0.9,0.2060884643366144,0.30611743746468656,0.28134170029282357,0.20645239790587555
41,0.9917520681565625,1.0,0.95,0.3077080310006747,0.30515008945613303,0.2146730880113878,0.1724687915318044
42,0.9430711610486889,0.9,0.75,0.36677453198109666,0.16616048733346192,0.14834308400570506,0.31872189667973627
43,0.9659711075441413,0.9,0.8,0.32912559812945125,0.28852578174439014,0.3027244661907718,0.07962415393538694
44,0.9768531094373791,1.0,0.95,0.2157776646410625,0.30735624085063906,0.24003859290427573,0.23682750160402274
45,0.9808536033255134,1.0,0.95,0.2547720963995334,0.2590611950717431,0.21387199631608997,0.27229471221263357
46,0.875885911840968,0.7,0.85,0.1287246297621921,0.4075984996575257,0.14629711406906384,0.31737975651121825
47,0.9295386261678396,0.9,0.8,0.2900649610559558,0.23910075887519294,0.4161809230451453,0.054653357023705953
48,0.9045149606947358,0.8,0.7,0.21460258001004212,0.4643532918687308,0.14043218100554647,0.1806119471156807
49,0.9950611186566243,1.0,1.0,0.2756239393304006,0.22380066908646437,0.268045155025894,0.23253023655724103
50,0.9916697534675063,1.0,0.95,0.29673723144312014,0.18928253816707027,0.292454799554545,0.2215254308352646
51,0.9219656747746634,0.8,0.8,0.28530896206790163,0.4643131709977718,0.1656055947458339,0.08477227218849269
52,0.9716837469646458,0.9,0.9,0.2824334485299953,0.2225935467990545,0.3557626972051435,0.13921030746580682
53,0.9919331604724863,1.0,0.95,0.2817528034327279,0.30770070336837063,0.22100392784737524,0.1895425653515261
54,0.9503971683746963,0.8,0.8,0.41291509311191577,0.14159081494441195,0.17200319297866828,0.27349089896500395
55,0.975750092604025,0.9,0.85,0.3823005834585384,0.197687136766851,0.18592306914148488,0.2340892106331259
56,0.9625303535415893,0.9,0.9,0.2256534857287294,0.16286871927935684,0.3028698096850622,0.3086079853068515
57,0.9208132691278758,0.8,0.85,0.16326088842812359,0.3822927579407293,0.17922167735087527,0.27522467628027175
58,0.9584475449643989,0.9,0.8,0.3509807420438014,0.34802792169570346,0.12982315277504058,0.17116818348545465
59,0.9602749310614478,0.8,0.9,0.19261611410958385,0.35505957100095875,0.25888261039098825,0.19344170449846929
60,0.9839815615096514,1.0,0.95,0.26284871877389276,0.31539464616229046,0.2004909224160194,0.22126571264779743
61,0.9928880108655388,1.0,0.95,0.3110473252719618,0.2904624977849492,0.20304590850300028,0.19544426844008886
62,0.9810182327036259,1.0,0.95,0.28261211445601647,0.34297546376356186,0.1882245868193144,0.18618783496110727
63,0.8174754084866445,0.6,0.7,0.11618881412147393,0.10464301461984096,0.558090725504051,0.22107744575463426
64,0.8912129069432441,0.8,0.6,0.5355577771393767,0.15764833060633998,0.09042839119102564,0.21636550106325758
65,0.9844260608305553,1.0,0.9,0.29151613794425213,0.2770321913447886,0.30457646327822296,0.12687520743273623
66,0.9916368275918837,1.0,0.95,0.2692775683805898,0.27637053551610014,0.28179215363345983,0.17255974246985017
67,0.9676667901387002,0.9,0.9,0.2948118733598885,0.2824438161473069,0.1527832160192737,0.26996109447353084
68,0.8576614396839115,0.7,0.85,0.094185865542923,0.15209174147256208,0.420411085281116,0.33331130770339895
69,0.984607153146479,1.0,0.95,0.2288583181566948,0.28456546578821096,0.24802852807189504,0.23854768798319909
70,0.979141457793143,0.9,0.9,0.32457697237237293,0.2332930867649967,0.17829438345421267,0.26383555740841763
71,0.9719965427830596,0.9,0.9,0.22008421551660096,0.23287222361363064,0.3359966682764281,0.2110468925933403
72,0.9734946701238836,0.9,0.85,0.32213197557729095,0.11822318913831859,0.28434018859495147,0.275304646689439
73,0.9684405482158291,0.9,0.8,0.35952172395949616,0.18184842360188422,0.17825811167895664,0.2803717407596629
74,0.8243898423673703,0.7,0.75,0.12756690512393892,0.25897942843868366,0.12429368299670726,0.4891599834406702
75,0.9551220315265259,0.9,0.85,0.25298613326298186,0.16006225841273117,0.2410645172283283,0.3458870910959587
76,0.9471868955015023,0.9,0.9,0.2466159049300844,0.3359081312102159,0.14374810292946008,0.2737278609302396
77,0.9517142033995967,0.8,0.9,0.1888518936750753,0.2767279098796426,0.2215118812503168,0.3129083151949653
78,0.9753879079721776,0.9,0.85,0.3378757145571623,0.1832061050925805,0.19992815925159454,0.27899002109866256
79,0.8959706959706959,0.9,0.8,0.26870833363126145,0.17879208499562046,0.12876820301510813,0.4237313783580098
80,0.9571305099394986,0.9,0.9,0.21154740087685958,0.2216039238276196,0.2348490837194741,0.33199959157604675
81,0.8544182409350949,0.8,0.75,0.09289905538456998,0.46562592304471484,0.17373871084818945,0.26773631072252574
82,0.8780754825698645,0.8,0.85,0.09102369668169044,0.18886973422417266,0.37184530265904897,0.3482612664350878
83,0.9414413302053751,0.9,0.75,0.3224700050626964,0.1613918289817609,0.4158444198438479,0.10029374611169484
84,0.944305881384533,0.9,0.85,0.22771873688657243,0.34376093481020753,0.1510635352935536,0.27745679300966636
85,0.9131580030456435,0.8,0.8,0.23059163295183457,0.1153058603605039,0.23547814868385328,0.41862435800380815
86,0.9703831748775568,0.9,0.9,0.23212310219198523,0.2783995826767356,0.33120533154598064,0.1582719835852985
87,0.9712227847059307,0.9,0.85,0.28969473042239596,0.1645362639791937,0.23637113487137004,0.30939787072704045
88,0.8452813104498497,0.6,0.75,0.20943168792793138,0.08343864302579636,0.1997556753219474,0.5073739937243249
89,0.9082026587644565,0.8,0.75,0.16076918955883598,0.4240341907968064,0.1716465754685323,0.24355004417582551
90,0.9860229657982468,1.0,0.9,0.3392124442428286,0.20253331017880902,0.309141584772522,0.14911266080584032
91,0.9421986253446928,0.9,0.85,0.31279249642978907,0.3534379444150789,0.1006163714985242,0.23315318765660778
92,0.9674692348849653,0.9,0.9,0.27098662110353033,0.13342333223730216,0.2913362046138939,0.3042538420452737
93,0.9118738938963658,0.9,0.8,0.252058842159924,0.3121899884084213,0.0937602049913798,0.34199096444027494
94,0.8855331933983619,0.7,0.8,0.1309636971158295,0.22918075692139608,0.4564297500066001,0.1834257959561744
95,0.9066386796723874,0.7,0.8,0.23316879475334434,0.1391320712487775,0.481247226437982,0.14645190755989632
96,0.9873070749475243,1.0,0.95,0.2379890771472369,0.30454871680713774,0.24819766197348303,0.20926454407214223
97,0.9246820595135202,0.8,0.85,0.22055490005123687,0.10969191858310273,0.4314463196089479,0.23830686175671245
98,0.981545046713586,1.0,0.9,0.2805215875374823,0.16024242330931218,0.2868329964168237,0.27240299273638174
99,0.9675350866362102,0.9,0.65,0.44458052067547305,0.21443691119934932,0.2177002022237984,0.12328236590137923
100,0.8714079927563073,0.7,0.8,0.17931079877058229,0.32500099084809647,0.09833902062223533,0.39734918975908584
101,0.9562579742355022,0.9,0.85,0.30459328015842096,0.128895252660085,0.2289645954890639,0.33754687169243025
102,0.976984812939869,1.0,0.9,0.24540687925010946,0.22436680533473774,0.23739483121544167,0.29283148419971106
103,0.9712886364571757,1.0,0.9,0.21122214714361137,0.23665667488633735,0.3246002269217581,0.22752095104829315
104,0.866502037288554,0.7,0.75,0.1534109312324094,0.10047632750844653,0.28152960683913675,0.46458313442000737
105,0.9779067374572992,0.9,0.8,0.3614769958517766,0.17050111554533884,0.20889107170075055,0.2591308169021341
106,0.9890686092933283,1.0,0.9,0.2859651523307649,0.293001643925209,0.277419709888229,0.14361349385579716
107,0.9079721776350989,0.8,0.7,0.5220970274476743,0.11147736195776267,0.13270777113975613,0.23371783945480681
108,0.9460344898547145,0.9,0.75,0.3486629100202608,0.3577166478290557,0.10591256371863719,0.18770787843204645
109,0.9751080380293863,0.9,0.9,0.3313890916505943,0.24247876780142857,0.169740769188001,0.2563913713599759
110,0.9258344651603078,0.9,0.8,0.2941092141343936,0.3561646895101649,0.0920111566547178,0.25771493970072357
111,0.9785158661563156,1.0,0.9,0.29738203334840996,0.3458191309213741,0.17751475975659975,0.17928407597361615
112,0.9213400831378359,0.7,0.7,0.4968040340828336,0.06787483697803125,0.19408384173237062,0.24123728720676443
113,0.9643412767008273,0.9,0.9,0.21503815392310907,0.17915007339136962,0.3087651526751367,0.2970466200103844
114,0.9811993250195497,1.0,0.9,0.2589604392239429,0.20497944274665672,0.24951115444797903,0.2865489635814213
115,0.9175536074412479,0.8,0.9,0.12975288166495602,0.2403926876755837,0.28742355859189783,0.3424308720675624
116,0.9845248384574228,1.0,0.85,0.3842811610576207,0.18635868695749183,0.22889347143500957,0.2004666805498778
117,0.9398773511133061,0.9,0.85,0.20683483759905216,0.20074566998303303,0.22459898928194597,0.36782050313596887
118,0.9664485327406674,0.9,0.9,0.26693596055761165,0.12908622416530607,0.34843448096325097,0.25554333431383136
119,0.9926575297361813,1.0,1.0,0.2628187828293498,0.24069193769238142,0.24568367621198575,0.250805603266283
120,0.9090916574062641,0.8,0.8,0.12634145610056352,0.3953432385882887,0.22526332331938986,0.25305198199175793
121,0.9168292381775526,0.8,0.8,0.22018901657878534,0.4299115650436554,0.1331276220600218,0.2167717963175375
122,0.9551384944643371,0.9,0.9,0.20327162361615922,0.3421923722277394,0.20064158805728752,0.25389441609881386
123,0.8774334279952258,0.7,0.85,0.15449108848199558,0.4095021080186895,0.12183505482246729,0.31417174867684744
124,0.9602420051858255,0.9,0.9,0.30491018871905434,0.3250930870247932,0.1320222328445169,0.2379744914116356
125,0.9574268428201012,1.0,0.9,0.24779764287335232,0.35344906043596297,0.16129820499804048,0.23745509169264423
126,0.9878832777709182,1.0,0.9,0.2753459211293088,0.25227756318936895,0.21268770139419807,0.2596888142871243
127,0.9623821871012883,0.9,0.9,0.33153798703749404,0.34366830534755327,0.13089789092226747,0.19389581669268532
128,0.936140264230152,0.8,0.9,0.16245228394100605,0.2820206641022683,0.2345818304177181,0.3209452215390076
129,0.9187718648392804,0.7,0.85,0.28972063059451336,0.07043366239090955,0.24052284242770736,0.39932286458686983
130,0.9389225007202534,0.8,0.9,0.174176851082076,0.17178019760165864,0.3390167614281924,0.3150261898880729
131,0.9367164670535456,0.8,0.8,0.18033960812913283,0.39547416261641194,0.19984719311712362,0.2243390361373317
132,0.9554183644071285,0.9,0.9,0.23053615080203607,0.19654249003028118,0.391244267923008,0.18167709124467477
133,0.9969708194427295,1.0,1.0,0.27741772983931945,0.27348337080135576,0.2410371565566656,0.20806174280265913
134,0.9026217228464418,0.7,0.85,0.18023019879661417,0.1434484362146827,0.4513761398227,0.22494522516600313
135,0.9336872864962751,0.9,0.85,0.2228709400843867,0.15746249230767442,0.4328667880845695,0.1867997795233692
136,0.982187101288225,1.0,0.9,0.28900746970589203,0.3140459738088531,0.2721518544604189,0.12479470202483607
137,0.980639585133967,1.0,0.95,0.3158246531788815,0.17726037220948818,0.33501854852248797,0.1718964260891424
138,0.9617895213400831,0.9,0.9,0.1856727124745966,0.23884601466238936,0.32414358501148743,0.25133768785152666
139,0.9495246326707001,0.9,0.9,0.2660083895916056,0.28718745555374386,0.14255401672557427,0.3042501381290762
140,0.9882783882783883,1.0,0.95,0.2408664947541424,0.2445201395295927,0.2840241532349722,0.23058921248129255
141,0.9589743589743589,0.9,0.9,0.17980390298182897,0.2958552757857634,0.26433789175750527,0.26000292947490233
142,0.8871136354282422,0.7,0.8,0.2428295741404772,0.07866319012427503,0.2245191822196782,0.45398805351556953
143,0.9668436432481377,0.9,0.7,0.4300010484600654,0.25391006290335677,0.2500230461679301,0.06606584246864772
144,0.9255545952175164,0.8,0.85,0.1704103760086669,0.3001793851202142,0.18446350470254905,0.34494673416856986
145,0.9455241387825658,0.9,0.85,0.2926200453568074,0.14716076562904587,0.20319554250258032,0.3570236465115664
146,0.9466765444293533,0.9,0.9,0.19687735545657817,0.34727628240236463,0.18660425878783518,0.26924210335322213
147,0.9001687451125653,0.8,0.6,0.5372752952050147,0.2164533121203207,0.09040820241724563,0.15586319025741907
148,0.9017327242046344,0.8,0.9,0.10282686630179898,0.25770372041818557,0.2903448197800376,0.34912459349997776
149,0.977495164012018,0.9,0.85,0.3368488746392569,0.12444836234200954,0.30026007752701594,0.23844268549171765
150,0.9531300160513643,0.9,0.85,0.2673165246843106,0.24068823192453134,0.38291380218634685,0.10908144120481127
151,0.9667448656212699,0.9,0.9,0.1920667987917443,0.2594969910720125,0.31259866882078746,0.23583754131545573
152,0.9606371156932955,0.8,0.9,0.1965512109809124,0.3483199463533801,0.24058438829408618,0.2145444543716213
153,0.8476025846812362,0.6,0.8,0.11518069444501321,0.06565795806891955,0.41229353514696904,0.40686781233909813
154,0.9703831748775568,0.9,0.9,0.2987470015171474,0.26795925405291554,0.16045799163373106,0.272835752796206
155,0.915018315018315,0.8,0.85,0.1582969033527676,0.2914881722065041,0.1894083037707025,0.36080662067002583
156,0.9504136313125077,0.8,0.75,0.44136984176517696,0.14010111318319063,0.17936186737307255,0.2391671776785599
157,0.8399967074124377,0.6,0.75,0.09767048945659755,0.11408236924432973,0.4895893687018083,0.2986577725972644
158,0.9616084290241593,0.9,0.95,0.20699785575342936,0.2761207283754294,0.22290801371437455,0.2939734021567667
159,0.9552701979668271,0.8,0.9,0.18365047847129481,0.21563085416520675,0.3047022816748726,0.29601638568862576
160,0.9535909783100794,0.9,0.85,0.3064371843647974,0.1978339434906434,0.169070830210716,0.32665804193384324
161,0.9325842696629212,0.9,0.85,0.24177206309339713,0.07881131395159414,0.3792282604200752,0.3001883625349336
162,0.9511873893896365,0.9,0.85,0.27990624269201553,0.40519860956196196,0.2292411354981799,0.08565401224784243
163,0.963090093427172,0.9,0.7,0.4664362298001572,0.23375951715344093,0.19901247283103335,0.10079178021536872
164,0.9364530600485657,0.8,0.8,0.3344030221536568,0.056522041820116616,0.4053273665027233,0.20374756952350345
165,0.9710910812034407,0.9,0.9,0.2400688574004195,0.2026028733422251,0.3571793973512861,0.20014887190606928
166,0.9085319175206815,0.9,0.75,0.3790177546038788,0.17419655520165958,0.09986307236224365,0.3469226178322179
167,0.8833930114828992,0.8,0.8,0.1220021596034771,0.39270030316413773,0.16465388213664547,0.3206436550957397
168,0.9715849693377783,0.9,0.85,0.38172614600078275,0.23936538568189217,0.1619506789555276,0.2169577893617975
169,0.8691854961517882,0.8,0.7,0.15763632015430215,0.5073148913318695,0.14186580911328098,0.19318297940054738
170,0.9958678026093756,1.0,1.0,0.28709960829576314,0.2622173563372737,0.27550761664356693,0.1751754187233962
171,0.960423097501749,0.8,0.9,0.1769281271957764,0.2966079375146324,0.2901224348262739,0.23634150046331717
172,0.9720623945343047,1.0,0.85,0.34149716948174985,0.2953354797523284,0.2800698172473265,0.08309753351859511
173,0.9156109807795201,0.8,0.8,0.27500172038942666,0.2530430721293694,0.43149633062900916,0.040458876852194826
174,0.9823188047907149,1.0,0.9,0.2911272153021233,0.3284052626775289,0.18134789485945155,0.19911962716089632
175,0.976589702432399,0.9,0.9,0.30193323216580276,0.20049790087177005,0.3478988136554573,0.14967005330697
176,0.9032967032967032,0.8,0.85,0.13754285892572438,0.24616893932872078,0.2265994714511909,0.38968873029436396
177,0.9573774540066674,0.8,0.9,0.1982956706880299,0.1869630274125338,0.36117283489858915,0.2535684670008471
178,0.9378030209490884,0.8,0.8,0.1594150417501006,0.373577285033313,0.2465061058570013,0.22050156735958512
179,0.9753220562209326,0.9,0.85,0.33880032756747636,0.11952197327997861,0.2805916453426409,0.2610860538099041
180,0.9273819813145656,0.9,0.8,0.2897894073578818,0.1926408543042307,0.4433849515238406,0.07418478681404683
181,0.9878009630818618,1.0,0.95,0.2803958370116329,0.20440042302690126,0.3170619702756775,0.1981417696857884
182,0.979520105362802,0.9,0.85,0.3987893429983981,0.15912195288208755,0.2663688384536774,0.17571986566583694
183,0.9839815615096514,1.0,0.95,0.2452279426868495,0.26968179997227243,0.3038506463658407,0.1812396109750374
184,0.9646705354570522,0.9,0.7,0.3930561131093144,0.326012562274509,0.15784284849130628,0.12308847612487053
185,0.9399432028645511,0.8,0.65,0.4920828350000217,0.08407059621350328,0.28205447193619804,0.14179209685027697
186,0.9826151376713174,1.0,0.75,0.3928861312262362,0.2502793547385187,0.22621910287042574,0.13061541116481934
187,0.9364859859241881,0.8,0.8,0.15563728451735548,0.3449444578641155,0.3145815102566419,0.18483674736188718
188,0.9695764909248055,0.9,0.9,0.2367470836022118,0.2307099813932694,0.22665781170304516,0.30588512330147366
189,0.990023459686381,1.0,0.95,0.2607063431248012,0.2805295331776155,0.22013368254799465,0.2386304411495887
190,0.9241058566901262,0.7,0.85,0.28695396970444736,0.07446320460142429,0.24753419021034892,0.39104863548377955
191,0.9501996131209612,0.9,0.9,0.19312309434441635,0.3348837600299438,0.19478479365667337,0.2772083519689665
192,0.8884965222043872,0.8,0.8,0.27388602106112564,0.1314221780982764,0.14725235677733578,0.44743944406326225
193,0.99171914228094,1.0,0.85,0.3639539207136389,0.2404338396390297,0.22584000266111265,0.16977223698621882
194,0.9931020290570851,1.0,0.85,0.34404828761483625,0.20184451170457313,0.24199790653610426,0.21210929414448632
195,0.9902374778779273,1.0,0.85,0.3539610046342133,0.23591650478975498,0.2693008085839147,0.14082168199211703
196,0.9374079104416182,0.9,0.85,0.2335259840540433,0.3426324640941541,0.13698455982583904,0.28685699202596354
197,0.9534263489319668,0.8,0.85,0.23440323690095544,0.12311002857236925,0.36688527812979216,0.27560145639688327
198,0.8935835699880643,0.9,0.8,0.26116898989993814,0.19881057360546747,0.11831597634759529,0.421704460146999
199,0.9381322797053133,0.9,0.85,0.2506617972795959,0.14941457373478156,0.21799077311154225,0.3819328558740804
200,0.94111207144915,0.9,0.8,0.2937476213080645,0.15358318318546782,0.4273024516576288,0.12536674384883895
201,0.9792896242334445,0.9,0.85,0.3861236474937604,0.2385157649116889,0.18167831459457467,0.19368227299997615
202,0.9447833065810594,0.9,0.85,0.3072947565896525,0.37554520201105474,0.11332054583394932,0.20383949556534348
203,0.9438119932501954,0.8,0.9,0.16417884811028494,0.26495047508532804,0.26046472159314304,0.31040595521124414
204,0.9560274931061447,0.9,0.85,0.3283366548400972,0.1371313154890378,0.2053251593202191,0.32920687035064594
205,0.993546528377989,1.0,0.85,0.33945633498460775,0.20265893509255636,0.27912022824047666,0.17876450168235938
206,0.9424620323496727,0.8,0.9,0.14690270389099058,0.3046337027845849,0.29616757950969375,0.2522960138147309
207,0.9789274396015969,1.0,0.9,0.26753783996929853,0.18852713999283618,0.25098346026742824,0.292951559770437
208,0.9771494423179816,0.9,0.8,0.4078440140894897,0.15175109043799428,0.2641253800358046,0.17627951543671128
209,0.9967568012511833,1.0,1.0,0.2800280230416354,0.23639262423317925,0.26218118750226793,0.22139816522291747
210,0.941885829526279,0.9,0.75,0.44298174943721896,0.20259315694257926,0.13129784316149654,0.2231272504587052
211,0.9818413795941886,1.0,0.9,0.22800489398655369,0.24006046045919252,0.291449168790502,0.2404854767637519
212,0.8724780837140387,0.8,0.75,0.1704054857934483,0.14174340017845696,0.22031228196763855,0.4675388320604562
213,0.8274190229246408,0.7,0.7,0.2543333359427107,0.18277749073729696,0.061101233221470604,0.5017879400985217
214,0.9224924887846235,0.9,0.8,0.34378406743596357,0.28293635917338883,0.08346403034355451,0.28981554304709306
215,0.980376178128987,1.0,0.75,0.37624835939189133,0.27507605299386667,0.1773708130619389,0.17130477455230303
216,0.9569988064370086,0.9,0.75,0.4344985256146331,0.20841481910591467,0.15433026875338796,0.20275638652606426
217,0.9523397950364242,0.9,0.9,0.25561636712811575,0.12187077916772858,0.38530696367782424,0.23720589002633144
218,0.9168292381775526,0.8,0.8,0.25706617303254903,0.45228181615536484,0.12393077805711276,0.16672123275497341
219,0.9734452813104497,1.0,0.95,0.2793326137172651,0.3570062279820776,0.17936156033421033,0.18429959796644696
220,0.9320245297773387,0.8,0.75,0.24028048024007828,0.44769081443226344,0.18799622171943745,0.124032483608221
221,0.8306622216734576,0.7,0.75,0.0991845842496458,0.15816994466721068,0.24413395269028582,0.49851151839285757
222,0.9317281968967361,0.8,0.85,0.1706458044927921,0.20443958515251023,0.3986944988439018,0.22622011151079593
223,0.9557970119767871,0.9,0.8,0.23943953383940253,0.4005095122868629,0.22728168004433602,0.13276927382939863
224,0.9622504835987981,0.9,0.8,0.3600913921126813,0.09238625081052088,0.3330834189829855,0.21443893809381234
225,0.9922953451043337,1.0,1.0,0.25022276190779974,0.24720634345417183,0.269231979683994,0.23333891495403444
226,0.9337202123718977,0.9,0.8,0.3596988504418119,0.24256028441717684,0.10276938584866319,0.294971479292348
227,0.8645429476890151,0.8,0.85,0.09263057871203095,0.27451180118123203,0.22060128043281238,0.41225633967392467
228,0.9581676750216075,0.9,0.9,0.17828811739261172,0.282344607527372,0.26802723642660986,0.27134003865340633
229,0.9785652549697493,0.9,0.8,0.3788483035517542,0.17836195930702353,0.2037669726059484,0.23902276453527382
230,0.9732477260567147,0.9,0.9,0.29170203415815604,0.24791212534140086,0.17881929831745583,0.2815665421829874
231,0.8477178252459151,0.7,0.75,0.1695338105316137,0.12014897886111886,0.21123878635680704,0.49907842425046034
232,0.939416388854591,0.9,0.8,0.23470651527224898,0.2840554706604696,0.15056779939124676,0.3306702146760345
233,0.891278758694489,0.8,0.85,0.13090568266638075,0.15654739075089502,0.421136454411502,0.2914104721712221
234,0.984936411902704,1.0,0.85,0.3579958724473261,0.2955732175543978,0.20230345269485261,0.14412745730342347
235,0.7904103387249455,0.7,0.8,0.07877194508183519,0.4456204670723515,0.08950167492559144,0.38610591292022206
236,0.9768531094373791,1.0,0.95,0.2305400008365657,0.248347407274937,0.2410116764156209,0.28010091547287647
237,0.91534757377454,0.9,0.8,0.22990507643950703,0.10054371440275886,0.2551815380042074,0.4143696711535267
238,0.919907807548257,0.8,0.75,0.15864635104598523,0.43274852712124384,0.25734139205831374,0.15126372977445718
239,0.9366012264888669,0.8,0.8,0.2886172031353832,0.32791763536653207,0.33860899424456004,0.04485616725352466
240,0.7768613409062847,0.6,0.8,0.039958801206451816,0.4176294198037844,0.12452229775193294,0.4178894812378309
241,0.9251924105856689,0.8,0.75,0.39102494627377127,0.13123686380053917,0.14471486914683498,0.33302332077885455
242,0.9073795118738938,0.8,0.75,0.16343530458157496,0.3421542445021194,0.3848411641361117,0.109569286780194
243,0.9254722805284603,0.8,0.8,0.2820653084806129,0.4378303316327967,0.12246865360597965,0.1576357062806105
244,0.8888093180228012,0.8,0.75,0.13457405210394907,0.4747467543721001,0.236758143685349,0.15392104983860186
245,0.9744165946413137,1.0,0.95,0.2276580810167832,0.206076495229546,0.28707284709353964,0.2791925766601311
246,0.9539037741284933,0.9,0.9,0.19828378871150754,0.2752267169960671,0.21267050202720986,0.31381899226521565
247,0.9380005762028234,0.8,0.8,0.16077580098297659,0.3735474716583632,0.2603952471127955,0.20528148024586454
248,0.9930526402436513,1.0,0.9,0.3302807370664364,0.20245316042400266,0.23576697071778893,0.231499131791772
249,0.912087912087912,0.8,0.85,0.1726296761362087,0.12426241411187434,0.3210256020605759,0.382082307691341
250,0.9205992509363295,0.8,0.85,0.22553136530717577,0.1811984952747885,0.45667556235194556,0.1365945770660903
251,0.9299666625509322,0.9,0.8,0.24249745789630378,0.34929024812090914,0.12303717736669997,0.2851751166160872
252,0.9734452813104497,0.9,0.65,0.42533320644730616,0.2046158253109034,0.22112024505121955,0.14893072319057085
253,0.9836523027534263,1.0,0.8,0.36998383767846527,0.2024705672691007,0.28947956377624406,0.1380660312761901
254,0.8903403712392476,0.8,0.9,0.08168358669371706,0.3027302124816175,0.30040842949915697,0.3151777713255084
255,0.985133967156439,1.0,0.95,0.2559171825413749,0.2845501205369256,0.21169820056263508,0.24783449635906454
256,0.9486850228423261,0.9,0.85,0.22098158096218407,0.19527495599149114,0.40188298203251777,0.18186048101380708
257,0.8272379306087171,0.8,0.7,0.0999176199189056,0.5603426852842474,0.19200361400635124,0.14773608079049577
258,0.9599785981808453,0.9,0.9,0.23243470365990757,0.14597511713522215,0.35254464437455585,0.26904553483031435
259,0.9705313413178581,0.9,0.75,0.3821331556979938,0.3191466519118198,0.21417808984151812,0.08454210254866835
260,0.9111989134461045,0.9,0.8,0.29255817833694747,0.2805137205567323,0.08470465597472587,0.3422234451315942
261,0.9229699139811498,0.8,0.75,0.14615892460002788,0.40840559718932123,0.2517309921617419,0.193704486048909
262,0.9670905873153064,0.9,0.9,0.2345881206450444,0.2279853620138713,0.22415098318294666,0.31327553415813764
263,0.9265423714861917,0.9,0.8,0.24951733961357986,0.1564789404858494,0.19454606818455805,0.39945765171601266
264,0.9385767790262171,0.8,0.9,0.14674821185463127,0.259436693223225,0.3230104609089507,0.27080463401319316
265,0.9810017697658147,0.9,0.95,0.25215052783508873,0.2701821681065468,0.3134715704606105,0.16419573359775386
266,0.9259003169115527,0.8,0.75,0.17469633327345507,0.42628897415552497,0.21388186841011173,0.18513282416090823
267,0.9646211466436184,0.9,0.9,0.22068280655896114,0.17811106789686243,0.295926823358151,0.3052793021860254
268,0.8458245873976211,0.7,0.75,0.18649321018337894,0.5549076292526478,0.13695388039056194,0.12164528017341134
269,0.9588591184096801,0.9,0.9,0.23507601925557797,0.27150117308114013,0.18372921821074184,0.30969358945254005
270,0.937654854508787,0.9,0.85,0.23154428961963602,0.2685238304037475,0.15492839883130707,0.34500348114530927
271,0.9776433304523191,0.9,0.85,0.37069288765116726,0.19730218148530795,0.18593734503344167,0.24606758583008315
272,0.9237601349960899,0.8,0.8,0.1923646751860023,0.20499201304046166,0.21595699348905786,0.38668631828447825
273,0.7938181668518747,0.5,0.75,0.09167324703697755,0.09913088482147371,0.23931056626797476,0.569885301873574
274,0.9861217434251143,1.0,0.85,0.3454028240969138,0.1519890989570472,0.27182564505218687,0.23078243189385214
275,0.9398444252376836,0.9,0.85,0.20990397940809485,0.17896090296126918,0.24217875699817365,0.36895636063246234
276,0.9343128781331027,0.8,0.9,0.15299208219524305,0.24952709218276678,0.26896398516874487,0.3285168404532454
277,0.9502160760587727,0.9,0.9,0.18969076420393113,0.2932870353589864,0.21256390290485577,0.30445829753222664
278,0.874717043256369,0.7,0.75,0.20496030127182505,0.11277954994961867,0.21110019532889598,0.4711599534496602
279,0.9602913939992591,0.9,0.8,0.36858210578993345,0.1527851169825034,0.18715412576007984,0.2914786514674834
280,0.8770383174877556,0.7,0.85,0.15742343447951618,0.4156827089872673,0.11939381700071851,0.30750003953249794
281,0.878684611268881,0.7,0.85,0.12907379785685388,0.2913792827267276,0.17718277109436342,0.40236414832205514
282,0.9510721488249577,0.9,0.75,0.34148003637231794,0.2544632742199197,0.3484524508348597,0.05560423857290269
283,0.9543482734493971,0.9,0.9,0.2678273933454831,0.3111770726698746,0.3290628165381286,0.09193271744651361
284,0.9824834341688274,1.0,0.9,0.293692506587682,0.3220102504161837,0.25824051142040894,0.1260567315757254
285,0.9395316294192698,0.8,0.85,0.1452191756821288,0.31923568865115726,0.3033336213872199,0.232211514279494
286,0.9727703008601886,1.0,0.9,0.23563412216234844,0.26360919926472526,0.21178610529720043,0.28897057327572595
287,0.9213565460756472,0.8,0.8,0.27638884897970867,0.45886612706886354,0.13180230991712302,0.13294271403430494
288,0.8350413631312508,0.7,0.8,0.03573382603720484,0.22346989029974823,0.41444276868421903,0.32635351497882775
289,0.9846730048977239,1.0,0.9,0.2689135190636265,0.33334896360882277,0.23407186271490898,0.16366565461264157
290,0.9574433057579125,0.9,0.7,0.44073949386779,0.21874941911885668,0.2947105425150415,0.045800544498311835
291,0.8752109313907066,0.8,0.8,0.09087390135757316,0.34540615989122403,0.2038945772303028,0.35982536152090006
292,0.8916244803885253,0.8,0.8,0.11089917621329003,0.4083102117756403,0.22041859709387207,0.2603720149171976
293,0.8400296332880602,0.7,0.85,0.07027305986223387,0.314329976944394,0.20308916996698106,0.412307793226391
294,0.9579042680166275,0.9,0.9,0.3389575316122545,0.24993303502104403,0.13873774079316112,0.27237169257354027
295,0.9119891344610445,0.8,0.75,0.23455460262660852,0.26913570616891225,0.11871933224856698,0.3775903589559121
296,0.9471704325636908,0.8,0.75,0.4270027634107795,0.17059179577115513,0.15147199271227713,0.2509334481057882
297,0.9770835905667365,1.0,0.9,0.21140952349840197,0.313413820380571,0.25527055393155107,0.21990610218947615
298,0.8339712721735193,0.7,0.8,0.11600300280651808,0.3522258157710451,0.11074319354974961,0.4210279878726872
299,0.9195950117298431,0.8,0.85,0.1540051372430117,0.1868623295260069,0.291842875093874,0.3672896581371073
300,0.9705807301312919,0.9,0.9,0.21974669645974035,0.2428949610305046,0.3417169683130815,0.19564137419667343
301,0.9517306663374078,0.9,0.7,0.468571750532583,0.1046623973622394,0.26215647257832725,0.16460937952685034
302,0.9604066345639379,0.9,0.7,0.40418301525736333,0.1743826229486714,0.3303321384948348,0.09110222329913058
303,0.9670247355640614,0.9,0.9,0.3035063893413519,0.16708158060257217,0.3711402558654082,0.15827177419066785
304,0.9525538132279706,0.8,0.9,0.1757183309290494,0.2349155326657959,0.3498780938833582,0.2394880425217964
305,0.9475820060089722,0.9,0.85,0.332912146892967,0.22395805910821254,0.13320487359527272,0.30992492040354774
306,0.9437296785611393,0.9,0.85,0.19528821106349498,0.32708293432146973,0.1804244523532666,0.2972044022617687
307,0.8985059883936288,0.7,0.8,0.2530907416678757,0.47292480085700805,0.11291668462792347,0.16106777284719279
308,0.9529983125488742,0.9,0.85,0.24559463279862984,0.1871259179470993,0.21377926873971953,0.35350018051455123
309,0.957229287566366,0.9,0.85,0.27441429548124074,0.3970369600166403,0.21775843988184448,0.11079030462027456
310,0.9671235131909289,1.0,0.9,0.25138697845286784,0.37793092123296806,0.19882810773958592,0.1718539925745783
311,0.9556323825986746,0.9,0.9,0.19558968534535962,0.33199445873092626,0.20672274105678357,0.2656931148669305
312,0.9844260608305553,1.0,0.9,0.2971938495709644,0.3389599155039585,0.20077785905717044,0.16306837586790676
313,0.96608634810882,0.9,0.95,0.20036406585272679,0.24187401023269453,0.2626994235949854,0.29506250031959325
314,0.9883607029674444,1.0,0.9,0.3372957533945667,0.17011999154538718,0.2514277537336068,0.2411565013264393
315,0.986632094497263,1.0,0.95,0.24558405257211752,0.31267563037334456,0.22079362184408124,0.2209466952104568
316,0.9828126929250524,0.9,0.85,0.3399430321259706,0.15253237477611004,0.25045993914243725,0.2570646539554821
317,0.9841955797011975,1.0,0.85,0.35945747226884517,0.2962809322674779,0.20871768265236712,0.1355439128113098
318,0.9904844219450961,1.0,0.95,0.27975450522066353,0.2541989927545778,0.29860047258382383,0.16744602944093492
319,0.957295139317611,0.8,0.7,0.4732582466567171,0.2619960916789802,0.19932459017288381,0.06542107149141892
320,0.9402559986829649,0.8,0.9,0.16174692968661009,0.2794374941663908,0.3607554016633825,0.19806017448361649
321,0.9694447874223153,0.9,0.8,0.39387662415598856,0.12306451593421439,0.2399703700492084,0.2430884898605886
322,0.9927563073630488,1.0,0.9,0.314507942542192,0.25775397981900317,0.281463588278692,0.14627448936011278
323,0.9865333168703955,1.0,0.9,0.2966534854151159,0.2531495996673487,0.19435107080601977,0.2558458441115158
324,0.9777421080791866,0.9,0.95,0.26315451812729335,0.19209198981456344,0.3453675020559718,0.19938599000217158
325,0.914178705189941,0.8,0.85,0.12866900781523882,0.2201843195323819,0.3019685950731369,0.34917807757924235
326,0.9898917561838909,1.0,0.85,0.3484198077634715,0.20294207883200358,0.2893811057028368,0.15925700770168816
327,0.9472362843149359,0.9,0.85,0.32003504090805684,0.18533906612849552,0.16036606987624888,0.33425982308719876
328,0.972934930238301,0.9,0.8,0.4188924322533177,0.1514560021211476,0.23293655915399666,0.19671500647153797
329,0.9534428118697781,0.9,0.75,0.41563652174656257,0.22101835619033186,0.13737192856264482,0.22597319350046086
330,0.9739391694447873,0.9,0.85,0.38949344367989297,0.2109438455816965,0.17563271718098192,0.22392999355742865
331,0.8101164752850145,0.7,0.7,0.12648055757203308,0.18981335088954474,0.15943230496899224,0.52427378656943
332,0.9420998477178253,0.8,0.9,0.14786689365099995,0.27764765357060883,0.3146694300288745,0.2598160227495168
333,0.9469070255587109,0.9,0.8,0.35322817558369995,0.2049663797977556,0.13681126354692183,0.3049941810716225
334,0.9361073383545294,0.8,0.85,0.18832630908640094,0.15547363924687407,0.3903060245877884,0.2658940270789365
335,0.9934477507511215,1.0,0.95,0.2585637571351064,0.2751270543395617,0.2687221254151327,0.19758706311019908
336,0.9570811211260649,0.9,0.85,0.23589048256771203,0.35276364905710134,0.29531824555289005,0.11602762282229666
337,0.9270527225583404,0.8,0.85,0.1480812203767229,0.20932145862581272,0.3762511124769887,0.26634620852047575
338,0.9074618265629502,0.7,0.85,0.17165639737064722,0.14974263747797908,0.4361094255892217,0.242491539562152
339,0.8379717660616538,0.7,0.65,0.05717548254038894,0.31134918185102184,0.4477715672559706,0.18370376835261853
340,0.9099477301724491,0.9,0.75,0.2339701918501895,0.24423149748703898,0.13082145266879264,0.39097685799397885
341,0.9952915997859817,1.0,1.0,0.32224505489806854,0.24878138925819168,0.2741710246329069,0.1548025312108331
342,0.9516648145861628,0.8,0.9,0.16834978006020748,0.2642207706848423,0.2721426601576116,0.2952867890973385
343,0.9091575091575091,0.9,0.8,0.34845283522176473,0.25865152044677353,0.07434635583400247,0.3185492884974591
344,0.953623904185702,0.9,0.9,0.19609163284753067,0.34131234257562226,0.20364693392755126,0.25894909064929583
345,0.8996254681647938,0.8,0.75,0.15106220830684336,0.3238577832683184,0.4072112995874301,0.1178687088374082
346,0.9611803926410669,0.9,0.9,0.2610541230575718,0.12636992802737568,0.36398812250591894,0.24858782640913368
347,0.9061612544758612,0.7,0.8,0.22264005275887286,0.15965695536664137,0.4797322060391175,0.1379707858353683
348,0.9165493682347615,0.8,0.85,0.15226113473395736,0.18338046069787203,0.39988217538228726,0.26447622918588337
349,0.9957196361690742,1.0,1.0,0.27750104305236556,0.22962058710574768,0.2708047556759903,0.2220736141658966
350,0.9465119150512408,0.9,0.85,0.30041281782080453,0.19755570894979754,0.16302469211646653,0.3390067811129313
351,0.936667078240112,0.9,0.85,0.24431643584109955,0.42042418348387317,0.1398022127291568,0.19545716794587056
352,0.9394657776680249,0.9,0.85,0.22170197914641424,0.20378974691413998,0.20363972836470148,0.37086854557474425
353,0.9687862699098654,0.9,0.85,0.34947842902867626,0.27721326640492444,0.143969233964357,0.22933907060204223
354,0.9595999506111865,0.9,0.85,0.31301203596046373,0.3810362721654384,0.21896494848768033,0.08698674338641743
355,0.9484874675885911,0.9,0.9,0.2025647075487808,0.23655471665926517,0.22051311393303244,0.34036746185892147
356,0.934971395645553,0.9,0.8,0.32580297696142524,0.13944437668161835,0.17472808080695465,0.36002456555000173
357,0.9859241881713793,1.0,0.95,0.30749773083927606,0.18877708790630537,0.32465079197983365,0.17907438927458488
358,0.8134419887228875,0.6,0.65,0.11307503961090218,0.2329055363553414,0.5618134053120674,0.0922060187216892
359,0.9586944890315676,0.9,0.65,0.44432902300465643,0.3033310400754756,0.16896917397193986,0.08337076294792807
360,0.8673251841791167,0.8,0.85,0.07518144061787974,0.20739180540403518,0.32127715752523356,0.39614959645285136
361,0.9950940445322467,1.0,0.9,0.34646726940908956,0.244359425181809,0.22728847911985128,0.1818848262892501
362,0.956373214800181,0.9,0.85,0.3445774056446371,0.20630920846452847,0.15339486817815623,0.29571851771267793
363,0.9635839815615096,0.8,0.8,0.3852492522421517,0.12995692527066266,0.2088549145462321,0.27593890794095355
364,0.8978639338189899,0.7,0.75,0.2139618813184158,0.269965635721267,0.45646649214224944,0.059605990818067923
365,0.9906819771988311,1.0,0.9,0.3185041571428562,0.3057889759616162,0.2151772287533702,0.1605296381421573
366,0.9516318887105403,0.8,0.85,0.17377451516558692,0.3512541111373281,0.26974067503656546,0.20523069866051954
367,0.8695476807836356,0.8,0.75,0.289634727901878,0.31227137253650106,0.03819004866247034,0.35990385089915056
368,0.9267563896777379,0.8,0.85,0.15788630734667394,0.3900252388017512,0.1987871861146125,0.25330126773696227
369,0.9804091040046096,0.9,0.9,0.23694255434640343,0.3224603426631271,0.2728439208538777,0.16775318213659177
370,0.8871136354282422,0.8,0.75,0.09534318532360404,0.3986309710436392,0.3423524772927178,0.1636733663400389
371,0.9290776639091246,0.8,0.85,0.18416400215247827,0.16258394770243995,0.28964042832078707,0.36361162182429474
372,0.9918179199078075,1.0,0.85,0.3637041466380675,0.23052400072100906,0.24696915750699508,0.15880269513392828
373,0.978351236778203,0.9,0.9,0.2383174513711342,0.30747341241065207,0.2924418176615451,0.16176731855666865
374,0.9849034860270814,1.0,0.95,0.24220293420588843,0.25756865621378494,0.23867393957481928,0.26155447000550736
375,0.9466106926781083,0.8,0.75,0.3875887874939567,0.10359603492870292,0.3798810374976656,0.1289341400796749
376,0.9254722805284603,0.8,0.8,0.3244856931771332,0.10573819561048489,0.19201135546542736,0.3777647557469546
377,0.9947647857760217,1.0,0.85,0.34196996263970725,0.20900591711714692,0.26111004318150044,0.18791407706164537
378,0.9591719142280939,0.9,0.85,0.30643249407182865,0.36383951632393147,0.1337935252792651,0.19593446432497483
379,0.9209285096925545,0.8,0.9,0.12076932990901032,0.27678410106178697,0.31518407382998015,0.2872624951992226
380,0.9964933942462031,1.0,0.95,0.30222019691867313,0.23255999951528183,0.23517971515740393,0.2300400884086411
381,0.918409680207433,0.8,0.85,0.16779148165384783,0.17797100864324664,0.2683973655692892,0.38584014413361645
382,0.9574926945713461,1.0,0.9,0.21261369571824082,0.32740472459636877,0.1899968554268421,0.26998472425854836
383,0.9782524591513355,1.0,0.95,0.21313579405855335,0.2711394432217842,0.2676560450452797,0.24806871767438268
384,0.9657735522904063,0.9,0.85,0.27791465482606353,0.15035795910980274,0.25138073983983117,0.3203466462243027
385,0.8912458328188665,0.7,0.8,0.20508833061610346,0.12401191093557015,0.49212802002073625,0.17877173842759006
386,0.911758653331687,0.8,0.85,0.18006648621959312,0.32039316588171385,0.14753055429183223,0.35200979360686085
387,0.9841461908877639,1.0,0.9,0.2687137238357238,0.2525430272343123,0.20883906150413892,0.269904187425825
388,0.978878050788163,1.0,0.95,0.27836506705433905,0.1664899323159167,0.33647063637843,0.21867436425131428
389,0.9525044244145366,0.9,0.9,0.22075490101978165,0.139008539305802,0.3480475159865922,0.29218904368782406
390,0.9534263489319668,0.9,0.85,0.35292514342399944,0.23661727217417777,0.13376752952473095,0.276690054877092
391,0.993283121373009,1.0,1.0,0.2580479980743093,0.25920704021243113,0.24364768090132424,0.23909728081193532
392,0.892595793719389,0.8,0.75,0.20012190260235066,0.20492036444714046,0.15667673768343976,0.4382809952670692
393,0.9488661151582498,0.9,0.85,0.28867861260238337,0.4114112872088515,0.1460781452807724,0.15383195490799262
394,0.9719636169074372,1.0,0.95,0.26065342580638545,0.3064653151483692,0.17469001011829874,0.25819124892694656
395,0.9331604724863152,0.8,0.85,0.19207607909706123,0.2486976714390839,0.20008989984882064,0.35913634961503427
396,0.9830760999300324,1.0,0.85,0.35473215976870476,0.30705882967926346,0.19479586242311742,0.14341314812891434
397,0.9358439313495491,0.9,0.8,0.352324040883343,0.26500619412669396,0.10050253573584314,0.2821672292541199
398,0.9576243980738361,0.9,0.8,0.34722454859894536,0.1330109642239124,0.37606044239835745,0.14370404477878493
399,0.9936617689426678,1.0,0.95,0.2913478828832598,0.20473181849866876,0.2766344064071055,0.22728589221096593
400,0.9486027081532699,0.9,0.85,0.31860737942410744,0.18363635618029975,0.16565829233788773,0.3320979720577049
401,0.9894637198007983,1.0,0.85,0.36642205616967266,0.1941480122113931,0.2641369298714946,0.17529300174743956
402,0.9346256739515165,0.9,0.85,0.2173941729810322,0.13344996639354575,0.27555292512080626,0.3736029355046159
403,0.9375725398197308,0.9,0.7,0.41647643823690145,0.28142464930274347,0.09909274081482183,0.20300617164553322
404,0.8552249248878461,0.6,0.75,0.2539778930312866,0.13374400302515085,0.12211792999866206,0.4901601739449005
405,0.9842120426390089,1.0,0.9,0.31219961630642107,0.27271242560326486,0.2961132835381891,0.11897467455212492
406,0.9435321233074042,0.8,0.85,0.19040026755877587,0.3268722903196506,0.3384600635949889,0.1442673785265847
407,0.976326295427419,1.0,0.9,0.22906533366443235,0.2061107695789634,0.31928049677434506,0.2455433999822591
408,0.9059636992221263,0.9,0.75,0.36872661162726705,0.1593804564786361,0.1075586513859348,0.364334280508162
409,0.9847223937111577,1.0,0.9,0.3228013399022805,0.26544456221698526,0.18026662551000644,0.23148747237072773
410,0.9369634111207145,0.9,0.85,0.3301215488451578,0.22216966206303204,0.12122903730107275,0.3264797517907374
411,0.9813145655842285,1.0,0.95,0.22356933945576493,0.27690733479160234,0.24656631388596303,0.2529570118666698
412,0.9300983660534221,0.8,0.9,0.13771181206227004,0.2622515547544084,0.29578954292477605,0.3042470902585455
413,0.927810017697658,0.8,0.85,0.16595491612096017,0.1829830651654292,0.391005698202563,0.26005632051104766
414,0.9662345145491212,0.9,0.9,0.2643644865241746,0.28625925621285137,0.16980571489975893,0.2795705423632151
415,0.9438943079392518,0.9,0.85,0.22940383642223153,0.3133353107469137,0.15521231681211425,0.3020485360187406
416,0.9677491048277563,0.8,0.9,0.19435730267327955,0.31694786254188617,0.25644274630128805,0.23225208848354614
417,0.9878832777709182,1.0,0.95,0.24756270613547568,0.2756176920427772,0.23165001869245563,0.24516958312929152
418,0.9539202370663045,0.9,0.9,0.2782916404711802,0.09396990389473063,0.31270006480186824,0.31503839083222096
419,0.9507428900687327,0.9,0.9,0.23456295288947426,0.2838277053344682,0.16559516985183625,0.3160141719242211
420,0.8605918426143144,0.7,0.75,0.21170659670802297,0.0624088269322032,0.5372221510636798,0.188662425296094
421,0.9816602872782648,1.0,0.9,0.22483585564008965,0.2545554569842326,0.2866278997434864,0.23398078763219138
422,0.9533769601185331,0.9,0.9,0.3286619437647778,0.25401587635024586,0.13187193251475263,0.2854502473702236
423,0.9159567024735564,0.8,0.85,0.2540506940863894,0.11881245778363472,0.2135800970359343,0.4135567510940415
424,0.9692143062929578,1.0,0.9,0.3246173820654622,0.3322850366069126,0.14800864170191733,0.1950889396257078
425,0.9366012264888669,0.8,0.75,0.2272519837025239,0.4360651830548185,0.2145219101787395,0.12216092306391808
426,0.9205827879985183,0.9,0.8,0.3218729479736438,0.18966109043823257,0.12098798791677275,0.3674779736713509
427,0.93283121373009,0.8,0.85,0.29811149957320665,0.44245483552813336,0.15677096805394,0.10266269684471999
428,0.9779890521463555,0.9,0.9,0.28293139903176506,0.15211066302943896,0.28110192954019053,0.28385600839860536
429,0.9015516318887105,0.7,0.8,0.14938060258327907,0.2348556498570295,0.43912554638573625,0.17663820117395523
430,0.9285508498991644,0.7,0.6,0.5446576440480035,0.10812907646698991,0.21592736512438532,0.13128591436062137
431,0.8887599292093673,0.7,0.8,0.1497845572395952,0.1799169715519205,0.4583277514439195,0.21197071976456475
432,0.9678808083302465,0.9,0.7,0.44260832198041233,0.22549783477049576,0.21269022952718014,0.11920361372191184
433,0.9812487138329835,1.0,0.8,0.3628970677856693,0.30442243665271723,0.18413531822461424,0.14854517733699926
434,0.9277770918220356,0.9,0.85,0.22919116043537882,0.11076526502352088,0.27234623767479976,0.3876973368663006
435,0.9447997695188707,0.7,0.7,0.41572381456504803,0.1012982375709624,0.36642846769109916,0.11654948017289038
436,0.8512244309997119,0.8,0.8,0.07108234013101587,0.3836740146139771,0.18570198758740258,0.3595416576676045
437,0.9829608593653537,1.0,0.9,0.33071552537378895,0.312001651721193,0.2357422649092378,0.12154055799578033
438,0.943581512120838,0.8,0.8,0.17030678432198978,0.3554312667343326,0.29975310834235064,0.17450884060132685
439,0.9772811458204715,1.0,0.9,0.21171132340575022,0.31447576248145065,0.2556943289467851,0.21811858516601412
440,0.973000781989546,1.0,0.9,0.28693972944295054,0.2826525346274761,0.16601908294062712,0.26438865298894626
441,0.9861711322385478,1.0,0.9,0.3223073284406424,0.2654586826122822,0.18465635567729982,0.22757763326977562
442,0.8396509857184014,0.7,0.75,0.15130159821647238,0.2848144744618767,0.10612925208802144,0.4577546752336294
443,0.9936946948182902,1.0,0.9,0.2928907995949914,0.20835263102170443,0.2531501237246055,0.2456064456586987
444,0.9221796929662098,0.9,0.8,0.22406798714222415,0.19227497830642326,0.18221130483705572,0.40144572971429676
445,0.9155122031526526,0.8,0.9,0.15505943884014267,0.15654314361204832,0.35159876141280083,0.3367986561350082
446,0.9543811993250195,0.8,0.9,0.22113993941608792,0.3160850959185241,0.33477418959505845,0.12800077507032967
447,0.9933325101864426,1.0,0.95,0.3091420655756666,0.23725063507345737,0.21552910840205614,0.23807819094882005
448,0.9308227353171172,0.9,0.85,0.32721936888116326,0.27208346188110094,0.09824319250078535,0.3024539767369504
449,0.8463020125941473,0.7,0.8,0.08299219940687495,0.3793079951777742,0.16134489228713214,0.37635491312821867
450,0.9592542289171502,0.9,0.9,0.2262387481757165,0.15828965357305408,0.3634385293049005,0.25203306894632893
451,0.9679631230193027,0.9,0.8,0.3767269303918766,0.10760175263842879,0.2547996488137645,0.26087166815593005
452,0.9705478042556693,1.0,0.9,0.2880659352963043,0.37392322513314247,0.1990223972336054,0.13898844233694796
453,0.9527349055438942,0.8,0.85,0.19878355363780198,0.2639233469950008,0.3611669713091727,0.17612612805802452
454,0.8984730625180063,0.8,0.8,0.16191432476689513,0.13523585726361428,0.28826499437687425,0.4145848235926163
455,0.9295880149812733,0.8,0.85,0.13832884198778658,0.2902891504009024,0.36437922109376647,0.20700278651754458
456,0.8224307527678313,0.7,0.8,0.10809330922026285,0.36935039466577885,0.10467384900732986,0.4178824471066284
457,0.9565543071161049,0.9,0.85,0.2396955538102684,0.15125665158652643,0.272437783662831,0.33661001094037407
458,0.9269539449314729,0.8,0.8,0.19242305687263353,0.2348230423958184,0.20034692032358875,0.3724069804079593
459,0.9677491048277563,0.9,0.9,0.2647352580237768,0.31654815562400723,0.30460279983617744,0.1141137865160385
460,0.9141951681277525,0.8,0.8,0.176228608953233,0.3279377530510958,0.3893722957688631,0.10646134222680802
461,0.9772811458204715,0.9,0.85,0.37944141855271024,0.22394787400714689,0.17730102042225357,0.21930968701788925
462,0.9292916821006707,0.8,0.9,0.16421967021126477,0.2299155872961212,0.24662811890789682,0.3592366235847172
463,0.9738568547557311,0.9,0.85,0.3132387032253348,0.16439377018090484,0.22074395948624698,0.3016235671075133
464,0.9543153475737746,0.8,0.95,0.19369541000019452,0.23318877907395724,0.24727357355813057,0.3258422373677175
465,0.9907149030744536,1.0,0.95,0.28569478294853573,0.19227636337508544,0.2944103114790613,0.2276185421973175
466,0.9368152446804131,0.8,0.9,0.14935097063669978,0.2794946630819582,0.26009572157266125,0.3110586447086808
467,0.9896283491789108,1.0,0.95,0.259689541758571,0.31312879898417856,0.231394982892901,0.19578667636434938
468,0.9298349590484422,0.9,0.8,0.27756404576517657,0.17055686252186447,0.16464249034139172,0.38723660137156724
469,0.9634193521833969,0.9,0.9,0.2183484165573707,0.18886498457492693,0.36251501764774197,0.2302715812199605
470,0.9573609910688562,0.9,0.95,0.2768384960667102,0.324250132775832,0.13777006281792586,0.2611413083395319
471,0.971634358151212,1.0,0.9,0.21133014352134408,0.2508492683512269,0.3208681364125883,0.21695245171484057
472,0.9698398979297855,0.9,0.9,0.22476246978944076,0.19012443614331892,0.2923878955400227,0.29272519852721746
473,0.9401242951804749,0.8,0.85,0.19067279867397055,0.28422216860326727,0.3753174814595627,0.1497875512631996
474,0.9719142280940033,1.0,0.95,0.26653584420695947,0.326175914049615,0.1716860532542389,0.23560218848918665
475,0.953953162941927,0.8,0.65,0.49763079419060435,0.19096234064319684,0.20087081491805941,0.11053605024813921
476,0.9863686874922829,1.0,0.85,0.3683474955212072,0.1642877681573808,0.27361156909289486,0.1937531672285172
477,0.9449808618347944,0.8,0.85,0.3156409178181228,0.057999187198347936,0.29622401081353344,0.33013588416999584
478,0.9817261390295098,1.0,0.95,0.24421943225564652,0.2513301209997469,0.2303745037724389,0.2740759429721678
479,0.9832901181215788,1.0,0.75,0.363912647735096,0.2881984590610441,0.1849462288543283,0.16294266434953156
480,0.9728361526114335,0.9,0.85,0.3537631626526644,0.271552414027602,0.15022385818467573,0.22446056513505797
481,0.9702185454994443,1.0,0.7,0.4081361720495551,0.28985640431581927,0.19281996425458595,0.1091874593800397
482,0.9653125900316911,0.9,0.9,0.24867663601535997,0.2262639876010398,0.20816458432914706,0.3168947920544532
483,0.9731654113676586,0.9,0.8,0.38281171805522163,0.14586785183053447,0.30727854544460576,0.164041884669638
484,0.932106844466395,0.9,0.8,0.26443590799867744,0.17245025476417,0.17550470504875668,0.38760913218839577
485,0.9918673087212413,1.0,0.9,0.3324607403566825,0.2906809017778766,0.22773679075815786,0.14912156710728308
486,0.9254722805284603,0.8,0.85,0.16737090463022733,0.23453523316288477,0.2321459616396989,0.365947900567189
487,0.9803432522533646,1.0,0.75,0.3985997725409878,0.24231724587441741,0.19374167727144037,0.16534130431315452
488,0.8552907766390911,0.7,0.8,0.11117239042470532,0.136376811661562,0.48357245497898876,0.26887834293474394
489,0.9076264559410626,0.8,0.8,0.24621737008873912,0.16489277401787872,0.48056619767932235,0.10832365821405984
490,0.788879285508499,0.7,0.65,0.10236211862583469,0.5834732016771385,0.11360919365473311,0.20055548604229362
491,0.9408651273819812,0.8,0.85,0.17648760441368785,0.289616936069345,0.20871358944959215,0.325181870067375
492,0.9315800304564348,0.8,0.75,0.3650580371680946,0.11811564147928721,0.1711949153783987,0.3456314059742196
493,0.9653290529695024,0.9,0.85,0.27647724482328695,0.19003094357178799,0.21316056958782084,0.32033124201710417
494,0.9343128781331027,0.8,0.9,0.16075602882609222,0.20323217584092157,0.313646241680386,0.32236555365260033
495,0.984030950323085,1.0,0.9,0.2665547922376899,0.1914083887575987,0.26522046182895115,0.2768163571757602
496,0.916911552866609,0.8,0.85,0.15563157833332952,0.16656288716794754,0.3929775766121207,0.28482795788660237
497,0.9953739144750381,1.0,0.95,0.3336745569395448,0.2266021190960907,0.27656309376151417,0.16316023020285028
498,0.9641766473227148,0.9,0.85,0.25450611102449794,0.16502962891686004,0.2634915529673761,0.3169727070912659
499,0.9897765156192122,1.0,0.85,0.3579415137212996,0.2604125845350876,0.20729141794434253,0.17435448379927038
500,0.9773963863851505,0.9,0.9,0.3344932289469899,0.22876840228347975,0.17411401816557218,0.26262435060395817
501,0.9855455406017203,1.0,0.85,0.3413011159909191,0.16089197476408879,0.2477897768478696,0.2500171323971225
502,0.9510227600115241,0.9,0.8,0.40275235169306683,0.19043094762856505,0.14617984456430655,0.26063685611406157
503,0.9706795077581594,0.9,0.9,0.261864480735424,0.20928367211689977,0.3626523465452652,0.16619950060241104
504,0.9793554759846894,1.0,0.8,0.3692002174198505,0.1669369237603032,0.21712277213922418,0.24674008668062222
505,0.9636992221261884,0.9,0.9,0.267362224854476,0.15442316138660425,0.37542855083001897,0.2027860629289008
506,0.9575256204469687,0.8,0.75,0.46706694548042094,0.13847355151156726,0.20284127075584996,0.1916182322521619
507,0.917487755690003,0.8,0.85,0.15692178129809833,0.2352500411739796,0.23393991554966556,0.37388826197825653
508,0.9825657488578835,1.0,0.95,0.22831209535651148,0.24597139242969668,0.2780000332263039,0.24771647898748797
509,0.9916203646540724,1.0,0.95,0.3107765802365038,0.20227734048367488,0.302055841167965,0.18489023811185643
510,0.9933325101864426,1.0,0.95,0.28805665190816176,0.271394752672564,0.279179383251675,0.16136921216759928
511,0.8441618306786847,0.7,0.8,0.05776192172658228,0.22480256158781345,0.4359658296517595,0.2814696870338448
512,0.8868008396098283,0.8,0.8,0.2826926511648013,0.12132358941365412,0.1472022314535257,0.44878152796801896
513,0.9469564143721446,0.8,0.9,0.15390536658534884,0.2867363211599229,0.2865394630654998,0.2728188491892285
514,0.9673046055068526,0.9,0.7,0.42014289402429145,0.22276687339765255,0.2765730938565564,0.08051713872149972
515,0.9696423426760504,0.9,0.7,0.40754535346069937,0.2829980142414802,0.1614129894640681,0.14804364283375232
516,0.9671399761287401,0.8,0.65,0.4420060461820227,0.19327851644877936,0.19944612260838787,0.16526931476081003
517,0.9621517059719306,0.9,0.9,0.25762370026047243,0.2868078987238369,0.16794262376060687,0.28762577725508376
518,0.9393670000411574,0.9,0.85,0.2823523564838005,0.14169055139760867,0.4308220548629904,0.14513503725560048
519,0.9845413013952339,1.0,0.9,0.30717662266251483,0.2978179479741554,0.27430854479695427,0.12069688456637574
520,0.9412602378894513,0.8,0.7,0.4363819403451813,0.07670081826250101,0.3581829544062569,0.12873428698606082
521,0.9258015392846852,0.8,0.75,0.17953969072258064,0.41343715859737423,0.28869220874671275,0.11833094193333236
522,0.8958554554060171,0.8,0.85,0.14241022041660778,0.32845816698624214,0.17083967021237378,0.3582919423847764
523,0.9724410421039633,0.9,0.85,0.33145525401330816,0.1755451086385419,0.1980545620318029,0.294945075316347
524,0.878766925957937,0.7,0.8,0.12475887312858737,0.19066826768794576,0.46604264790322436,0.2185302112802425
525,0.9056509034037122,0.8,0.75,0.16101478397222777,0.448676048736214,0.2744846418665461,0.1158245254250121
526,0.9283697575832407,0.8,0.85,0.25686220577637997,0.16267290759660633,0.45056433406346424,0.12990055256354954
527,0.9737910030044861,0.9,0.75,0.4217689081871361,0.15978745703397407,0.26520557348729146,0.15323806129159834
528,0.9536732929991356,0.9,0.85,0.23968546236968416,0.1965775870011291,0.21418199531810528,0.34955495531108155
529,0.9285179240235419,0.8,0.8,0.2500263522331522,0.24133507039555677,0.42055037268581447,0.08808820468547648
530,0.9577231757007036,0.9,0.85,0.28631569001142265,0.17279146253251637,0.39290695751043253,0.14798588994562845
531,0.9895624974276658,1.0,0.85,0.35375326113493777,0.23059383296483973,0.20252294563129603,0.21312996026892644
532,0.9314483269539447,0.8,0.9,0.16813838378182225,0.1750628509121516,0.3288985232089049,0.32790024209712115
533,0.9639626291311684,0.8,0.9,0.20842408657644831,0.24924658753470677,0.3508583632253772,0.19147096266346758
534,0.8771535580524344,0.8,0.75,0.09318004700998438,0.44567924146808663,0.27122724727707154,0.18991346424485736
535,0.9104251553689756,0.7,0.8,0.20286434500228925,0.1897299603541317,0.46113583149032783,0.14626986315325116
536,0.9879162036465406,1.0,0.95,0.25840291790434905,0.2583043375559715,0.30260499418732234,0.18068775035235715
537,0.975667777914969,1.0,0.75,0.38002177516416863,0.298438502667844,0.17312637342120152,0.14841334874678588
538,0.9708112112606493,0.9,0.9,0.27387121758006466,0.23551815605693838,0.18932731679454837,0.30128330956844845
539,0.9186566242746018,0.8,0.75,0.20138082434004376,0.4545588803153006,0.18421842540692915,0.1598418699377264
540,0.980573733382722,1.0,0.95,0.225662253035649,0.25268203486770224,0.2613992843104534,0.26025642778619534
541,0.9786146437831831,0.9,0.95,0.25889132957455685,0.250399374584793,0.33279102771707847,0.15791826812357174
542,0.8775980573733383,0.7,0.8,0.20997418018913397,0.13577220075112414,0.18710691330513493,0.467146705754607
543,0.9669918096884388,0.8,0.9,0.19556346842080957,0.321275157351175,0.2868542990569218,0.19630707517109364
544,0.9322714738445076,0.9,0.85,0.3180225614649719,0.3007173134153342,0.09555057223328978,0.28570955288640393
545,0.9655595340988599,1.0,0.9,0.21695654132270367,0.18232616720786018,0.34164223613261285,0.2590750553368233
546,0.9661851257356875,0.9,0.9,0.267933899400999,0.15325834369401287,0.37133141193769575,0.20747634496729236
547,0.9065728279211425,0.9,0.8,0.33265092968482973,0.2379365196996063,0.08256638540880493,0.3468461652067591
548,0.9008601885006379,0.8,0.8,0.27579592749237253,0.1291485290803445,0.16493173639884987,0.4301238070284331
549,0.8553072395769025,0.7,0.8,0.09618017138378879,0.17024073652141822,0.46945725937772625,0.2641218327170668
550,0.939416388854591,0.9,0.8,0.36575199946564685,0.2329548959906874,0.11177306984861028,0.2895200346950555
551,0.9585957114047001,0.9,0.85,0.2099130160502265,0.19999807148332105,0.3729469063577629,0.21714200610868944
552,0.9933325101864426,1.0,0.95,0.28521531447950005,0.20858020918318676,0.2807371818727191,0.22546729446459396
553,0.9580195085813064,0.8,0.85,0.19091286079403594,0.35607366835843907,0.27168454319653706,0.1813289276509879
554,0.9684076223402066,0.9,0.8,0.33899249541819976,0.23688672453431417,0.32860258759798633,0.09551819244949972
555,0.9501831501831501,0.8,0.9,0.16880878819373377,0.30237066805271806,0.25595718011521257,0.2728633636383355
556,0.981149936206116,1.0,0.95,0.2421252379840354,0.2078081269677439,0.2767144298141319,0.27335220523408876
557,0.9774128493229616,0.9,0.9,0.29514561883823565,0.14185029933880064,0.2859695527878547,0.27703452903510895
558,0.9746141498950487,1.0,0.9,0.24596273831827561,0.2445359602996092,0.21696298686384072,0.29253831451827444
559,0.9583816932131538,0.8,0.7,0.47101120493487947,0.157566578838888,0.19697244423115176,0.17444977199508072
560,0.9657406264147838,0.9,0.9,0.20924686324667452,0.35892204885181156,0.24327601251140937,0.18855507539010458
561,0.9427089764168415,0.8,0.85,0.16474525424672165,0.3501085619908773,0.2994219068054762,0.1857242769569249
562,0.9971519117586531,1.0,1.0,0.2968037447168804,0.24434838726944755,0.27655588726257957,0.18229198075109246
563,0.9777421080791866,1.0,0.9,0.21792912209273016,0.3181901246679473,0.2361027596659957,0.22777799357332684
564,0.8450343663826808,0.5,0.75,0.15468910703270758,0.09413708204457981,0.2483157367810053,0.5028580741417074
565,0.9390048154093098,0.9,0.85,0.2689555846449503,0.3683899385510648,0.11436789602389207,0.2482865807800929
566,0.9591060624768489,0.9,0.9,0.2278524717289546,0.17068970427628222,0.37254993439517897,0.22890788959958436
567,0.9033296291723258,0.8,0.85,0.09815589282988273,0.3531453463713951,0.28933871117495213,0.2593600496237701
568,0.9078734000082314,0.8,0.85,0.1185891559568573,0.2371957468199345,0.3960328511759092,0.24818224604729885
569,0.9092068979709428,0.8,0.9,0.10987396201531886,0.2852592950306418,0.27713587021388386,0.32773087274015555
570,0.9893649421739308,1.0,0.9,0.31228935343261016,0.16999667893584997,0.27872849752331885,0.23898547010822105
571,0.9067045314236325,0.8,0.8,0.19768809748412927,0.2850190313559535,0.13257739573495128,0.3847154754249658
572,0.9871424455694118,1.0,0.95,0.23182483310035162,0.2785544251472358,0.2619629266666757,0.2276578150857369
573,0.9336543606206528,0.8,0.75,0.37185700656838205,0.04323485405415069,0.3948347130763895,0.1900734263010778
574,0.9553689755936946,0.8,0.9,0.2212102644943356,0.26713757846610864,0.3633121330411062,0.14834002399844953
575,0.9785817179075605,1.0,0.9,0.222053800099116,0.23610181349264617,0.2989887686870837,0.24285561772115427
576,0.9064905132320862,0.7,0.85,0.28019931994511255,0.0894005302356062,0.20552089084068909,0.42487925897859224
577,0.9640120179446022,0.9,0.9,0.1865006384122349,0.2523531139932719,0.312453259609779,0.2486929879847141
578,0.9833724328106349,1.0,0.85,0.3885348564657079,0.18398583431640825,0.23090858333529815,0.19657072588258573
579,0.9504300942503189,0.9,0.8,0.3144235219226773,0.14788219736182193,0.4063132753321537,0.13138100538334713
580,0.9706465818825368,0.9,0.8,0.40723576022063546,0.12413589492775998,0.2670471293435098,0.20158121550809466
581,0.9854961517882865,1.0,0.9,0.31142015252693855,0.25664214811993713,0.303952266444996,0.1279854329081284
582,0.9701691566860107,0.9,0.95,0.20623869757713628,0.258934616968099,0.25578165502686784,0.2790450304278968
583,0.9815285837757748,1.0,0.9,0.2373410483304234,0.2363616040849528,0.3157451959503807,0.21055215163424315
584,0.9384286125859159,0.8,0.85,0.17499066528675428,0.22819723884336618,0.39105744210105015,0.20575465376882937
585,0.9802774005021195,1.0,0.95,0.27787014998098175,0.2984691348588186,0.1800828261241539,0.24357788903604566
586,0.9378688727003334,0.8,0.8,0.16653004343242342,0.34364461598080537,0.3311419063350118,0.15868343425175926
587,0.9734288183726386,1.0,0.95,0.20929432054716887,0.2812844931069724,0.2487313297538553,0.26068985659200333
588,0.8907025558710951,0.8,0.7,0.15469195930447058,0.4822681787754345,0.18272623238682137,0.1803136295332735
589,0.9107050253117667,0.8,0.85,0.12396771997790158,0.21926550321459515,0.3857150873065168,0.27105168950098657
590,0.9598468946783554,0.9,0.9,0.17778073070589986,0.2576411821464866,0.29861685167960605,0.2659612354680075
591,0.9019796682718031,0.8,0.75,0.10301275705607749,0.3789225355595352,0.333085603398153,0.18497910398623432
592,0.9462155821706383,0.9,0.85,0.24073899644141733,0.31944509598691406,0.1498248980313661,0.28999100954030255
593,0.9424949582252953,0.8,0.8,0.3324714151656425,0.05588122930625436,0.28507645330793163,0.32657090222017154
594,0.8749475243857265,0.7,0.75,0.1594363297284601,0.2150854958973198,0.17263483056521756,0.4528433438090025
595,0.9569164917479525,0.9,0.85,0.2176802929403688,0.17823178434092282,0.3735505831435259,0.2305373395751824
596,0.9673046055068526,0.9,0.9,0.24755363241346884,0.23798712569825883,0.3615436800877446,0.1529155618005276
597,0.9728196896736222,0.9,0.9,0.24846399406633482,0.2135974821523268,0.3537903697844251,0.18414815399691323
598,0.911626949829197,0.8,0.9,0.13510651111476862,0.24069804980478227,0.2541642787179703,0.37003116036247874
599,0.8447544964398896,0.6,0.75,0.14236319781890963,0.10633839982761176,0.25632383616101845,0.49497456619246016
600,0.9534263489319668,0.9,0.9,0.3156661460890461,0.32384002310472587,0.12044067216246225,0.24005315864376567
601,0.9408980532576038,0.9,0.75,0.3932251885992875,0.269258541154225,0.10251124528862195,0.2350050249578655
602,0.9487838004691936,0.8,0.75,0.426003102998772,0.04634299418859864,0.31505251256195527,0.21260139025067423
603,0.991784994032185,1.0,0.9,0.3243514989760946,0.1830293895296767,0.26965157027789605,0.2229675412163326
604,0.8939622175577231,0.8,0.7,0.16638322240765124,0.46167664561718047,0.1577058068854616,0.2142343250897067
605,0.939548092357081,0.8,0.85,0.17981632531970868,0.1963444444278292,0.38934591048175105,0.2344933197707111
606,0.935448820842079,0.8,0.8,0.1646877439217892,0.38130424218781733,0.28780450730917523,0.1662035065812182
607,0.9354158949664567,0.8,0.65,0.5331512041055095,0.15693721705940636,0.17866702558446138,0.13124455325062265
608,0.8575955879326665,0.8,0.75,0.09282066735675572,0.47223862214490314,0.3089643484980102,0.12597636200033083
609,0.9596164135489978,1.0,0.85,0.2442286863394366,0.3684311855965168,0.17341907002590465,0.21392105803814196
610,0.9121043750257232,0.8,0.6,0.5155944058931877,0.20329872455664488,0.10521775320737534,0.17588911634279217
611,0.9060130880355598,0.8,0.75,0.14007791005015077,0.4387429291315057,0.21223035619925473,0.20894880461908882
612,0.8899617236695888,0.7,0.55,0.5916905327778045,0.13632810364242093,0.12402552498712785,0.14795583859264666
613,0.9845248384574228,1.0,0.9,0.3513411290358269,0.29573913780091826,0.18036530393125697,0.1725544292319978
614,0.9793554759846894,1.0,0.9,0.26891346179208814,0.2445936477296106,0.2035899069533777,0.2829029835249236
615,0.9225748034736797,0.8,0.9,0.15501454461552144,0.17739492100375634,0.3558702369192632,0.31172029746145896
616,0.8383998024447462,0.7,0.8,0.06178551510460423,0.19999425839487522,0.45972121898214335,0.27849900751837714
617,0.9211425278841009,0.8,0.85,0.18157878169963584,0.15866357743178033,0.2731207094342284,0.38663693143435557
618,0.9058813845330699,0.8,0.85,0.11355652370224956,0.3272568262712633,0.24539798761053935,0.3137886624159477
619,0.898193192575215,0.8,0.85,0.08917508514704002,0.3103741111564566,0.3481657769552715,0.25228502674123177
620,0.9713215623327982,0.8,0.8,0.3802985604546746,0.15547162581761245,0.2100158362388365,0.25421397748887653
621,0.9378853356381445,0.9,0.85,0.24722703708457275,0.18465804502915042,0.1940073602652367,0.37410755762104003
622,0.943005309297444,0.9,0.85,0.19051573343086586,0.3121962702585888,0.18593618778857154,0.31135180852197375
623,0.9649010165864098,1.0,0.95,0.24747217112450837,0.31226425609849834,0.17251869399937758,0.26774487877761577
624,0.9739720953204098,1.0,0.95,0.2191268012977073,0.24732951265593528,0.2568475286403343,0.27669615740602316
625,0.9651314977157673,0.9,0.85,0.3046553804702637,0.16061200604324574,0.2129164679081625,0.32181614557832805
626,0.9151829443964274,0.8,0.75,0.3862121557556105,0.1186856132493512,0.14023639473368732,0.35486583626135104
627,0.9370786516853931,0.9,0.85,0.2463800755164266,0.13682136883923401,0.23792221695598395,0.37887633868835546
628,0.9906325883853973,1.0,0.95,0.24486097528811926,0.2949740700305581,0.25521335728732486,0.20495159739399782
629,0.9239247643742023,0.8,0.85,0.30894736962022684,0.11489494720505501,0.1855135355292724,0.3906441476454456
630,0.9449479359591718,0.8,0.9,0.1554642730577975,0.32475748320033676,0.2657980400479116,0.25398020369395424
631,0.9603901716261265,0.9,0.9,0.3205245764283488,0.3487515970301933,0.12902222420334555,0.20170160233811235
632,0.8869654689879408,0.8,0.75,0.11051837441732242,0.4435531332708034,0.3026700548788387,0.14325843743303554
633,0.9937276206939127,1.0,0.95,0.2988487886937083,0.24677841933362926,0.2905824498535781,0.16379034211908444
634,0.9655430711610486,0.8,0.8,0.38794136436972604,0.13120105055161674,0.21772524511596159,0.26313233996269575
635,0.9855455406017203,1.0,0.85,0.3530248257683276,0.22419733387710336,0.19424689656096672,0.2285309437936023
636,0.9592377659793389,0.9,0.9,0.24788238312495428,0.25787587632135694,0.365937864576577,0.12830387597711174
637,0.8939292916821006,0.7,0.85,0.1335919941268785,0.14779754395022593,0.4042433778107387,0.3143670841121569
638,0.9598798205539778,0.9,0.95,0.27968905400488514,0.3356721126102648,0.14163083669464765,0.24300799669020248
639,0.9328147507922788,0.9,0.75,0.37965337383187436,0.17031991698562401,0.1310603384720356,0.318966370710466
640,0.8990821912170225,0.8,0.8,0.1259760725674117,0.31673291812593984,0.40014425814056787,0.15714675116608054
641,0.9204181586204058,0.8,0.85,0.13753276263530664,0.3329183141118895,0.21644675695788457,0.31310216629491927
642,0.9087459357122277,0.8,0.8,0.1851330420652632,0.1916435595264449,0.21036423537186738,0.41285916303642445
643,0.9902704037535498,1.0,0.85,0.3493950273448082,0.17393575060851887,0.26610325518001005,0.2105659668666629
644,0.9635016668724533,0.9,0.85,0.20716983470690045,0.32830541149932446,0.2986252659020477,0.16589948789172745
645,0.984738856648969,1.0,0.95,0.2693796162070446,0.20629775414368792,0.322347674670004,0.2019749549792635
646,0.8563444046590114,0.8,0.75,0.22701465781320324,0.19584041029486943,0.10040229103603654,0.47674264085589074
647,0.9436144379964604,0.8,0.85,0.18817527950269863,0.36812333786223306,0.19207500747974549,0.25162637515532266
648,0.8892702802815162,0.8,0.75,0.16600713151466548,0.16799196587566428,0.2220617144729526,0.44393918813671773
649,0.8899287977939663,0.7,0.8,0.16261824531950808,0.09080749958279064,0.3953448709352763,0.3512293841624249
650,0.8714903074453635,0.7,0.75,0.13954040903519224,0.3927780747945681,0.40053615021575273,0.06714536595448682
651,0.9596164135489978,0.9,0.9,0.18063171140820825,0.24354378419208916,0.29785522698997186,0.27796927740973065
652,0.9608511338848417,0.9,0.9,0.24176943095613682,0.1427793908601339,0.3038601968738666,0.3115909813098627
653,0.9766061653702103,0.9,0.85,0.4003412090334579,0.1467760087605814,0.24075490139582711,0.21212788081013362
654,0.9719636169074372,0.9,0.9,0.2140283749962066,0.3517552154037825,0.23761355232080839,0.1966028572792025
655,0.9344445816355926,0.9,0.85,0.3032655242097818,0.17780711171537109,0.15446494147852358,0.3644624225963236
656,0.9587603407828126,0.9,0.85,0.3243720885771686,0.08339917034129471,0.2964311795738334,0.29579756150770325
657,0.8237642507305428,0.7,0.75,0.1973781097200589,0.19392143600415562,0.09683905537569462,0.5118613989000907
658,0.9867308721241305,1.0,0.95,0.24255225971670807,0.31588060816982616,0.24879187899388594,0.1927752531195799
659,0.985792484668889,1.0,0.9,0.31432075211006805,0.23426137977587952,0.19704120273741704,0.2543766653766354
660,0.946462526237807,0.8,0.85,0.16986749413609972,0.3587501863994484,0.2504787001140514,0.2209036193504006
661,0.909997118985883,0.8,0.75,0.12783837394268877,0.3528039952666256,0.348880048863817,0.1704775819268688
662,0.9033296291723258,0.8,0.75,0.11199173537514126,0.3427901692790834,0.36191220423453313,0.18330589111124226
663,0.9723916532905296,0.9,0.9,0.23827133615986928,0.34819863302620857,0.26646941394011225,0.14706061687380995
664,0.8955755854632259,0.8,0.85,0.15681540214166684,0.2959150509322477,0.16113515640883794,0.3861343905172475
665,0.9961805984277894,1.0,1.0,0.2987818818717394,0.28094552428338965,0.25271685163895835,0.16755574220591257
666,0.94939292916821,0.9,0.85,0.24320107956771078,0.12677548772955188,0.28309100848130814,0.3469324242214291
667,0.9323867144091862,0.9,0.85,0.22704850071407806,0.37673117095821756,0.1303586966394521,0.26586163168825205
668,0.902243075276783,0.8,0.8,0.2418088894951194,0.34127020225811405,0.0846699019641928,0.3322510062825737
669,0.8970572498662386,0.7,0.8,0.1381207709741292,0.19204855232224344,0.4294863053876753,0.24034437131595204
670,0.9754208338478001,1.0,0.9,0.22228580699470046,0.21424054766780706,0.29916454708250306,0.26430909825498944
671,0.9961147466765444,1.0,1.0,0.2704649947825704,0.2555953184350237,0.247987503223266,0.22595218355913985
672,0.9326665843519776,0.8,0.85,0.15719115904162095,0.3609888930062454,0.21931834756486102,0.26250160038727255
673,0.9893814051117422,1.0,0.9,0.3286859626080456,0.21947195685749202,0.2117472550554445,0.24009482547901798
674,0.9190846606576945,0.8,0.9,0.11804004396244112,0.30793168049127456,0.28871868119494226,0.28530959435134207
675,0.9757007037905915,0.9,0.95,0.27207648064732076,0.17476450955163123,0.34940447616130144,0.20375453363974652
676,0.9643577396386384,0.9,0.85,0.3023718348202136,0.14234812254569223,0.23388898468651712,0.3213910579475771
677,0.9739227065069761,1.0,0.95,0.2970277170950095,0.2965354014950281,0.15999160272449578,0.24644527868546665
678,0.9613450220191794,0.9,0.9,0.28212576008612616,0.3013207979024935,0.3210035107561376,0.09554993125524257
679,0.9626291311684568,0.9,0.9,0.2962690400390485,0.17313620760474974,0.38251205512600317,0.14808269723019865
680,0.8757212824628554,0.7,0.85,0.12751471958183577,0.3103895838424447,0.1706378478173392,0.39145784875838024
681,0.9854303000370415,1.0,0.95,0.283857384723885,0.19159651619900592,0.3254282181511679,0.1991178809259412
682,0.9569329546857636,0.9,0.75,0.3357062110075072,0.17541061364447322,0.3780783161807769,0.1108048591672426
683,0.9300983660534221,0.8,0.85,0.18538462086752827,0.2010651842681206,0.24152504691073517,0.37202514795361585
684,0.934971395645553,0.8,0.85,0.22462550818429183,0.30994505921211535,0.3693578385777418,0.0960715940258511
685,0.9599292093674114,0.9,0.8,0.32039198833020804,0.168809858470641,0.38092746807332617,0.1298706851258248
686,0.8897641684158537,0.8,0.75,0.1024669036007561,0.371541549761555,0.36127161201953006,0.16471993461815898
687,0.9379676503272009,0.8,0.85,0.15005208753102303,0.3480086800123067,0.2893339664933106,0.2126052659633597
688,0.9458698604766018,0.9,0.9,0.27584664729196806,0.25222229926095635,0.14396073402284687,0.3279703194242288
689,0.945935712227847,0.9,0.85,0.22609113496899652,0.16955337010516564,0.23932295647724658,0.3650325384485913
690,0.922591266411491,0.8,0.85,0.15990841158372684,0.23263633873749348,0.2379527976533946,0.36950245202538506
691,0.955319586780261,0.9,0.8,0.21435256105633016,0.3941928345339987,0.2263448460989083,0.16510975831076286
692,0.9768037206239453,0.9,0.9,0.2526952658994845,0.19064643082949717,0.26407407649268244,0.2925842267783358
693,0.9038070543688521,0.8,0.85,0.11884433699087378,0.22089619946231454,0.27780935023942593,0.38245011330738576
694,0.975667777914969,0.9,0.85,0.3230545005021318,0.16088485108521117,0.22228945668570108,0.29377119172695604
695,0.9685887146561303,0.9,0.85,0.23918111091696032,0.18710709261156178,0.2609502324804427,0.3127615639910352
696,0.9336214347450301,0.8,0.9,0.1491819355415396,0.29925333908840956,0.24749328596342934,0.30407143940662157
697,0.9412767008272624,0.8,0.85,0.1755094928866203,0.36580421189271367,0.21067291215075526,0.2480133830699108
698,0.9977445775198585,1.0,1.0,0.3144961747590241,0.2260986009957165,0.2742398016856736,0.18516542255958574
699,0.9399432028645511,0.9,0.8,0.3481587768224995,0.2174141329111862,0.12155755215040151,0.31286953811591267
700,0.8996090052269827,0.8,0.8,0.2119113989576397,0.3270024887654934,0.09808442836027102,0.3630016839165958
701,0.9374902251306745,0.9,0.85,0.2440023880661079,0.13371218832715923,0.24212096088420268,0.3801644627225301
702,0.969741120302918,0.9,0.9,0.22044876182582301,0.21908099267116707,0.26367561001643314,0.2967946354865767
703,0.9881796106515207,1.0,0.9,0.3132591826964238,0.256997382557906,0.19141214928136221,0.23833128546430796
704,0.980688973947401,1.0,0.75,0.3861520845951117,0.25483965751526316,0.18495752121544107,0.1740507366741841
705,0.9443717331357779,0.9,0.85,0.235323272378276,0.3158775458243356,0.15178134836139792,0.2970178334359904
706,0.8934683294233855,0.7,0.85,0.1586009461979163,0.16918892410260852,0.4489200020415345,0.22329012765794076
707,0.9497221879244351,0.9,0.9,0.16300287535980673,0.246597649434053,0.31343062505471364,0.2769688501514265
708,0.8486726756389676,0.6,0.8,0.1211336897539681,0.06850481260328617,0.36404925468733784,0.44631224295540783
709,0.9600115240564678,0.9,0.85,0.23683041694969156,0.16510235393096082,0.2725327388329775,0.32553449028637
710,0.8823393834629789,0.8,0.8,0.12939434095374416,0.12338616968466089,0.3432366949592894,0.4039827944023057
711,0.9330287689838251,0.9,0.85,0.2325907727653486,0.10361583288737693,0.3042419431937212,0.35955145115355325
712,0.9644729802033172,0.9,0.85,0.20497598762248823,0.3574986603377622,0.26809860731587376,0.16942674472387584
713,0.973264188994526,0.9,0.9,0.250744317748796,0.3323493827171636,0.2806909692142118,0.13621533031982874
714,0.9967568012511833,1.0,0.95,0.3340611048459777,0.2325992542871225,0.25085245079101043,0.18248719007588954
715,0.9781042927110342,0.9,0.9,0.30638203592620805,0.21144193112236426,0.3394666670452344,0.1427093659061933
716,0.9857760217310778,1.0,0.9,0.32804716888162205,0.27469231782491776,0.18221468423542106,0.21504582905803898
717,0.972934930238301,1.0,0.9,0.2874395366758843,0.13373539442466673,0.3408698275877818,0.23795524131166726
718,0.9468905626208997,0.9,0.85,0.3560664370795016,0.2901954854861435,0.11033846643758782,0.24339961099676705
719,0.9926575297361813,1.0,0.9,0.3311729761581606,0.22753037230610773,0.21386438134702884,0.22743227018870277
720,0.7864592336502448,0.6,0.75,0.09716010590053675,0.39729275513105766,0.07232182712715653,0.43322531184124907
721,0.9043009425031896,0.8,0.8,0.2210523905010313,0.3175218239903566,0.09886203863619421,0.36256374687241794
722,0.9457710828497343,0.9,0.8,0.35730034308618164,0.34785517867690463,0.10269383605501795,0.19215064218189568
723,0.9585957114047001,1.0,0.9,0.28992477243249654,0.392373379944007,0.1578100339522864,0.15989181367121014
724,0.8987529324607976,0.8,0.7,0.21673481735738562,0.48407540421153655,0.14033454068472773,0.15885523774635024
725,0.9458369346009795,0.8,0.85,0.18037766281975945,0.21712465500414516,0.3801585805478479,0.22233910162824758
726,0.9718977651561921,0.9,0.7,0.423505605884707,0.1657639192260132,0.27299816600855215,0.13773230888072777
727,0.938757871342141,0.8,0.9,0.15649036347915354,0.27925988115842715,0.36377588485259604,0.20047387050982346
728,0.8729061200971312,0.8,0.8,0.2942179967314811,0.1471276892054089,0.11042615248563564,0.44822816157747447
729,0.951352018767749,0.8,0.85,0.1841938909999221,0.21540729061696662,0.3674294871607575,0.23296933122235383
730,0.8800181092315923,0.7,0.8,0.12801597758414474,0.15785140713300336,0.4469622103091481,0.2671704049737038
731,0.998370169156686,1.0,1.0,0.3057270218322418,0.24691493451436483,0.2655638679491419,0.18179417570425152
732,0.9455899905338108,0.9,0.9,0.28354485907731536,0.09423622430516271,0.40221552028701146,0.22000339633051055
733,0.913256780672511,0.8,0.85,0.13953700981710393,0.2687647296684999,0.2257715551355201,0.3659267053788761
734,0.9245832818866527,0.8,0.8,0.21590389818553438,0.165414030863472,0.21826021768980125,0.4004218532611922
735,0.9935629913158003,1.0,0.95,0.2668161249616485,0.22679571850665897,0.27189700038297204,0.2344911561487204
736,0.9211260649462895,0.8,0.9,0.1230821391256803,0.2626628840642552,0.3033751626852271,0.31087981412483745
737,0.962694982919702,0.9,0.95,0.19699289923485128,0.2655368451547102,0.24739093310370935,0.29007932250672913
738,0.9886734987858583,1.0,0.9,0.31390785586110936,0.2769944790586779,0.2770308104645196,0.13206685461569304
739,0.9380828908918795,0.8,0.85,0.1539218608251008,0.3368329044818634,0.31778275214028495,0.1914624825527509
740,0.9873235378853357,1.0,0.95,0.2560330369507662,0.2146651218767525,0.26835267662741674,0.2609491645450646
741,0.9829279334897312,1.0,0.9,0.22281772793186433,0.28428224744765135,0.2674290753663631,0.2254709492541213
742,0.9346092110137054,0.8,0.85,0.17336683529379415,0.3787559808863406,0.19165073190223209,0.2562264519176332
743,0.9943532123307403,1.0,0.9,0.35321026022435015,0.23294023135101224,0.22838067814703875,0.18546883027759895
744,0.8803309050500062,0.6,0.8,0.22290660390267664,0.16240886205245952,0.5194595300553804,0.09522500398948343
745,0.9764086101164752,0.9,0.9,0.2161389708537885,0.29472502284280405,0.2870022522636259,0.20213375403978157
746,0.9030991480429682,0.7,0.8,0.1737756813759423,0.2278342283083606,0.4504165692242103,0.1479735210914867
747,0.9779725892085441,1.0,0.95,0.2220642216278972,0.27863954740536406,0.2392888629887891,0.26000736797794977
748,0.9335555829937852,0.8,0.75,0.15715570455673333,0.3804411480505569,0.26607548379290497,0.19632766359980466
749,0.9038729061200972,0.8,0.75,0.14683697797430853,0.3455305143316583,0.3872427293925982,0.12038977830143509
750,0.9409474420710375,0.8,0.85,0.21496222062054063,0.24738285941581256,0.18511296433609145,0.3525419556275554
751,0.9799646046837057,1.0,0.9,0.2594450669493489,0.23966460915149265,0.21659650610978395,0.2842938177893746
752,0.8795900728484998,0.8,0.85,0.06996794475255205,0.2754850760036063,0.3227218389066596,0.33182514033718213
753,0.9465777668024858,0.8,0.9,0.15683976286364723,0.281870607782541,0.2792646157045822,0.28202501364922955
754,0.9707288965715932,0.9,0.7,0.4292523409809686,0.17801881559467705,0.2698963540228243,0.12283248940153016
755,0.9641931102605259,0.9,0.9,0.26969252621824485,0.12546759683245937,0.3000970620633317,0.30474281488596416
756,0.9528007572951391,0.9,0.9,0.27865253161983206,0.2720436272304354,0.1457424425427513,0.3035613986069813
757,0.9775939416388855,0.9,0.9,0.27300178215147236,0.22012114696635549,0.34370010579170773,0.16317696509046428
758,0.869498291970202,0.6,0.75,0.19762635542576693,0.153070904787686,0.5357224498545714,0.1135802899319756
759,0.9865497798082067,1.0,0.9,0.28078486040128064,0.29258417125803066,0.2871062182394356,0.1395247501012533
760,0.938692019590896,0.8,0.9,0.15114515637886278,0.2666459703476189,0.3670340779123168,0.21517479536120165
761,0.9790097542906531,1.0,0.95,0.23634411326809654,0.20525803073331314,0.2833471186052904,0.2750507373932999
762,0.9480429682676873,0.9,0.65,0.4444605372284079,0.2998439219558972,0.12537613469942382,0.13031940611627094
763,0.9443881960735893,0.8,0.9,0.2016067485781322,0.1477575289911019,0.32552736626406176,0.3251083561667041
764,0.9039058319957196,0.8,0.85,0.17460927438971993,0.30719474411117653,0.15161678251063224,0.36657919898847124
765,0.9648351648351648,0.9,0.85,0.3965543582015806,0.20909420725287617,0.16140521764545757,0.23294621690008555
766,0.9838827838827839,1.0,0.9,0.32681201762601636,0.32778415283901297,0.18278783222611597,0.16261599730885481
767,0.9661192739844423,0.9,0.9,0.2473899733382421,0.19018801532947538,0.3732751538205981,0.18914685751168436
768,0.9635510556858871,0.9,0.9,0.2981450394804668,0.3394593242923343,0.14135025664459433,0.2210453795826048
769,0.966152199860065,0.9,0.85,0.3717885252473401,0.2496495409592523,0.14495520462833478,0.23360672916507283
770,0.9888216652261597,1.0,0.9,0.3123725450410022,0.16982875783638623,0.2671933589689764,0.2506053381536353
771,0.877976704942997,0.8,0.85,0.10224960180724761,0.16379573360621794,0.3479349733000865,0.3860196912864478
772,0.9218175083343622,0.9,0.7,0.45214349194193,0.23371230847046304,0.09504517683370611,0.21909902275390072
773,0.8172943161707207,0.7,0.7,0.15154711861610973,0.5701404009915794,0.11392998777999452,0.16438249261231633
774,0.9616413548997819,0.9,0.9,0.20836128019423655,0.18921128012931182,0.35662564396940166,0.24580179570704996
775,0.9054039593365436,0.8,0.85,0.17314110891547155,0.3122150818938325,0.15392580679437498,0.360718002396321
776,0.9270691854961518,0.8,0.75,0.3032225258698052,0.09450395689778815,0.45015422760224416,0.15211928963016244
777,0.9730172449273572,0.9,0.9,0.2757831101797366,0.19824431789393587,0.3611720625359712,0.16480050939035645
778,0.8986870807095526,0.8,0.85,0.12514275916102574,0.3152098347524861,0.1998701469234106,0.3597772591630775
779,0.9246985224513313,0.8,0.75,0.15066265996291495,0.40517443959597166,0.23270725079279903,0.2114556496483143
780,0.954809235708112,0.9,0.9,0.3206175753557442,0.27597820848872606,0.130960788051946,0.2724434281035837
781,0.9611474667654443,0.9,0.85,0.2435945106353181,0.1739010194627347,0.2583025606192667,0.3242019092826805
782,0.9961147466765444,1.0,1.0,0.2706316098035807,0.271050915328183,0.26436994882516307,0.1939475260430732
783,0.9943532123307403,1.0,1.0,0.2636200646844384,0.25042806095678827,0.24381215570386164,0.2421397186549116
784,0.8714573815697411,0.7,0.85,0.1206837320437045,0.33049848599940035,0.16124895553163074,0.38756882642526436
785,0.8877886158785036,0.8,0.8,0.12653186557132398,0.40512168989262604,0.17027324007171415,0.29807320446433566
786,0.9746800016462936,0.9,0.8,0.36989930549070765,0.18521235169170916,0.19004708599352949,0.2548412568240538
787,0.9754372967856112,1.0,0.9,0.21148894595130877,0.25235628299657314,0.29865160029963844,0.23750317075247973
788,0.9710746182656294,1.0,0.9,0.2473811604935269,0.26549599091468734,0.1974579799686355,0.28966486862315016
789,0.9987982055397786,1.0,1.0,0.28949058449265036,0.2441470757281756,0.2503378146916927,0.2160245250874814
790,0.974169650574145,0.9,0.85,0.3716114720530849,0.2280563334454477,0.1692131230113056,0.2311190714901618
791,0.87236284314936,0.8,0.8,0.12327366935869183,0.11606797170276584,0.33707652183686093,0.4235818371016814
792,0.9087459357122277,0.7,0.8,0.2763281410409044,0.4737241224137165,0.13059550332252856,0.1193522332228505
793,0.9493600032925876,0.9,0.85,0.28048817509568974,0.2112778852728543,0.17032153510575093,0.33791240452570503
794,0.9477137095114622,0.9,0.85,0.30927257698340793,0.20108878744498468,0.15594953403199902,0.33368910153960823
795,0.952981849611063,0.9,0.85,0.20819251078549025,0.17326565849902248,0.28380382301549806,0.3347380076999894
796,0.9118738938963658,0.8,0.85,0.21182553907755772,0.10050972505944752,0.2824991384571076,0.4051655974058872
797,0.9414742560809974,0.9,0.85,0.22330785770631556,0.3299098881638662,0.1527773854767818,0.2940048686530365
798,0.9546281433921882,0.8,0.9,0.19752586520859478,0.1767955757253038,0.341867831167181,0.2838107278989204
799,0.9904021072560397,1.0,0.95,0.27147748644813224,0.311243408895762,0.22329313310145804,0.19398597155464767
800,0.8841667695600278,0.8,0.8,0.14785699331852112,0.10520990687107812,0.3393562192985199,0.4075768805118809
801,0.9839157097584064,1.0,0.9,0.23796473801557952,0.23980850809093276,0.30357806207671134,0.21864869181677615
802,0.8275671893649421,0.5,0.7,0.1623914205197637,0.13946371964456725,0.5833815397463892,0.11476332008927992
803,0.9804091040046096,0.9,0.85,0.3381316417606712,0.1349143947750845,0.2786014673049148,0.24835249615932947
804,0.9112647651973494,0.8,0.75,0.17358331878454983,0.4576294734285496,0.2063901702111747,0.1623970375757258
805,0.9508416676956002,0.9,0.85,0.317346565051459,0.19599155869842413,0.16067727103926152,0.32598460521085537
806,0.8582870313207391,0.7,0.8,0.12182807404788125,0.08628236414078395,0.357195564995928,0.4346939968154067
807,0.9091904350331316,0.8,0.85,0.2672270997997008,0.055131911739178675,0.2656122891873091,0.41202869927381147
808,0.9676832530765114,0.8,0.8,0.3842146512083288,0.1446344141632915,0.20639261974973216,0.2647583148786474
809,0.978993291352842,1.0,0.95,0.2510580388870027,0.2393037996232409,0.22242969043422708,0.28720847105552927
810,0.9301971436802896,0.9,0.85,0.19556772683772486,0.37639175830378946,0.1549176638595302,0.27312285099895545
811,0.9853150594723628,1.0,0.9,0.22916214030162865,0.26432761682881023,0.28327079043757797,0.2232394524319832
812,0.9782359962135241,0.9,0.8,0.3458703076151385,0.1761329313140929,0.20805373942661348,0.2699430216441552
813,0.9550726427130921,0.8,0.7,0.49185497882518164,0.2448660404396594,0.19309852124376425,0.07018045949139456
814,0.9939087130098366,1.0,0.95,0.2794239034139323,0.21957946554956362,0.2581348609457805,0.24286177009072363
815,0.9435650491830266,0.9,0.85,0.29510167229484424,0.21350639783618627,0.15097123830085285,0.3404206915681166
816,0.9335061941803515,0.8,0.9,0.14969493888926313,0.2752849477269689,0.25589029103698346,0.31912982234678455
817,0.9299008107996871,0.8,0.8,0.2622525035970937,0.4535543460667512,0.16638767073845415,0.11780547959770107
818,0.9407004980038688,0.8,0.85,0.24244791664275733,0.24192688778168908,0.400307649934965,0.11531754564058867
819,0.9078898629460427,0.8,0.9,0.11321695251932799,0.2446327904708177,0.32065257445910245,0.3214976825507519
820,0.9654772194098037,0.8,0.9,0.2127338526643105,0.2878714802614936,0.3308919852266636,0.16850268184753234
821,0.9335555829937852,0.8,0.75,0.46069332044014505,0.1318569948531291,0.15501171657939591,0.2524379681273298
822,0.9087953245256616,0.8,0.85,0.12221324544864615,0.37616029412991503,0.22661530142198272,0.2750111589994563
823,0.9528007572951391,0.9,0.85,0.25491389275693044,0.2250526623181308,0.18444152437412692,0.3355919205508117
824,0.9284356093344857,0.8,0.85,0.16990024205572182,0.21045075320215778,0.25958615505745525,0.3600628496846651
825,0.9280734247026382,0.9,0.8,0.32583247565241225,0.16590462568918818,0.14016918229459807,0.3680937163638013
826,0.9267234638021155,0.8,0.8,0.27990211611775256,0.45213540090212095,0.1487098926927064,0.11925259028742016
827,0.9758159443552702,0.9,0.9,0.25725211910898194,0.22354551200511444,0.34496684470633354,0.1742355241795699
828,0.9766390912458327,1.0,0.95,0.28046213605683334,0.3328408097186874,0.1754298289134593,0.21126722531101988
829,0.9264435938593242,0.8,0.9,0.12628776722686566,0.30768780823015657,0.27838195858788745,0.2876424659550904
830,0.8980285631971024,0.9,0.75,0.2703388732891387,0.3812688530077941,0.0670759150970216,0.28131635860604554
831,0.9878503518952957,1.0,0.85,0.35849946014572487,0.186150406703094,0.2874453082403755,0.16790482491080555
832,0.978153681524468,0.9,0.8,0.3984479147468085,0.15552574167175426,0.27609149957533136,0.1699348440061058
833,0.995110507470058,1.0,0.95,0.3015430593448307,0.20813873986858714,0.2681902668048642,0.222127933981718
834,0.985792484668889,1.0,0.9,0.3323437613533518,0.3061314533789064,0.18196438082019586,0.17956040444754584
835,0.9315306416430011,0.8,0.85,0.20044409879490738,0.18211282122799255,0.42231028626918604,0.1951327937079141
836,0.9308556611927397,0.9,0.85,0.20731922669448294,0.14144579667859167,0.27141234101479417,0.37982263561213103
837,0.8795736099106884,0.8,0.85,0.0740530617518148,0.2634336567268749,0.3068473539870455,0.3556659275342648
838,0.8922336090875416,0.7,0.8,0.19873321385264484,0.11764550737714766,0.48157798803919255,0.20204329073101499
839,0.956504918302671,0.9,0.9,0.32410978169357635,0.3285351908576024,0.1235632664827683,0.2237917609660529
840,0.9587603407828126,0.9,0.9,0.30327583785489487,0.39526673180189575,0.18872908852119138,0.11272834182201795
841,0.9916203646540724,1.0,0.95,0.24627158448818168,0.2729753675815526,0.26826430104706833,0.21248874688319735
842,0.8928592007243692,0.8,0.75,0.15204478172268876,0.18100906314971826,0.23851313601166926,0.42843301911592374
843,0.9657735522904063,0.9,0.8,0.3982344132481682,0.2611785013434845,0.14590246985316146,0.19468461555518576
844,0.8510104128081656,0.8,0.75,0.08322506372258093,0.44622616345524346,0.1788077506118034,0.2917410222103722
845,0.9769024982508127,1.0,0.9,0.26520452503896713,0.34819701411031434,0.24558462818736648,0.14101383266335207
846,0.9298678849240647,0.8,0.8,0.2819718314148349,0.44938416573974027,0.16233051815131355,0.10631348469411138
847,0.9515989628349177,0.8,0.9,0.17919430245397305,0.33226815153925743,0.2273977097181435,0.26113983628862586
848,0.9895460344898547,1.0,0.85,0.35671198482198746,0.17706463521449453,0.2549655173318995,0.2112578626316185
849,0.9745482981438036,0.9,0.75,0.39052056625938575,0.28127190128534946,0.1662442190013474,0.16196331345391754
850,0.9857595587932665,1.0,0.9,0.3305853857269694,0.3184125531906876,0.1944706988047592,0.15653136227758385
851,0.8563773305346338,0.7,0.75,0.1619987422323247,0.20116065796778618,0.15596926179768986,0.4808713380021993
852,0.9598139688027328,1.0,0.85,0.2470248945488999,0.37371554700360293,0.17172686324192857,0.2075326952055685
853,0.9977610404576697,1.0,1.0,0.3122881531763256,0.26454764501989414,0.232233598169208,0.19093060363457234
854,0.9044655718813022,0.8,0.85,0.12396874475749095,0.22589467301969476,0.26826038044315,0.3818762017796644
855,0.9971683746964646,1.0,1.0,0.30713340557449126,0.2704929404586741,0.22537356466728015,0.19700008929955448
856,0.9927727703008602,1.0,0.9,0.2873621365275564,0.19778896754478736,0.27305699388356,0.24179190204409629
857,0.8923817755278429,0.8,0.6,0.5241787874732782,0.23483836237434685,0.06953222011208436,0.1714506300402906
858,0.9638803144421123,0.8,0.9,0.1882936668553775,0.3135576189875264,0.2519152549653757,0.24623345919172035
859,0.9830760999300324,1.0,0.9,0.29318491262597113,0.3391335387202335,0.22724114938438772,0.14044039926940774
860,0.8949170679507756,0.7,0.8,0.24338756847263918,0.041140560620297015,0.47242684761627773,0.24304502329078603
861,0.8444417006214758,0.7,0.7,0.20457219738458188,0.16872051197056964,0.12426387066948802,0.5024434199753605
862,0.9411943861382064,0.8,0.75,0.22013281204414903,0.4204214307036491,0.19293028499281295,0.1665154722593889
863,0.9810511585792484,1.0,0.95,0.2422492303458126,0.2894463844033782,0.2977530938991541,0.1705512913516551
864,0.9931184919948964,1.0,0.9,0.3368506711398617,0.19113999441839424,0.2553593662991267,0.2166499681426174
865,0.9124665596575707,0.8,0.8,0.2065980878062842,0.2665294808970811,0.14718618747742204,0.37968624381921257
866,0.9456229164094333,0.9,0.85,0.21842660820068752,0.39225121662703355,0.1712498934313455,0.21807228174093352
867,0.9832571922459563,1.0,0.95,0.23424245115093417,0.22997483558564136,0.2751690064997788,0.26061370676364565
868,0.9310696793842861,0.8,0.9,0.13886078249899889,0.23863431678338717,0.3076800313481048,0.31482486936950915
869,0.8558011277112401,0.7,0.8,0.10569184814900794,0.22535932068627215,0.21513831294909466,0.45381051821562524
870,0.9725892085442647,1.0,0.95,0.2953369386534982,0.3199784579376398,0.16114089781068772,0.22354370559817427
871,0.8832448450425978,0.7,0.75,0.11850527482283299,0.2595541844782084,0.44957615032119996,0.17236439037775853
872,0.9718977651561921,0.9,0.85,0.2684612530492032,0.19473987958087532,0.22398726372000655,0.3128116036499148
873,0.9988969831666461,1.0,1.0,0.2933719444261095,0.2375646954247933,0.2684894821071093,0.20057387804198787
874,0.9762110548627402,1.0,0.85,0.33383741324966093,0.31311890193509306,0.2581930214789917,0.09485066333625428
875,0.9080215664485327,0.8,0.9,0.1262608067796617,0.25746015034002856,0.25615442554918555,0.3601246173311243
876,0.9037741284932297,0.7,0.8,0.21359838296387565,0.10693769591831873,0.2490407578993571,0.4304231632184485
877,0.9443388072601555,0.8,0.65,0.4992106572698759,0.20707911405900647,0.14785730173704134,0.1458529269340763
878,0.9371609663744495,0.8,0.85,0.1937605803073261,0.207580908453651,0.23489915784921023,0.36375935338981286
879,0.9651314977157673,1.0,0.95,0.2815173826274294,0.33775069235050975,0.1515753550414222,0.22915656998063857
880,0.9766226283080215,0.9,0.95,0.28255685927002944,0.17501318311088176,0.35070568104078653,0.19172427657830204
881,0.9270197966827178,0.8,0.8,0.18676656077325365,0.24249853414428282,0.4189475045120944,0.1517874005703691
882,0.8754578754578755,0.8,0.8,0.25687407773320114,0.18128476299157076,0.11008714500752946,0.4517540142676986
883,0.9487179487179487,0.8,0.85,0.21168519206397832,0.2425173001294767,0.38640579330195013,0.15939171450459483
884,0.8479647693130838,0.7,0.7,0.16035582073424298,0.19899289487843191,0.15316920408357218,0.48748208030375284
885,0.9822364901016585,1.0,0.8,0.3618085292965472,0.17112349186774403,0.22060450461914644,0.24646347421656228
886,0.9070173272420463,0.9,0.75,0.38071983681135657,0.4096608469707328,0.06948797791251926,0.1401313383053915
887,0.9689344363501666,0.9,0.85,0.2642902229562379,0.18637011687079247,0.23162393355560287,0.31771572661736674
888,0.8806930896818538,0.8,0.85,0.07324034738051273,0.29799414536902197,0.37528122342753467,0.25348428382293053
889,0.8640161336790548,0.8,0.85,0.07076294777749165,0.22150362284122693,0.30217329431350665,0.4055601350677747
890,0.980491418693666,1.0,0.85,0.3535350824822514,0.23206596257357154,0.17737341481840746,0.2370255401257696
891,0.877268798617113,0.7,0.8,0.105458704684026,0.19976179548722559,0.43995223638296344,0.25482726344578494
892,0.9615425772729144,0.9,0.9,0.2835475159001795,0.12003540927899362,0.3722839109459587,0.22413316387486798
893,0.9812487138329835,1.0,0.9,0.23034066538992445,0.2529578519219585,0.30206029325088657,0.21464118943723062
894,0.939416388854591,0.9,0.85,0.30933689256749947,0.18218583141316622,0.15639003216115016,0.35208724385818413
895,0.9813310285220396,1.0,0.9,0.30242686034513633,0.32486435897840393,0.17370532790989981,0.1990034527665599
896,0.8891385767790261,0.7,0.8,0.20121911770453008,0.15354922209653313,0.5016963912104248,0.14353526898851196
897,0.9792731612956331,1.0,0.9,0.244333306298456,0.29190899382344687,0.29991810805097696,0.16383959182712005
898,0.9952092850969255,1.0,1.0,0.26374161567078663,0.249253093406963,0.2688210295781461,0.21818426134410435
899,0.9549080133349797,0.9,0.9,0.3446759077113502,0.2669052184552212,0.12510127773299978,0.263317596100429
900,0.933868378812199,0.8,0.8,0.20339919326417238,0.24496766506367804,0.1885170650251739,0.36311607664697554
901,0.9485862452154586,0.9,0.85,0.21432787092870112,0.1759362611882892,0.3980707312468426,0.21166513663616698
902,0.9736263736263736,1.0,0.95,0.2236081260497291,0.2517643037026126,0.24237520664166287,0.2822523636059954
903,0.9720294686586821,0.9,0.75,0.4114412299823025,0.2282033740880856,0.1750806831303038,0.18527471279930818
904,0.9884100917808782,1.0,0.9,0.31289909945409955,0.16839139778547926,0.2643868921860406,0.2543226105743805
905,0.9725562826686421,1.0,0.95,0.251162615604521,0.16223601331493626,0.3392995572981903,0.24730181378235253
906,0.9439930855661193,0.8,0.85,0.21017637940432235,0.305810417068325,0.17148872379362365,0.31252447973372893
907,0.9880149812734081,1.0,0.95,0.2646655103703983,0.24248403311561095,0.2294174843618635,0.2634329721521273
908,0.9764086101164752,0.9,0.9,0.25149703251709105,0.2944439491329361,0.31200959767058634,0.1420494206793865
909,0.9817590649051323,1.0,0.75,0.3954918960726851,0.2449662314293675,0.2095274499698206,0.15001442252812688
910,0.8812199036918137,0.8,0.75,0.07467004722728111,0.3531143275143435,0.34709129461689825,0.22512433064147705
911,0.9900893114376259,1.0,0.95,0.23998558172846146,0.28752422599792393,0.2607131954395592,0.21177699683405532
912,0.908630695147549,0.8,0.8,0.1384521478487506,0.3872244129725179,0.19148910671176825,0.2828343324669633
913,0.9925916779849363,1.0,1.0,0.25642311138000906,0.2411024086670255,0.2625640229342285,0.23991045701873692
914,0.937638391570976,0.8,0.85,0.1841121262955825,0.21751264183720814,0.4005794224042884,0.19779580946292102
915,0.9564555294892373,0.9,0.9,0.1771048972777517,0.2211443699821722,0.32915937125577854,0.27259136148429763
916,0.9558957896036546,0.8,0.9,0.16949491971551117,0.30791321855823417,0.2922735893296688,0.2303182723965859
917,0.9952586739103593,1.0,0.95,0.2921241954110673,0.2113493301184881,0.26745895034854517,0.22906752412189949
918,0.9505124089393753,0.9,0.85,0.2141737904345744,0.17561001154681802,0.39287655408584876,0.21733964393275867
919,0.9961147466765444,1.0,1.0,0.2957498410886867,0.2751093912683124,0.26127796470793047,0.16786280293507058
920,0.9473185990039923,0.9,0.9,0.25364492644598624,0.3161845943667096,0.14215535473238688,0.2880151244549172
921,0.9732148001810923,1.0,0.8,0.3674666103953252,0.3070998179676605,0.2427918245543345,0.08264174708267971
922,0.9227723587274148,0.8,0.8,0.17874239140708503,0.40373078359197123,0.3082709707391749,0.10925585426176859
923,0.9676503272008888,0.9,0.95,0.204497950235527,0.31768694946292053,0.2299210345813515,0.247894065720201
924,0.94111207144915,0.8,0.85,0.16473579559439444,0.23368746340438667,0.3730472902576094,0.22852945074360956
925,0.9904679590072848,1.0,0.9,0.3193250567639717,0.19620006895184924,0.23268843952773982,0.25178643475643914
926,0.9690167510392228,0.9,0.7,0.43382986757600833,0.21457368005556882,0.23229804697739112,0.11929840539103162
927,0.9843108202658764,1.0,0.9,0.26835242492361744,0.2047664424765359,0.24606600440466037,0.28081512819518617
928,0.9813804173354734,1.0,0.9,0.2615830692069277,0.22857492426131684,0.226706108610607,0.2831358979211485
929,0.9315141787051898,0.8,0.85,0.18653342121749603,0.27451772011276815,0.18679623695815273,0.35215262171158296
930,0.9478948018273861,0.8,0.9,0.18762247943279473,0.25976714028806996,0.22282315850299514,0.32978722177614017
931,0.9060295509733712,0.8,0.7,0.19107222941511312,0.4490723384277052,0.15191021543123864,0.20794521672594293
932,0.9352677285261555,0.8,0.85,0.17281409906918602,0.3089160438669901,0.3629700738088091,0.15529978325501476
933,0.945935712227847,0.8,0.9,0.15319663743120943,0.28110157947049946,0.3164142838002531,0.24928749929803815
934,0.8676050541219081,0.7,0.8,0.07642592487919955,0.27643643001888013,0.43274870928512604,0.21438893581679425
935,0.914886611515825,0.8,0.85,0.11685074352285107,0.32784596802190014,0.3488451804372519,0.20645810801799683
936,0.9348396921430628,0.8,0.85,0.19453681119397306,0.15015648802457707,0.3972632598240357,0.2580434409574142
937,0.9877515742684282,1.0,0.9,0.3243568123821397,0.3091896277232462,0.22394784490545463,0.1425057149891594
938,0.977890274519488,1.0,0.9,0.22178974677148397,0.28747718052224974,0.29339007226671404,0.19734300043955216
939,0.8625015434004197,0.8,0.75,0.4153261572316177,0.147602994587939,0.06289426572663173,0.3741765824538117
940,0.9875046302012593,1.0,0.95,0.26246593930103335,0.2061746059070411,0.3061378856655664,0.22522156912635938
941,0.9566695476807836,0.8,0.9,0.18306305761416808,0.21068677060035138,0.3212475510807199,0.28500262070476057
942,0.977824422768243,0.9,0.8,0.40436660168144606,0.20624794619272385,0.20054845993760567,0.18883699218822447
943,0.9402395357451536,0.9,0.8,0.22677861727029805,0.23014913110651253,0.1808681299180892,0.36220412170510025
944,0.9334238794912951,0.9,0.85,0.2684423196680538,0.26351363103959946,0.1294591482063684,0.3385849010859783
945,0.9454912129069433,0.8,0.85,0.19536587588498816,0.29388343747866363,0.1907996379888592,0.3199510486474891
946,0.9284520722722969,0.8,0.8,0.1449979030602964,0.3797999992210098,0.2442409389018516,0.23096115881684218
947,0.9003333744906779,0.8,0.8,0.2061059774918247,0.187052239426645,0.16997153175061294,0.43687025133091734
948,0.9614273367082354,0.9,0.9,0.18622144514649333,0.25561426830142886,0.279946283256438,0.27821800329563967
949,0.9576573239494587,0.9,0.8,0.21975481341019545,0.3853348194471515,0.2432289590888128,0.15168140805384034
950,0.942544347038729,0.9,0.85,0.22726374137495195,0.1251983455978102,0.30348365163154123,0.3440542613956966
951,0.9927233814874263,1.0,0.95,0.2979126368357655,0.2749113862766157,0.20503286880406002,0.2221431080835586
952,0.922525414660246,0.9,0.85,0.26965220689875186,0.4085204129111494,0.10340739672262046,0.21841998346747837
953,0.8936988105527431,0.8,0.75,0.11619675650547662,0.42056388391057825,0.30845953720524527,0.15477982237869997
954,0.8862081738486232,0.7,0.8,0.16795947629769548,0.19010912242491831,0.4909784491876646,0.15095295208972176
955,0.9514672593324278,0.9,0.9,0.2537872823262372,0.35316151575277444,0.14046020334467713,0.2525909985763112
956,0.9322879367823187,0.9,0.8,0.21945736092630502,0.2067325846181481,0.19112713164987033,0.38268292280567634
957,0.9867967238753754,1.0,0.85,0.36897594599787,0.18275595232847694,0.24053516042404885,0.20773294124960406
958,0.9115775610157631,0.8,0.85,0.16654118267744938,0.35642325299675287,0.15065641283499473,0.326379151490803
959,0.9607852821335966,0.9,0.95,0.20053078922004794,0.27398375791490476,0.22817943247987682,0.2973060203851703
960,0.8858295262789644,0.7,0.75,0.1483227791222724,0.3749817088993335,0.3971117479823975,0.0795837639959965
961,0.936288430670453,0.8,0.9,0.14850220942016307,0.3229377700940184,0.2552702940533428,0.27328972643247573
962,0.9284849981479194,0.9,0.8,0.23031858783084258,0.3064945688251309,0.13458411742400814,0.32860272592001843
963,0.8986870807095526,0.8,0.75,0.12941519062303256,0.42839844630507434,0.3067158395138106,0.1354705235580824
964,0.9089105650903402,0.8,0.8,0.16066404214873953,0.22953100130740092,0.21528653043843823,0.3945184261054212
965,0.8783224266370333,0.7,0.8,0.13192662313991044,0.1637678492216255,0.456830240758599,0.24747528687986498
966,0.9393340741655349,0.8,0.9,0.14939574358971447,0.25922234839441466,0.2821510387879118,0.30923086922795906
967,0.9944355270197967,1.0,0.9,0.34010064540922097,0.22940988425090697,0.2209439686677967,0.20954550167207528
968,0.9003827633041116,0.7,0.85,0.1598872634222551,0.1842633937956636,0.45060395491133515,0.2052453878707462
969,0.8771535580524344,0.7,0.8,0.14851841882903,0.43241527625937304,0.12940234083711044,0.28966396407448647
970,0.8430752767831419,0.8,0.75,0.06717385218688077,0.41478923075475493,0.39533409780274154,0.12270281925562267
971,0.9839157097584064,1.0,0.9,0.3159632400364618,0.20632729864008703,0.2054868729192572,0.2722225884041939
972,0.9964440054327695,1.0,1.0,0.27384459505578135,0.2745521042413971,0.25984269106437574,0.19176060963844588
973,0.9816767502160759,0.9,0.85,0.33335349491293803,0.1393543682874642,0.2756486315710286,0.2516435052285692
974,0.9474009136930484,0.9,0.85,0.29676868103768944,0.37567996252297897,0.11700346343087316,0.21054789300845855
975,0.9555336049718071,0.9,0.9,0.33814514901163356,0.2682257876542901,0.12812253098464862,0.2655065323494278
976,0.9215705642671933,0.8,0.7,0.22044488124701822,0.45072946772077743,0.163028065612263,0.16579758541994116
977,0.8985224513314399,0.8,0.8,0.2189063124168231,0.1712557525260726,0.16759181248338081,0.4422461225737236
978,0.9554019014693171,0.9,0.85,0.3818930503411003,0.24762620757407747,0.12913612649205655,0.24134461559276557
979,0.8781248713832983,0.8,0.75,0.16180395906985312,0.19077887436940696,0.19377094828924793,0.45364621827149193
980,0.9137506688068486,0.8,0.85,0.11309309772904737,0.33643395677768,0.276132147070897,0.2743407984223756
981,0.8708317899329134,0.7,0.85,0.14310051905007215,0.31236589591112596,0.13530672092118948,0.4092268641176122
982,0.9764415359920976,1.0,0.9,0.28562683341338835,0.35894505921977377,0.18532081797658162,0.1701072893902564
983,0.9019138165205579,0.8,0.75,0.16341107479543543,0.470148993983554,0.25690957229383005,0.10953035892718059
984,0.9046302012594147,0.8,0.6,0.48028649991086625,0.25367542239028223,0.07119044870291386,0.19484762899593763
985,0.9777750339548091,1.0,0.9,0.2682186490936423,0.20872107152044048,0.22700433096938,0.2960559484165372
986,0.8747499691319915,0.8,0.8,0.11022745981964509,0.18974382726524425,0.275007058699899,0.4250216542152116
987,0.9655924599744824,0.8,0.9,0.19139246278700012,0.27262240192517634,0.31644024471502996,0.2195448905727936
988,0.9521916285961229,0.9,0.85,0.24233993993698982,0.22731458681305536,0.18970726145848016,0.34063821179147463
989,0.9623492612256656,0.9,0.95,0.2104957921045241,0.23296203681002425,0.24201881023115474,0.314523360854297
990,0.8985389142692514,0.8,0.85,0.1506405913184748,0.1590613702007609,0.4305650364500435,0.2597330020307208
991,0.8776474461867719,0.8,0.75,0.14578654105337152,0.13574782416347939,0.2758222188744147,0.44264341590873446
992,0.9693130839198253,0.9,0.75,0.35369771254130566,0.19033176422562703,0.3387617722754659,0.11720875095760129
993,0.8669465366094578,0.8,0.8,0.0977079968289284,0.3829660789702207,0.17491697565364786,0.34440894854720316
994,0.9048277565131497,0.8,0.75,0.19069916326604502,0.44470777787317883,0.29092257506158475,0.0736704837991914
995,0.815104745441824,0.6,0.7,0.12003011127599396,0.19094796784904267,0.5719100182933451,0.11711190258161829
996,0.9320080668395275,0.8,0.9,0.17636703660299946,0.17592772297440393,0.29467914705299725,0.35302609336959945
997,0.9521916285961229,0.9,0.9,0.32865223727040027,0.28463402302073915,0.12184725205164326,0.2648664876572173
998,0.9591225254146601,0.9,0.85,0.3267965277566552,0.3752989122489099,0.2198548494316223,0.07804971056281243
999,0.9654113676585586,0.9,0.8,0.3762153930262261,0.2947044334755834,0.14318059332551739,0.18589958017267322
