drug_row,drug_col,cell_line,mean_synergy,std,ci_low,ci_high,conservative_score,topk_probability
111,64,7,5.858773689830381,0.6285475275048458,4.626820535920883,7.090726843739878,5.230226162325534,0.88
111,99,17,5.632241438246911,0.7842547847201847,4.095102060195349,7.169380816298474,4.847986653526727,0.73
111,45,17,5.018850323399594,0.7199255560118366,3.6077962336163942,6.429904413182793,4.298924767387757,0.39
111,99,36,4.820562209382801,0.7157349313067656,3.41772174402154,6.223402674744062,4.104827278076035,0.26
111,45,7,4.616028735077331,0.567015744393867,3.504677876065351,5.72737959408931,4.0490129906834635,0.15
64,45,39,4.711198097761608,0.7196183202031685,3.300746190163398,6.121650005359818,3.9915797775584396,0.25
111,45,26,4.537483489889866,0.6317755413715148,3.2992034288016976,5.775763550978035,3.9057079485183515,0.11
111,64,44,4.400539766062919,0.579332846199374,3.265047387512146,5.536032144613692,3.821206919863545,0.03
111,99,39,4.339643748693565,0.6500489843702352,3.065547739327904,5.613739758059225,3.6895947643233296,0.09
99,43,39,4.1441418940243935,0.5050175928328492,3.154307412072009,5.133976375976778,3.6391243011915444,0.03
74,75,17,4.240288082143043,0.6309282461773434,3.00366871963545,5.476907444650636,3.6093598359656998,0.01
111,64,41,4.085557328822554,0.5773532980484153,2.95394486464766,5.217169792997447,3.5082040307741384,0.01
111,64,53,4.0535139275610215,0.5985780687013834,2.8803009129063097,5.226726942215733,3.454935858859638,0.01
38,99,16,4.110157632489058,0.7189203040984204,2.7010738364561533,5.519241428521962,3.391237328390637,0.03
111,6,4,3.904045359844181,0.5427749318616242,2.8402064933953977,4.9678842262929646,3.361270427982557,0.0
111,38,16,3.7970779026773003,0.4967652330668585,2.8234180458662577,4.770737759488343,3.3003126696104417,0.0
111,43,4,3.6680779080817065,0.49742921764950115,2.6931166414886842,4.643039174674729,3.1706486904322055,0.0
41,75,52,3.685133359331749,0.6774549830227586,2.357321592607142,5.012945126056356,3.00767837630899,0.0
111,6,26,3.529245852127344,0.5505952396885926,2.450079182337703,4.608412521916986,2.9786506124387517,0.0
111,64,47,3.4299841437130874,0.4650041894413101,2.5185759324081194,4.341392355018055,2.964979954271777,0.0
111,45,8,3.4054810023476416,0.4780086126942589,2.468584121466894,4.342377883228389,2.9274723896533827,0.0
99,43,17,3.46864533729287,0.5683315453817153,2.354715508344708,4.582575166241032,2.900313791911155,0.0
111,45,13,3.7276865062826197,0.8393221341239094,2.082615123399757,5.372757889165483,2.8883643721587102,0.02
80,70,39,3.363950046522373,0.49669350380374966,2.3904307790670236,4.3374693139777225,2.867256542718623,0.0
111,45,41,3.2650475381881527,0.4044989342824371,2.472229626994576,4.05786544938173,2.8605486039057157,0.0
111,45,24,3.279752626824695,0.4428885269735142,2.411691113956607,4.147814139692783,2.836864099851181,0.0
111,117,17,3.402138163588075,0.5876130394003443,2.2504166063634,4.55385972081275,2.814525124187731,0.0
111,36,7,3.4006527239072386,0.5965857062757254,2.2313447396068167,4.5699607082076605,2.804067017631513,0.0
111,6,19,3.442077303720031,0.6434614442472627,2.180892872995396,4.703261734444666,2.7986158594727684,0.0
111,6,1,3.238491814759311,0.4771447785411376,2.3032880488186813,4.173695580699941,2.761347036218173,0.0
111,36,1,3.2736094592368166,0.5178231716673497,2.258676042768811,4.288542875704822,2.755786287569467,0.0
111,43,14,3.1171608183276565,0.40121049921279645,2.3307882398705755,3.9035333967847374,2.71595031911486,0.0
111,36,36,3.2305135399745994,0.5219283054261273,2.20753406133939,4.253493018609809,2.708585234548472,0.0
111,32,16,3.2343658444127037,0.5551039581563408,2.146362086426276,4.322369602399132,2.679261886256363,0.0
117,99,36,3.0715053309022284,0.40806785978456744,2.271692325724476,3.8713183360799808,2.663437471117661,0.0
111,36,14,3.143126733904487,0.4826658064987631,2.1971017531669115,4.089151714642063,2.660460927405724,0.0
111,36,39,3.09802699704794,0.47821542143761764,2.1607247710302095,4.035329223065671,2.6198115756103224,0.0
99,43,45,3.1927952396544494,0.6051085572082329,2.006782467526313,4.378808011782586,2.5876866824462166,0.0
111,99,58,3.268112438240279,0.6938272701860573,1.908210988675607,4.6280138878049515,2.574285168054222,0.0
111,117,16,3.090263067682509,0.6002909941646649,1.913692719119766,4.266833416245253,2.489972073517844,0.0
111,117,7,2.952612146108978,0.4684143043282487,2.0345201096256105,3.8707041825923456,2.4841978417807296,0.0
111,43,53,2.842147622818442,0.43288075825182687,1.9937013366448613,3.6905939089920228,2.409266864566615,0.0
111,99,50,2.925081020353659,0.5164596534393061,1.9128200996126188,3.937341941094699,2.408621366914353,0.0
111,99,37,2.9579071578944793,0.5678498611400298,1.844921430060021,4.070892885728938,2.3900572967544496,0.0
111,36,13,2.976798002179263,0.6232688199907804,1.7551911149973334,4.198404889361193,2.3535291821884825,0.0
99,43,14,2.801991050391521,0.45197442247453595,1.9161211823414304,3.6878609184416113,2.3500166279169847,0.0
41,99,17,2.909161365595089,0.5881860646444579,1.7563166788919515,4.062006052298226,2.3209753009506313,0.0
74,99,53,2.7917181539925724,0.490292965642164,1.8307439413339308,3.752692366651214,2.301425188350408,0.0
111,6,45,2.8751068287673958,0.5796591965755203,1.738974803479376,4.011238854055415,2.2954476321918755,0.0
64,99,16,2.9030191797605234,0.6721439664846984,1.5856170054505145,4.220421354070532,2.2308752132758247,0.0
111,6,22,2.6986471769422726,0.4852002213823206,1.7476547430329243,3.649639610851621,2.213446955559952,0.0
111,64,54,2.6649444092777137,0.47813605130843695,1.7277977487131773,3.60209106984225,2.1868083579692765,0.0
111,99,18,2.5936903575144292,0.42636359627717485,1.7580177088111664,3.429363006217692,2.167326761237254,0.0
99,32,26,2.6615047574779975,0.4945088110242122,1.6922674878705417,3.6307420270854536,2.1669959464537856,0.0
99,45,4,2.78959159812012,0.6243077926577432,1.5659483245109431,4.0132348717292965,2.1652838054623764,0.0
111,64,35,2.599515522171546,0.47145854915688234,1.6754567658240564,3.5235742785190354,2.1280569730146635,0.0
111,43,8,2.4867840279579183,0.38401889392105976,1.7341069958726412,3.2394610600431957,2.1027651340368587,0.0
37,75,47,2.5081357290197532,0.41158184273184495,1.7014353172653371,3.3148361407741693,2.096553886287908,0.0
32,99,17,2.600998129537509,0.5115176270693825,1.5984235804815192,3.6035726785934985,2.089480502468126,0.0
60,45,39,2.5203767619272948,0.4798107947855987,1.5799476041475213,3.4608059197070684,2.040565967141696,0.0
111,99,35,2.6562269472269016,0.6313478600498286,1.4187851415292376,3.8936687529245653,2.024879087177073,0.0
99,32,49,2.4614770565178543,0.4434345292514333,1.592345379185045,3.3306087338506636,2.018042527266421,0.0
111,45,31,2.579111504977999,0.5695277592009144,1.462837096944207,3.6953859130117914,2.0095837457770847,0.0
111,99,54,2.4334366770732094,0.42386699012228224,1.6026573764335361,3.2642159777128827,2.009569686950927,0.0
111,99,1,2.571604841027862,0.5630423008804317,1.4680419313022157,3.675167750753508,2.0085625401474303,0.0
64,99,17,2.788206451056446,0.7873906551417309,1.2449207669786537,4.331492135134239,2.0008157959147153,0.0
111,70,52,2.515809896592739,0.5213260565708142,1.4940108257139433,3.537608967471535,1.994483840021925,0.0
111,99,52,2.546024164582922,0.5661826939190399,1.436306084501604,3.65574224466424,1.979841470663882,0.0
111,64,6,2.7324554309596727,0.7588863636624871,1.245038158181198,4.219872703738147,1.9735690672971855,0.0
99,6,17,2.51358615018296,0.5496652897846912,1.4362421822049651,3.590930118160955,1.9639208603982687,0.0
111,6,47,2.434850298458244,0.47846637244511103,1.497056208465826,3.3726443884506616,1.9563839260131328,0.0
64,45,28,2.446899641859063,0.49943993083046856,1.4679973774313446,3.4258019062867815,1.9474597110285945,0.0
111,64,30,2.367812360240833,0.43667912743791365,1.5119212704625222,3.2237034500191437,1.9311332328029194,0.0
64,45,6,2.5660996097934263,0.6516922583311616,1.2887827834643495,3.843416436122503,1.9144073514622648,0.0
117,75,53,2.3876665686450753,0.4981603652777154,1.411272252700753,3.3640608845893976,1.88950620336736,0.0
111,36,24,2.2950004327782514,0.41448576304031975,1.4826083372192247,3.107392528337278,1.8805146697379316,0.0
111,70,27,2.4308803460895128,0.5521907874973088,1.3485864025947876,3.5131742895842377,1.878689558592204,0.0
111,70,46,2.297620381376742,0.4193383327398587,1.4757172492066188,3.119523513546865,1.8782820486368832,0.0
111,6,29,2.3220880979548806,0.4831919880432801,1.3750318013900515,3.2691443945197096,1.8388961099116004,0.0
111,68,26,2.258264217657582,0.44421773244250773,1.3875974620702667,3.1289309732448967,1.8140464852150742,0.0
99,45,24,2.352843259024177,0.5553949580096785,1.264269141325207,3.4414173767231464,1.7974483010144984,0.0
111,64,37,2.294324297532779,0.51845540852189,1.2781516968298745,3.3104968982356833,1.775868889010889,0.0
111,99,30,2.186181122135653,0.45007200274009673,1.3040399967650635,3.0683222475062424,1.7361091193955565,0.0
111,68,17,2.2910317714585693,0.5999023686198091,1.1152231289637435,3.466840413953395,1.6911294028387602,0.0
64,99,26,2.1515162223217223,0.47111686325127805,1.2281271703492174,3.0749052742942276,1.6803993590704442,0.0
111,38,22,2.0316649757457204,0.3578250359361347,1.3303279053108965,2.733002046180544,1.6738399398095858,0.0
74,75,47,2.0487335025598226,0.3781234346545069,1.307611570636989,2.7898554344826563,1.6706100679053157,0.0
36,99,1,2.1478466121841944,0.477934984039035,1.2110940434676858,3.084599180900703,1.6699116281451594,0.0
111,117,14,2.0704440909307262,0.40175094554364793,1.2830122376651762,2.857875944196276,1.6686931453870784,0.0
64,70,50,2.1055371264147467,0.4540277511833507,1.2156427340953793,2.9954315187341143,1.651509375231396,0.0
99,43,53,2.183131862803924,0.5425553859729739,1.119723306296895,3.2465404193109526,1.6405764768309499,0.0
70,43,50,2.013782926432237,0.3736605649861409,1.281408219059401,2.7461576338050735,1.6401223614460962,0.0
70,43,23,2.013756216660419,0.37628471873906194,1.2762381679318575,2.75127426538898,1.637471497921357,0.0
111,6,23,1.9377139037644087,0.30781231349508686,1.3344017693140384,2.541026038214779,1.6299015902693217,0.0
99,6,26,2.02990247919781,0.40734975665630196,1.2314969561514584,2.828308002244162,1.6225527225415082,0.0
64,45,29,2.1160988450819964,0.5117863966048739,1.1129975077364436,3.1192001824275493,1.6043124484771225,0.0
111,68,41,2.02981169785889,0.4313108389033178,1.184442453608387,2.8751809421093926,1.598500858955572,0.0
111,70,4,2.045681270600688,0.44927313160444254,1.165105932655981,2.9262566085453954,1.5964081389962457,0.0
70,43,28,1.957971916863892,0.3723185998808028,1.2282274610975186,2.6877163726302653,1.5856533169830893,0.0
111,43,3,1.988811094296724,0.4058733343331032,1.1932993590038419,2.7843228295896063,1.582937759963621,0.0
111,117,53,2.0975995561650325,0.5148109205016229,1.0885701519818516,3.106628960348213,1.5827886356634095,0.0
111,6,44,1.9785814497785448,0.4111697685268927,1.172688703465835,2.7844741960912547,1.567411681251652,0.0
99,45,53,2.0698577339850583,0.5101870065392238,1.0698912011681798,3.0698242668019367,1.5596707274458346,0.0
99,45,47,2.0211294759736305,0.47586841622586834,1.0884273801709285,2.953831571776332,1.545261059747762,0.0
64,70,14,1.996652861061467,0.4613675911551539,1.0923723823973654,2.9009333397255688,1.5352852699063133,0.0
111,70,1,1.855677462990586,0.3274410898163846,1.2138929269504721,2.4974619990306994,1.5282363731742012,0.0
111,36,44,1.952459599629428,0.4256028937535577,1.1182779278724548,2.7866412713864013,1.5268567058758704,0.0
80,99,47,1.841761843897216,0.33163546310225644,1.1917563362167933,2.491767351577639,1.5101263807949596,0.0
111,45,9,1.864580971638582,0.3627652440295991,1.1535610933405678,2.5756008499365963,1.501815727608983,0.0
80,70,9,1.7934735555929566,0.29459081584229996,1.2160755565420487,2.3708715546438643,1.4988827397506568,0.0
99,32,50,1.9082027544661153,0.4108685698475285,1.1029003575649594,2.713505151367271,1.4973341846185868,0.0
80,99,26,1.868050582552946,0.3748939252251799,1.1332584891115935,2.6028426759942986,1.4931566573277661,0.0
80,70,46,1.794593717880094,0.3021411885709065,1.2023969882811172,2.3867904474790707,1.4924525293091875,0.0
60,32,39,1.927187513881152,0.4523588181706247,1.0405642302667277,2.8138107974955764,1.4748286957105274,0.0
111,38,41,1.8902664819613695,0.42286462630489635,1.0614518144037728,2.719081149518966,1.4674018556564732,0.0
32,99,47,1.8939580203845492,0.4504320349335175,1.011111231914855,2.7768048088542434,1.4435259854510316,0.0
80,70,1,1.7051346321260947,0.28220732900064505,1.1520082672848304,2.2582609969673593,1.4229273031254497,0.0
64,43,14,1.802125081179773,0.3820889792465869,1.0532306818564627,2.5510194805030837,1.4200361019331862,0.0
80,45,19,1.8379850015366843,0.42036343891926836,1.0140726612549185,2.66189734181845,1.417621562617416,0.0
70,43,46,1.7204079091903264,0.32188119088281814,1.0895207750600029,2.3512950433206496,1.3985267183075083,0.0
111,45,12,1.8738266087190432,0.4772130227188238,0.9384890841901485,2.809164133247938,1.3966135860002193,0.0
36,99,50,1.7971335371631296,0.4022580324114532,1.0087077936366815,2.5855592806895777,1.3948755047516763,0.0
68,32,14,1.7565282887016354,0.3724650531042477,1.0264967846173099,2.486559792785961,1.3840632355973876,0.0
117,70,26,1.7623031636968103,0.3802454877952398,1.0170220076181402,2.5075843197754804,1.3820576759015704,0.0
99,6,46,1.8360871507461525,0.46402522367451454,0.926597712344104,2.745576589148201,1.3720619270716379,0.0
111,32,17,2.0673473696906877,0.696254721270652,0.7026881160002096,3.4320066233811657,1.3710926484200356,0.0
111,45,34,1.7657317707717362,0.3950630247134402,0.9914082423333934,2.5400552992100787,1.370668746058296,0.0
80,70,8,1.741894638257288,0.3763420513541294,1.0042642176031944,2.4795250589113813,1.3655525869031586,0.0
80,99,50,1.6998813292179205,0.34161923645537634,1.0303076257653827,2.369455032670458,1.3582620927625442,0.0
64,45,0,1.8526099017788118,0.5014771125192781,0.8697147612410268,2.835505042316597,1.3511327892595337,0.0
70,43,53,1.735173271398736,0.39417071953955013,0.9625986611012177,2.5077478816962544,1.341002551859186,0.0
64,45,25,1.8583373997916801,0.5175685168127451,0.8439031068386997,2.8727716927446605,1.340768882978935,0.0
111,36,18,1.6820782780315586,0.3539130353573284,0.988408728731195,2.375747827331922,1.3281652426742303,0.0
117,99,28,1.6419849687456693,0.3227587314194896,1.0093778551634698,2.274592082327869,1.3192262373261798,0.0
111,70,19,1.9527845747463457,0.6606255253943007,0.6579585449735164,3.247610604519175,1.292159049352045,0.0
80,70,35,1.5920060421544806,0.3039943015270899,0.9961772111613845,2.187834873147577,1.2880117406273908,0.0
111,64,2,1.735468591483891,0.44747542939288965,0.8584167498738273,2.6125204330939544,1.2879931620910012,0.0
80,70,37,1.5661183844801476,0.2939442061874489,0.9899877403527478,2.1422490286075475,1.2721741782926987,0.0
111,38,45,1.7070397070571686,0.43548851248665743,0.85348222258332,2.5605971915310173,1.2715511945705111,0.0
104,117,46,1.5901376930510558,0.3203552413861432,0.9622414199342152,2.2180339661678965,1.2697824516649125,0.0
111,36,8,1.6268128374682935,0.36101393029403,0.9192255340919947,2.3344001408445925,1.2657989071742635,0.0
36,99,22,1.762383090145541,0.5060508590191206,0.7705234064680647,2.7542427738230173,1.2563322311264205,0.0
111,117,56,1.5605487241640208,0.308624403991096,0.9556448923414727,2.165452555986569,1.2519243201729249,0.0
70,32,41,1.7467317411830179,0.5067585682416066,0.753484947429469,2.739978534936567,1.2399731729414114,0.0
99,43,50,1.646329154183469,0.4079579773373616,0.8467315186022403,2.4459267897646977,1.2383711768461074,0.0
99,32,28,1.6472451265508825,0.4143961420847072,0.8350286880648564,2.4594615650369085,1.2328489844661754,0.0
99,45,8,1.719495532820233,0.4883322756551695,0.7623642725361008,2.676626793104365,1.2311632571650635,0.0
111,45,32,1.5601266267112222,0.3353447657532011,0.902850885834948,2.2174023675874963,1.224781860958021,0.0
80,99,1,1.5415797401346587,0.3272662627059417,0.9001378652310129,2.1830216150383044,1.214313477428717,0.0
37,75,30,1.595267770714087,0.38458796823424374,0.8414753529749692,2.3490601884532047,1.2106798024798433,0.0
64,80,7,1.5249738163512674,0.31502600728353547,0.9075228420755379,2.142424790626997,1.209947809067732,0.0
38,99,56,1.7101333863823482,0.5039858507500867,0.7223211189121783,2.697945653852518,1.2061475356322615,0.0
80,70,50,1.5601176432339867,0.35671432924699636,0.8609575579098738,2.2592777285580996,1.2034033139869904,0.0
117,99,35,1.5601769554695344,0.3701099799521496,0.8347613947633211,2.2855925161757478,1.1900669755173847,0.0
75,18,47,1.5148457303038598,0.33073711947603435,0.8666009761308325,2.163090484476887,1.1841086108278254,0.0
64,70,4,1.5342236545539876,0.3537144793047776,0.8409432751166235,2.2275040339913517,1.18050917524921,0.0
111,70,24,1.5212142589307334,0.3445108348116904,0.8459730226998201,2.1964554951616466,1.1767034241190428,0.0
64,45,11,1.5483712497923143,0.38559087392807845,0.7926131368932806,2.304129362691348,1.1627803758642359,0.0
111,36,9,1.4889496664753712,0.32763377191740256,0.8467874735172621,2.13111185943348,1.1613158945579687,0.0
99,45,29,1.5668634655241684,0.4060114946015505,0.7710809361051295,2.3626459949432075,1.160851970922618,0.0
111,80,19,1.5702203231563463,0.409857070375506,0.7669004652203545,2.373540181092338,1.1603632527808403,0.0
74,70,47,1.4351917745907088,0.286164650687155,0.8743090592438849,1.9960744899375327,1.1490271239035539,0.0
37,75,37,1.5843342277486205,0.43721981244425556,0.7273833953578797,2.4412850601393616,1.1471144153043649,0.0
111,117,35,1.44322370957894,0.29832428997989324,0.8585081012183492,2.0279393179395306,1.1448994195990467,0.0
111,32,13,1.6669608295993064,0.522309638302643,0.6432339385261261,2.6906877206724866,1.1446511912966635,0.0
64,99,36,1.6901914809084488,0.547598445005356,0.6168985286979509,2.763484433118947,1.1425930359030927,0.0
80,117,41,1.3646213185292824,0.22679582224805406,0.9201015069230964,1.8091411301354683,1.1378254962812284,0.0
60,45,6,1.644452113956784,0.5070526831141238,0.6506288550531014,2.6382753728604666,1.1373994308426603,0.0
111,117,50,1.420675742103103,0.29033705802455134,0.8516151083749824,1.9897363758312236,1.1303386840785516,0.0
70,45,39,1.507389012402005,0.3801474735585169,0.7622999642273119,2.2524780605766983,1.1272415388434882,0.0
38,104,46,1.5438720442029061,0.424547210719827,0.7117595111920453,2.375984577213767,1.1193248334830792,0.0
70,43,47,1.415892268103798,0.31120883049742243,0.80592296032885,2.025861575878746,1.1046834376063757,0.0
74,37,17,1.5327798551146286,0.4329082733151645,0.6842796394169062,2.381280070812351,1.099871581799464,0.0
111,38,18,1.3931994637777685,0.29720874931763774,0.8106703151151985,1.9757286124403386,1.0959907144601306,0.0
80,70,18,1.4942177797404637,0.40684189618598543,0.6968076632159322,2.291627896264995,1.0873758835544782,0.0
64,117,46,1.2998625875302574,0.21740172557092913,0.8737552054112363,1.7259699696492785,1.0824608619593283,0.0
36,99,47,1.47252166484608,0.39019311984947735,0.7077431499411043,2.2373001797510557,1.0823285449966025,0.0
99,32,40,1.5388933633267061,0.45825471326980816,0.6407141253178822,2.43707260133553,1.080638650056898,0.0
111,117,54,1.454256229785888,0.37393128543294196,0.7213509103373219,2.187161549234454,1.0803249443529461,0.0
111,82,13,1.5458007190066922,0.4661928248186091,0.6320627823622185,2.459538655651166,1.0796078941880831,0.0
80,70,0,1.3978371600075559,0.32186254295310757,0.766986575819465,2.0286877441956466,1.0759746170544484,0.0
117,70,39,1.4517038453636353,0.3820295839491254,0.7029258608233495,2.200481829903921,1.0696742614145098,0.0
80,70,31,1.4023986613200181,0.3351013135109594,0.7456000868385377,2.0591972358014985,1.0672973478090588,0.0
64,80,16,1.4019353250151503,0.337358280825604,0.7407130945969664,2.0631575554333343,1.0645770441895464,0.0
38,104,53,1.4101763139460552,0.346701889316251,0.7306406108862032,2.0897120170059074,1.0634744246298042,0.0
80,70,25,1.4077046257366375,0.3466520274313114,0.7282666519712672,2.0871425995020076,1.061052598305326,0.0
41,117,17,1.4790939605002664,0.41850704924917176,0.6588201439718898,2.299367777028643,1.0605869112510946,0.0
38,6,22,1.51443497362226,0.4550944201446522,0.6224499101387417,2.4064200371057782,1.059340553477608,0.0
99,32,18,1.4175597144234857,0.371347276815001,0.6897190518660837,2.145400376980888,1.0462124376084847,0.0
111,36,6,1.5216284780303841,0.4773772113699415,0.5859691437452988,2.4572878123154696,1.0442512666604427,0.0
111,6,38,1.594339410824443,0.5504135545490858,0.5155288439082348,2.6731499777406516,1.0439258562753573,0.0
68,32,23,1.363625384092001,0.32960612456179517,0.7175973799508825,2.0096533882331196,1.0340192595302058,0.0
80,117,43,1.3372633136765093,0.30405009697453106,0.7413251236064284,1.9332015037465902,1.0332132167019783,0.0
64,117,47,1.2797919311907886,0.26514974917152057,0.7600984228146083,1.7994854395669688,1.014642182019268,0.0
80,117,7,1.2541904116016926,0.24494625640663006,0.7740957490446978,1.7342850741586875,1.0092441551950626,0.0
104,117,2,1.4344172663598875,0.4275554343341266,0.5964086150649993,2.272425917654776,1.006861832025761,0.0
80,70,22,1.2917160354489552,0.29056557285699536,0.7222075126492443,1.861224558248666,1.0011504625919598,0.0
117,99,58,1.409883865706549,0.4087693378219058,0.6086959635756138,2.2110717678374843,1.0011145278846434,0.0
80,70,48,1.3302696662241988,0.33219146988731785,0.6791743852450559,1.9813649472033417,0.998078196336881,0.0
38,6,53,1.2826537116949455,0.2880586277682762,0.7180588012691241,1.847248622120767,0.9945950839266693,0.0
117,70,47,1.2755938688737831,0.2824602679610086,0.7219717436702063,1.82921599407736,0.9931336009127745,0.0
70,32,28,1.4109491119278499,0.4213028103938885,0.5851956035558284,2.236702620299871,0.9896463015339614,0.0
111,99,0,1.589498952832781,0.6020726732302185,0.40943651330155273,2.7695613923640092,0.9874262796025625,0.0
36,99,39,1.4977750201746438,0.5160136357485344,0.4863882941075164,2.5091617462417712,0.9817613844261094,0.0
104,32,29,1.3607176996699135,0.3869047360471853,0.6023844170174304,2.1190509823223964,0.9738129636227282,0.0
117,70,1,1.2220720938741632,0.26670081944739354,0.6993384877572718,1.7448056999910544,0.9553712744267696,0.0
111,36,56,1.3706421540068932,0.4200659039963197,0.5473129821741065,2.19397132583968,0.9505762500105734,0.0
70,117,52,1.261266214864685,0.31285128217763086,0.6480777017965285,1.8744547279328414,0.9484149326870541,0.0
80,45,2,1.213056495496277,0.2660152377699548,0.6916666294671656,1.7344463615253884,0.9470412577263223,0.0
111,117,37,1.307050560887904,0.3609130713691414,0.5996609410043868,2.014440180771421,0.9461374895187625,0.0
6,38,26,1.3887232327906407,0.44341505150664,0.5196297318376263,2.257816733743655,0.9453081812840007,0.0
64,99,47,1.333055693165618,0.38847920763057736,0.5716364462096862,2.0944749401215494,0.9445764855350405,0.0
111,117,30,1.3004879552692556,0.3559563880861993,0.602813434620305,1.9981624759182064,0.9445315671830563,0.0
117,6,47,1.2245551951830675,0.28060508968282216,0.6745692194047361,1.774541170961399,0.9439501055002454,0.0
104,117,18,1.2307099309527054,0.2872692136459446,0.667662272206654,1.7937575896987568,0.9434407173067608,0.0
64,99,19,1.553880613350255,0.6125051557448095,0.35337050809042836,2.7543907186100816,0.9413754576054455,0.0
80,117,45,1.1580111449123927,0.22321569080867437,0.7205083909273908,1.5955138988973945,0.9347954541037182,0.0
80,99,35,1.2711401840578693,0.33841564153144094,0.6078455266562451,1.9344348414594936,0.9327245425264283,0.0
111,6,56,1.354621154069976,0.43017123822961195,0.5114855271399366,2.1977567810000154,0.9244499158403641,0.0
64,117,10,1.1343808639117232,0.2147192996890177,0.7135310365212485,1.555230691302198,0.9196615642227055,0.0
64,99,46,1.3268426382082559,0.41626860055476084,0.5109561811209247,2.142729095295587,0.910574037653495,0.0
70,32,19,1.3635380562658468,0.4530454893419248,0.4755688971556742,2.2515072153760194,0.910492566923922,0.0
60,70,39,1.3442937860006092,0.435276257273448,0.4911523217446512,2.197435250256567,0.9090175287271612,0.0
70,43,2,1.2847950086368598,0.377844977314713,0.5442188531000224,2.025371164173697,0.9069500313221468,0.0
70,117,47,1.2763171713929726,0.3751015466180348,0.5411181400216244,2.0115162027643207,0.9012156247749379,0.0
64,99,53,1.3798234784259649,0.48147987652572305,0.4361229204355477,2.323524036416382,0.8983436019002418,0.0
80,70,56,1.1778765461732326,0.28281529906958564,0.6235585599968447,1.7321945323496204,0.895061247103647,0.0
64,117,28,1.0987519709611666,0.20552530119507237,0.6959223806188248,1.5015815613035084,0.8932266697660942,0.0
117,6,53,1.1870007733833732,0.2963305773628336,0.6061928417522193,1.767808705014527,0.8906701960205397,0.0
111,68,7,1.3831541465395605,0.4999702186377503,0.4032125180095699,2.363095775069551,0.8831839279018101,0.0
99,43,52,1.325890809473043,0.4471385298145792,0.4494992910364679,2.202282327909618,0.8787522796584639,0.0
70,32,12,1.3549030706159593,0.4905936460721834,0.3933395243144798,2.3164666169174386,0.8643094245437759,0.0
99,32,19,1.4393893191251514,0.575341424484268,0.3117201271359862,2.5670585111143165,0.8640478946408835,0.0
80,117,28,1.119259874162771,0.2631132628676212,0.6035578789422335,1.6349618693833086,0.8561466112951499,0.0
38,68,58,1.166060829001426,0.3107450140441171,0.5570006014749566,1.7751210565278956,0.855315814957309,0.0
80,99,6,1.3154772097963239,0.4734196982752213,0.38757460117689013,2.2433798184157574,0.8420575115211026,0.0
70,32,46,1.3487099926009345,0.5086337186857806,0.3517879039768046,2.345632081225064,0.8400762739151539,0.0
6,38,1,1.2035000994995806,0.3752411824116565,0.46802738197273386,1.9389728170264273,0.8282589170879241,0.0
36,70,9,1.4031658867114403,0.5759854908232457,0.2742343246978787,2.532097448725002,0.8271803958881946,0.0
111,99,43,1.5122840696159952,0.6885280927367383,0.1627690078519881,2.8617991313800024,0.8237559768792568,0.0
104,32,19,1.2437895324179633,0.4224528565663766,0.4157819335478652,2.0717971312880614,0.8213366758515868,0.0
80,99,30,1.1499750748313293,0.3313293270513658,0.5005695938106524,1.7993805558520064,0.8186457477799636,0.0
64,70,47,1.1883069588098711,0.381036907401626,0.44147462030268425,1.935139297317058,0.8072700514082451,0.0
70,43,52,1.1709556197084883,0.36434063299052766,0.4568479790470541,1.8850632603699224,0.8066149867179606,0.0
64,70,11,1.1379364470941797,0.3365344015156385,0.4783290201235283,1.7975438740648313,0.8014020455785412,0.0
80,117,18,1.017521570510138,0.22336708662434135,0.579722080726429,1.455321060293847,0.7941544838857966,0.0
64,80,47,1.0346749607758103,0.24188924851489646,0.5605720336866133,1.5087778878650073,0.7927857122609139,0.0
111,70,28,1.2314041836736749,0.43994285746404177,0.36911618304415306,2.0936921843031966,0.791461326209633,0.0
99,6,58,1.2103157656102295,0.4199688955548751,0.3871767303226743,2.0334548008977844,0.7903468700553544,0.0
38,99,17,1.4176520123214944,0.6284365831456383,0.1859163093560432,2.6493877152869456,0.7892154291758561,0.0
36,80,1,1.031065399188814,0.2431894162204383,0.5544141433967549,1.507716654980873,0.7878759829683756,0.0
80,117,35,0.9761063503685502,0.19102904716333727,0.6016894179284091,1.3505232828086913,0.785077303205213,0.0
74,70,17,1.1269720651828181,0.3435391364870762,0.4536353576681488,1.8003087726974876,0.783432928695742,0.0
36,99,13,1.3942772712286495,0.6203087539258175,0.17847211353404724,2.610082428923252,0.773968517302832,0.0
80,117,33,1.0140868644013452,0.24344724564827497,0.5369302629307262,1.4912434658719642,0.7706396187530702,0.0
104,32,45,1.174179951286078,0.40792411147123464,0.37464869280245816,1.9737112097696978,0.7662558398148434,0.0
111,117,58,1.1459470495820112,0.385809808556121,0.389759824812014,1.9021342743520084,0.7601372410258902,0.0
117,6,22,0.9838048180736921,0.2261325490643252,0.5405850219076147,1.4270246142397696,0.7576722690093669,0.0
36,117,45,0.9953981874506955,0.23934909709772292,0.5262739571391586,1.4645224177622325,0.7560490903529726,0.0
111,117,18,1.0591759296862413,0.3056816719100386,0.46003985274256565,1.658312006629917,0.7534942577762027,0.0
38,60,28,1.0842675182956858,0.3329817013173573,0.4316233837136655,1.7369116528777062,0.7512858169783285,0.0
99,18,53,1.0850454607625908,0.33758390564773644,0.4233810056930274,1.7467099158321542,0.7474615551148543,0.0
111,32,1,1.0462216914946127,0.30397502251769837,0.450430647359924,1.6420127356293015,0.7422466689769144,0.0
111,80,44,1.1488313574694058,0.40888458398806715,0.3474175728527942,1.9502451420860174,0.7399467734813386,0.0
104,117,1,1.091112761191055,0.35592557356789706,0.3934986369979767,1.7887268853841332,0.7351871876231579,0.0
99,32,56,1.0337702525072692,0.301433354313286,0.4429608780532286,1.6245796269613098,0.7323368981939832,0.0
68,70,37,1.1718184479444775,0.442437667125758,0.3046406203779919,2.0389962755109634,0.7293807808187196,0.0
60,32,2,0.9738723754793212,0.24531503122655882,0.4930549142752659,1.4546898366833765,0.7285573442527623,0.0
80,99,3,1.022158714612286,0.2954564787504797,0.44306401626134573,1.601253412963226,0.7267022358618063,0.0
64,70,22,1.2809695360381315,0.5630186886319436,0.17745290631952204,2.3844861657567407,0.7179508474061879,0.0
111,70,8,1.0983510030877421,0.3810325959805715,0.351527114965822,1.8451748912096622,0.7173184071071707,0.0
80,32,39,1.1139485299226084,0.4093540503943686,0.31161459114964596,1.9162824686955708,0.7045944795282397,0.0
104,32,32,1.2357434801102891,0.5348115797307579,0.18751278383800374,2.2839741763825745,0.7009319003795312,0.0
80,99,46,1.092397670643989,0.3930513899576431,0.3220169463270086,1.8627783949609695,0.699346280686346,0.0
38,104,36,1.1799571463250642,0.4849068821694818,0.22953965727287995,2.1303746353772484,0.6950502641555825,0.0
80,117,10,0.9450220866915755,0.2530119460382463,0.4491186724566128,1.4409255009265383,0.6920101406533292,0.0
70,43,54,0.994457544404411,0.30507198715693346,0.3965164495768214,1.5923986392320006,0.6893855572474776,0.0
111,32,44,1.139896580304138,0.4505601335947319,0.2567987184584636,2.0229944421498125,0.6893364467094062,0.0
36,99,19,1.3421527887975389,0.653006687542948,0.062259681213360896,2.622045896381717,0.6891461012545909,0.0
70,32,11,1.0870842535359608,0.3983697907464959,0.3062794636728289,1.8678890433990927,0.6887144627894649,0.0
117,43,27,1.0157488993488906,0.33154344020075666,0.36592375655540754,1.6655740421423735,0.6842054591481339,0.0
64,99,24,1.2628214194673404,0.5818377000035003,0.1224195274604798,2.4032233114742008,0.6809837194638401,0.0
111,36,40,1.0776090540770453,0.39878032325134416,0.29599962050441075,1.85921848764968,0.6788287308257012,0.0
38,6,14,1.0244488447051072,0.3505888740915876,0.33729465148559545,1.711603037924619,0.6738599706135195,0.0
64,80,53,0.9215619333318514,0.25417003634956076,0.4233886620867124,1.4197352045769904,0.6673918969822907,0.0
70,32,36,1.0879235713864854,0.4209166257579721,0.2629269849008601,1.9129201578721107,0.6670069456285133,0.0
104,117,10,1.0982059849281305,0.43233300487366877,0.25083329537573973,1.9455786744805212,0.6658729800544617,0.0
64,117,54,0.9157378811836915,0.25055325567134024,0.4246535000678646,1.4068222622995183,0.6651846255123512,0.0
117,70,54,1.0010354188935275,0.33920527321495386,0.336193083392218,1.665877754394837,0.6618301456785737,0.0
82,43,30,1.0407039723905955,0.37899882046251665,0.2978662842840629,1.7835416604971281,0.6617051519280789,0.0
70,32,35,1.0632913406460625,0.4023420309899706,0.2747009599057201,1.851881721386405,0.6609493096560919,0.0
36,70,53,1.110104124906253,0.45236041860523696,0.2234777044399887,1.9967305453725175,0.6577437063010161,0.0
70,6,23,1.0715985530734855,0.4166889581045739,0.2548881951885207,1.8883089109584503,0.6549095949689117,0.0
111,24,16,1.0503069504643554,0.3975137015758806,0.27118009537562937,1.8294338055530814,0.6527932488884748,0.0
36,117,22,0.9339076035493752,0.28141126273471023,0.3823415285893431,1.4854736785094071,0.6524963408146649,0.0
99,70,9,0.9056985269565576,0.25367211039009313,0.4085011905919751,1.4028958633211401,0.6520264165664644,0.0
38,99,47,1.0574797742497646,0.4101292523220281,0.25362643969858945,1.8613331088009397,0.6473505219277365,0.0
111,43,32,0.9036422237874525,0.2580764812148366,0.3978123206063727,1.4094721269685322,0.6455657425726159,0.0
38,60,29,0.9838207906245373,0.3407143384453755,0.31602068727160126,1.6516208939774732,0.6431064521791618,0.0
64,43,41,0.9531933203661525,0.31093606444788335,0.3437586340483011,1.5626280066840037,0.6422572559182691,0.0
38,60,46,0.912750617618969,0.2759542463286927,0.3718802948147314,1.4536209404232068,0.6367963712902763,0.0
80,45,56,0.9300338706075603,0.29335001444410547,0.3550678422971135,1.504999898918007,0.6366838561634548,0.0
38,36,28,0.9827151516617957,0.3507240942831875,0.2952959268667482,1.670134376456843,0.6319910573786082,0.0
117,70,16,0.9958539159818816,0.3656906797224428,0.27910018372589374,1.7126076482378694,0.6301632362594387,0.0
117,70,9,0.8347293070253171,0.20477361501298658,0.4333730215998634,1.2360855924507708,0.6299556920123306,0.0
111,32,24,1.0456443914404734,0.41600377031215746,0.23027700162864473,1.861011781252302,0.6296406211283159,0.0
70,32,31,1.0431359753942864,0.41500104466960924,0.22973392784185231,1.8565380229467205,0.6281349307246771,0.0
64,80,0,0.9288582149858108,0.3029697266182404,0.3350375508140596,1.5226788791575618,0.6258884883675704,0.0
70,117,53,0.9285261457780861,0.30359380035223965,0.3334822970876964,1.5235699944684757,0.6249323454258464,0.0
80,117,48,0.8509323659467847,0.2277978946549603,0.40444849242306247,1.2974162394705069,0.6231344712918243,0.0
68,32,53,0.9369790891679843,0.31385683569078604,0.32181969121404375,1.5521384871219248,0.6231222534771983,0.0
104,117,7,1.0368975117597508,0.4157456620645448,0.22203601411324303,1.8517590094062584,0.621151849695206,0.0
38,36,14,1.0304345659943612,0.4098829184077168,0.22706404591523632,1.833805086073486,0.6205516475866444,0.0
36,99,41,1.016490434134865,0.3963072314593761,0.23972826047448792,1.7932526077952422,0.620183202675489,0.0
74,41,47,0.9009625548307427,0.28337327240423343,0.3455509409184452,1.4563741687430403,0.6175892824265092,0.0
64,99,23,0.9575306456397638,0.3404840380166658,0.2901819311270988,1.6248793601524287,0.6170466076230979,0.0
38,80,14,1.126442016350991,0.5133831809960798,0.1202109815986745,2.1326730511033074,0.6130588353549111,0.0
111,43,38,1.0031097003659089,0.39090847576061255,0.23692908787510825,1.7692903128567095,0.6122012246052964,0.0
104,80,58,0.8863965220486415,0.28049080006770466,0.3366345539159403,1.4361584901813427,0.6059057219809368,0.0
64,117,35,0.8497916235471867,0.25288674496698016,0.35413360341190564,1.3454496436824679,0.5969048785802066,0.0
74,37,53,0.8477235328222426,0.25141858598283906,0.354943104295878,1.3405039613486072,0.5963049468394035,0.0
82,43,13,1.170469690479662,0.5746254132956261,0.04420388042023493,2.2967355005390893,0.595844277184036,0.0
104,117,45,0.9416307521961864,0.3467828301821844,0.261936405039105,1.621325099353268,0.5948479220140019,0.0
6,38,36,0.9764212469297424,0.3905451565683572,0.21095274005576237,1.7418897538037226,0.5858760903613852,0.0
99,32,21,1.0269713485312575,0.4437440568999832,0.15723299700729043,1.8967097000552244,0.5832272916312743,0.0
111,6,15,1.059309107672814,0.48032405606368495,0.11787395778799159,2.0007442575576366,0.578985051609129,0.0
99,32,52,1.012778627935787,0.4347937678960445,0.16058284285953983,1.8649744130120345,0.5779848600397426,0.0
37,99,47,0.9335486730170947,0.3573414519742181,0.23315942714762716,1.6339379188865621,0.5762072210428766,0.0
74,41,53,0.9029832510343151,0.3309564303960254,0.25430864745810533,1.5516578546105249,0.5720268206382897,0.0
38,6,50,0.9672551238312994,0.3976781674443317,0.18780591564040927,1.7467043320221896,0.5695769563869677,0.0
64,80,36,0.8402096191017215,0.2731866806435947,0.30476372504027593,1.3756555131631671,0.5670229384581269,0.0
43,45,54,0.8059982536980604,0.2411032772255751,0.33343583033593327,1.2785606770601876,0.5648949764724853,0.0
99,6,8,0.8888338592634427,0.3242603866951397,0.253283501340969,1.5243842171859163,0.564573472568303,0.0
64,80,1,0.8043483329782525,0.24049320974649085,0.3329816418751304,1.2757150240813746,0.5638551232317617,0.0
38,6,28,0.9188536319306809,0.35539255800119207,0.22228421824834443,1.6154230456130174,0.5634610739294889,0.0
117,6,14,0.8603958571286131,0.3009508732035263,0.2705321456497015,1.4502595686075246,0.5594449839250868,0.0
80,117,52,0.8230588202738358,0.26422703739659625,0.3051738269765072,1.3409438135711644,0.5588317828772396,0.0
38,36,3,0.8984752368153313,0.34131804080756184,0.22949187683251004,1.5674585967981525,0.5571571960077695,0.0
111,68,24,0.8433887135717076,0.2886552367431243,0.27762444955518395,1.4091529775882314,0.5547334768285833,0.0
64,117,0,0.9284412993225756,0.3776896510088274,0.1881695833452739,1.6687130152998773,0.5507516483137482,0.0
45,6,46,0.9118047143731763,0.36509511546160295,0.19621828806843455,1.627391140677918,0.5467095989115733,0.0
104,117,24,0.8016620814958892,0.2603998761553177,0.2912783242314666,1.3120458387603118,0.5412622053405716,0.0
111,80,14,0.8443199826114529,0.30443795533705803,0.2476215901508192,1.4410183750720866,0.5398820272743949,0.0
6,38,16,0.9558123434123623,0.4175969666759911,0.1373222887274198,1.774302398097305,0.5382153767363712,0.0
111,99,48,1.205550807923704,0.6686903482262304,-0.10508227459970754,2.516183890447116,0.5368604596974736,0.0
36,80,16,0.7638369271015236,0.22775721891656397,0.31743277802505826,1.210241076177989,0.5360797081849596,0.0
38,36,45,0.9271524752369,0.39117966717336616,0.16044032757710236,1.6938646228966978,0.5359728080635339,0.0
80,32,27,0.9396254961812093,0.4049184479238218,0.14598533825051851,1.7332656541119,0.5347070482573875,0.0
111,60,26,0.9343880714495848,0.40023909872894625,0.14991943794085016,1.7188567049583194,0.5341489727206385,0.0
80,117,40,0.7582380396416932,0.2249525671521812,0.31733100802341807,1.1991450712599683,0.533285472489512,0.0
111,45,55,1.0897180576711107,0.5567108650852429,-0.0014352378959654466,2.180871353238187,0.5330071925858678,0.0
117,6,15,0.7407078446345517,0.21033789994253177,0.3284455607471895,1.152970128521914,0.53036994469202,0.0
74,117,47,0.7045419126382473,0.17734078623750515,0.3569539716127372,1.0521298536637573,0.5272011264007421,0.0
36,99,8,0.8561571468034456,0.3344529954973371,0.20062927562866484,1.5116850179782264,0.5217041513061085,0.0
38,104,38,0.8759401130946538,0.3548212501703187,0.18049046276082925,1.5713897634284784,0.5211188629243351,0.0
45,6,1,0.9350647539356499,0.4189653219912797,0.11389272283274166,1.756236785038558,0.5160994319443701,0.0
70,6,53,1.0305245436313555,0.5172436766632891,0.016726937371308814,2.044322149891402,0.5132808669680664,0.0
117,45,56,0.7558636234203773,0.25030264299565236,0.26527044314889864,1.246456803691856,0.505560980424725,0.0
99,45,0,0.9989426041123058,0.5009368723506635,0.0171063343050053,1.9807788739196064,0.4980057317616423,0.0
80,45,17,1.1293824282365916,0.6314334883944631,-0.10822720901655614,2.3669920654897396,0.4979489398421285,0.0
111,68,29,0.8781600295804987,0.3844761184087166,0.12458683749941413,1.6317332216615832,0.49368391117178206,0.0
111,38,2,0.8665677037507966,0.37401114357610143,0.13350586234163786,1.5996295451599554,0.4925565601746952,0.0
111,60,44,0.9369691319196113,0.44705524788373535,0.06074084606748997,1.8131974177717325,0.48991388403587594,0.0
70,32,32,0.7701545533937434,0.2803862046896089,0.22059759220210995,1.3197115145853768,0.4897683487041345,0.0
70,43,7,0.8329993766683896,0.34460342633021274,0.15757666106117263,1.5084220922756066,0.4883959503381769,0.0
68,32,1,0.8393911563957666,0.35199990764976286,0.1494713374022314,1.5293109753893017,0.4873912487460037,0.0
111,70,25,0.827107297486399,0.340388367486833,0.15994609721220632,1.4942684977605918,0.486718929999566,0.0
64,99,52,0.9547737413678576,0.4710475752872662,0.03152049380481592,1.8780269889308994,0.48372616608059144,0.0
70,43,27,0.8936668560928139,0.4129648781517828,0.0842556949153197,1.7030780172703082,0.48070197794103114,0.0
117,70,50,0.7510923392351269,0.27430684147206386,0.21345092994988168,1.288733748520372,0.476785497763063,0.0
64,117,6,0.8986518709612105,0.42239767275101125,0.07075243236922846,1.7265513095531926,0.4762541982101992,0.0
38,36,32,0.7981579847315783,0.322279634010075,0.16648990207183134,1.4298260673913252,0.4758783507215033,0.0
38,82,26,0.7379515932720399,0.267842533332328,0.21298022794067695,1.2629229586034028,0.47010905993971186,0.0
64,117,56,0.6666779931060841,0.19708204781535332,0.2803971793879916,1.0529588068241766,0.4695959452907308,0.0
6,6,1,1.0563210964985996,0.5871100545056672,-0.09441461033250809,2.2070568033297073,0.4692110419929324,0.0
64,80,49,0.6785899431713336,0.21048421329627087,0.26604088511064267,1.0911390012320246,0.4681057298750627,0.0
38,32,58,0.7268348088197053,0.25887325104377923,0.219443236773898,1.2342263808655125,0.4679615577759261,0.0
104,32,44,1.0015016241118149,0.5338855655930057,-0.04491408445047629,2.047917332674106,0.46761605851880916,0.0
117,82,14,0.7070270618367814,0.24031976396121882,0.23600032447279257,1.1780537992007702,0.46670729787556264,0.0
38,117,16,0.8166888297141917,0.3532511442965074,0.12431658689303715,1.5090610725353462,0.46343768541768426,0.0
70,32,33,0.8975065787214442,0.43531368670383624,0.04429175278192521,1.7507214046609634,0.462192892017608,0.0
111,64,51,1.1498886752181816,0.6890998614322665,-0.20074705318906072,2.500524403625424,0.4607888137859151,0.0
111,38,28,0.7967366037214723,0.3439918907450311,0.12251249786121132,1.4709607095817332,0.45274471297644114,0.0
117,6,28,0.6559129717895266,0.20568748178068044,0.2527655074993929,1.0590604360796603,0.45022549000884615,0.0
60,80,39,0.9205585792721738,0.47178743962728426,-0.004144802397303304,1.845261960941651,0.4487711396448895,0.0
38,36,58,0.8262382053058789,0.3818910830605677,0.07773168250716622,1.5747447281045917,0.4443471222453112,0.0
111,80,56,0.764450089333618,0.32231165772461745,0.13271924019336778,1.3961809384738681,0.44213843160900057,0.0
117,45,36,0.7151818740038537,0.27309126680022117,0.1799229910754202,1.2504407569322873,0.4420906072036325,0.0
38,60,34,0.6537485951738357,0.2162273817969423,0.22994292685182877,1.0775542634958426,0.43752121337689337,0.0
68,32,2,0.8929463133430087,0.4557361416854705,-0.00029652436051352815,1.7861891510465309,0.43721017165753817,0.0
70,32,0,0.7770904055497004,0.34062597356839625,0.10946349735564376,1.444717313743757,0.4364644319813042,0.0
111,117,43,0.8675917378901836,0.439143647535841,0.006870188719935277,1.7283132870604319,0.4284480903543426,0.0
38,6,41,0.7931643797660304,0.36630526148440223,0.07520606725660206,1.5111226922754586,0.42685911828162815,0.0
38,68,53,0.7630323453991694,0.3364374544824895,0.10361493461349003,1.4224497561848488,0.4265948909166799,0.0
80,117,1,0.673006685734699,0.2504522585786509,0.1821202589205433,1.1638931125488547,0.42255442715604813,0.0
104,117,34,0.669833216526585,0.2525271190191508,0.17488006324904942,1.1647863698041205,0.4173060975074342,0.0
70,45,47,0.6881641287770153,0.27597764685779347,0.14724794093574012,1.2290803166182904,0.4121864819192218,0.0
104,32,48,0.8107867716722233,0.39943693533477426,0.027890378416065786,1.593683164928381,0.4113498363374491,0.0
38,32,23,0.6591536345728637,0.25141628477692524,0.16637771641009025,1.1519295527356372,0.40773734979593845,0.0
111,36,30,0.7441278288962653,0.3375075856070585,0.08261296110643057,1.4056426966861,0.40662024328920676,0.0
117,18,17,0.6178396190255908,0.21160148636150222,0.20310070575704647,1.0325785322941352,0.4062381326640886,0.0
38,36,47,0.7001031889717825,0.29914843575995986,0.11377225488226117,1.2864341230613037,0.4009547532118226,0.0
41,75,33,0.9213049486502181,0.5229259656175923,-0.10362994396026282,1.946239841260699,0.39837898303262576,0.0
36,117,11,0.6067060684203819,0.20890881644879075,0.19724478818075203,1.0161673486600118,0.3977972519715911,0.0
74,117,37,0.5425063227805287,0.15035138983352497,0.24781759870681974,0.8371950468542376,0.3921549329470037,0.0
111,6,2,0.7450187615042042,0.3567349301025756,0.045818298503155996,1.4442192245052525,0.3882838314016286,0.0
38,104,27,0.6862588477211853,0.2987776116392371,0.10065472890828053,1.2718629665340901,0.3874812360819482,0.0
36,117,38,0.6221325394012955,0.23576796252302334,0.16002733285616977,1.0842377459464214,0.3863645768782722,0.0
70,6,45,0.8181871394859368,0.43272594059459263,-0.029955704079464684,1.6663299830513383,0.38546119889134417,0.0
104,32,43,0.8397475127578236,0.4586354250755372,-0.05917792039022929,1.7386729459058765,0.3811120876822864,0.0
38,82,53,0.6240187564693488,0.2458553276292644,0.14214231431599056,1.105895198622707,0.37816342884008436,0.0
64,80,50,0.619967767695056,0.24213989627805285,0.14537357099007242,1.0945619644000395,0.37782787141700314,0.0
38,60,15,0.6946220068382232,0.317963271650658,0.0714139944029335,1.3178300192735128,0.37665873518756515,0.0
36,70,22,0.9553583535836727,0.5812091924235572,-0.18381166356649925,2.094528370733845,0.37414916116011554,0.0
104,32,38,0.9198796032409479,0.5476707425311588,-0.15355505212012333,1.9933142586020192,0.3722088607097891,0.0
64,99,28,0.7209056924509106,0.35095351693121435,0.033036799265730554,1.4087745856360907,0.3699521755196963,0.0
104,117,32,0.6430101704125232,0.28317023661561125,0.08799650664592518,1.1980238341791212,0.3598399337969119,0.0
64,43,28,0.6898971447607186,0.3319780666494321,0.03922013412783176,1.3405741553936055,0.35791907811128654,0.0
68,70,41,0.8434738389146647,0.48725715748402065,-0.11155018975401576,1.798497867583345,0.356216681430644,0.0
38,6,11,0.6280065430820883,0.2724228148879659,0.09405782590167511,1.1619552602625014,0.3555837281941224,0.0
68,43,26,0.7185694450934356,0.3646096452893821,0.003934540326246627,1.4332043498606244,0.35395979980405345,0.0
36,117,4,0.6574508649263827,0.3035550999074741,0.062482869107733485,1.252418860745032,0.3538957650189086,0.0
111,60,45,0.7051008195331747,0.3521928366192879,0.014802859759370457,1.395398779306979,0.3529079829138868,0.0
36,117,0,0.5853515423742435,0.23382227078778606,0.12705989163018283,1.0436431931183041,0.3515292715864574,0.0
80,117,20,0.6872150190314998,0.3365227315288569,0.027630465234940282,1.3467995728280595,0.3506922875026429,0.0
82,43,44,0.7441422042517567,0.3938182921431541,-0.02774164834882531,1.5160260568523387,0.3503239121086026,0.0
80,32,43,0.5531169036577774,0.20480684420652,0.15169548901299823,0.9545383183025566,0.3483100594512574,0.0
111,68,52,0.7051838316629818,0.3573677346439576,0.004743071760824891,1.4056245915651386,0.3478160970190242,0.0
38,32,57,0.6197531089618049,0.27738453252750295,0.07607942520789912,1.1634267927157107,0.34236857643430196,0.0
117,68,14,0.7203974343615321,0.37929755080451694,-0.02302576521532107,1.4638206339383855,0.3410998835570152,0.0
43,45,29,0.591412471234555,0.25127351560193834,0.09891638065475583,1.0839085618143542,0.34013895563261665,0.0
60,117,39,0.4980963966456064,0.1687091190919109,0.1674265232254611,0.8287662700657517,0.3293872775536955,0.0
38,60,53,0.6381172027366568,0.30898088661771933,0.03251466496592692,1.2437197405073868,0.3291363161189375,0.0
38,36,35,0.6678124126450913,0.341202814213687,-0.0009451032137351989,1.3365699285039176,0.3266095984314043,0.0
111,82,22,0.5698809395184122,0.2433855639146684,0.09284523424566221,1.0469166447911622,0.32649537560374386,0.0
80,6,53,0.6239835562146736,0.2978000949262814,0.04029537015916207,1.2076717422701853,0.3261834612883922,0.0
99,45,32,0.70560442710923,0.3863557081062068,-0.051652760778935325,1.4628616149973954,0.3192487190030232,0.0
111,117,25,0.6509568510940739,0.33939950166281957,-0.014266172165052438,1.3161798743532,0.3115573494312543,0.0
6,45,50,0.6959828178227998,0.3846959981376238,-0.0580213385269428,1.4499869741725424,0.311286819685176,0.0
60,43,41,0.4819020049551723,0.17719850780790292,0.13459292965168262,0.8292110802586621,0.3047034971472694,0.0
111,117,40,0.6354210058977333,0.3309377410397283,-0.013216966540134156,1.284058978335601,0.30448326485800503,0.0
117,43,56,0.5056046103324461,0.2015831275436856,0.11050168034682234,0.9007075403180698,0.3040214827887605,0.0
117,45,47,0.5529404597809036,0.2489249764911469,0.06504750585825564,1.0408334137035515,0.3040154832897567,0.0
38,60,54,0.6673547158831311,0.36628316846636266,-0.05056029431093967,1.385269726077202,0.30107154741676845,0.0
38,60,11,0.5553069399276235,0.25519586107989256,0.055123052211034085,1.055490827644213,0.3001110788477309,0.0
70,6,58,0.801383302868078,0.5012755743784078,-0.1811168229136012,1.7838834286497574,0.30010772848967027,0.0
99,45,2,0.739735108354771,0.4431995447244399,-0.12893599930513122,1.6084062160146733,0.29653556363033107,0.0
111,60,4,0.6941102441935935,0.3979105818564665,-0.08579449624508084,1.4740149846322677,0.29619966233712697,0.0
111,80,49,0.5423971495856096,0.24689782163582139,0.05847741917939969,1.0263168799918194,0.29549932794978817,0.0
70,45,46,0.5291865075649588,0.23381381750663882,0.07091142525194671,0.9874615898779708,0.29537269005831995,0.0
38,117,32,0.5136487251977385,0.21880103509319296,0.08479869641508031,0.9424987539803967,0.2948476901045456,0.0
74,99,37,0.6476607332036867,0.3552031212450063,-0.048537384436525666,1.3438588508438989,0.29245761195868036,0.0
74,117,53,0.4438597640515216,0.15631632616958324,0.13747976475913848,0.7502397633439047,0.28754343788193837,0.0
38,80,0,0.7008257390487324,0.41375106992849436,-0.11012635801111659,1.5117778361085814,0.287074669120238,0.0
64,80,51,0.6207125244020995,0.33449907736727996,-0.03490566723776922,1.2763307160419681,0.2862134470348195,0.0
111,32,50,0.5737226397175053,0.2889877750906983,0.007306600539736641,1.1401386788952739,0.28473486462680697,0.0
68,32,29,0.6234488331130486,0.33941481745817464,-0.04180420910497373,1.2887018753310708,0.2840340156548739,0.0
111,70,21,0.7117652843388477,0.429724811764965,-0.1304953467204838,1.5540259153981792,0.28204047257388265,0.0
36,80,53,0.6349616277746206,0.3549508830168211,-0.0607421029383487,1.33066535848759,0.2800107447577995,0.0
99,70,13,0.7674783818789173,0.4884977621436196,-0.1899772319225772,1.7249339956804117,0.27898061973529764,0.0
38,117,8,0.5495738426628298,0.27149521898865686,0.01744321344506239,1.0817044718805973,0.27807862367417296,0.0
38,60,30,0.5651357474909204,0.2875025746118481,0.0016307012516981745,1.1286407937301428,0.27763317287907235,0.0
104,117,23,0.48425749695823833,0.20755164746958077,0.07745626791786003,0.8910587259986167,0.27670584948865756,0.0
80,32,18,0.4112173208095661,0.13640329212468927,0.14386686824517514,0.678567773373957,0.2748140286848768,0.0
104,117,55,0.652929559896098,0.3784129346537006,-0.08875979202515505,1.394618911817351,0.27451662524239745,0.0
38,117,41,0.5754665301938846,0.3028369181722853,-0.01809382942379456,1.1690268898115637,0.2726296120215993,0.0
38,80,54,0.7107394674049455,0.43972192784632763,-0.15111551117385658,1.5725944459837478,0.2710175395586179,0.0
111,6,25,0.6050725518319139,0.3342359273408372,-0.050029865756127,1.2601749694199547,0.2708366244910767,0.0
45,6,28,0.6251242492008035,0.35588763658299005,-0.07241551850185701,1.322664016903464,0.2692366126178134,0.0
43,45,52,0.6327369282821951,0.3641045817045169,-0.08090805185865813,1.3463819084230484,0.26863234657767815,0.0
60,80,6,0.6377284851680614,0.36930836408555645,-0.08611590843962924,1.361572878775752,0.2684201210825049,0.0
117,70,36,0.5483502208981843,0.28641270707667016,-0.013018684972089245,1.1097191267684579,0.26193751382151415,0.0
64,32,23,0.4865722055276565,0.22682342254951054,0.04199829733061583,0.9311461137246972,0.25974878297814596,0.0
38,68,29,0.6841938534288198,0.4246313607755248,-0.14808361369120882,1.5164713205488485,0.25956249265329495,0.0
111,60,54,0.6843099011775642,0.4250886431216326,-0.1488638393408357,1.517483641695964,0.2592212580559316,0.0
117,70,12,0.6778690056024832,0.4189388568717617,-0.1432511538661697,1.4989891650711362,0.2589301487307215,0.0
111,80,35,0.5478381206129516,0.2895499653410228,-0.019679811455453056,1.1153560526813562,0.2582881552719288,0.0
38,82,16,0.55769699198229,0.3001171364064738,-0.030532595374398674,1.1459265793389786,0.25757985557581614,0.0
43,45,36,0.8187757197119004,0.5628689291500582,-0.2844473814222136,1.9219988208460146,0.2559067905618423,0.0
38,36,37,0.5617842435908886,0.30754894809544925,-0.04101169467619192,1.164580181857969,0.2542352954954394,0.0
68,75,53,0.6737722039179246,0.42099575786144483,-0.15137948149050728,1.4989238893263566,0.25277644605647975,0.0
70,45,45,0.5103839028391285,0.25794856204118655,0.00480472123840292,1.015963084439854,0.25243534079794194,0.0
111,80,58,0.6143341953467406,0.3624071431830746,-0.09598380529208561,1.3246521959855668,0.251927052163666,0.0
117,45,54,0.5289109609581129,0.27826232414607804,-0.016483194368200116,1.074305116284426,0.2506486368120348,0.0
6,45,47,0.6786192118006305,0.42819122502133855,-0.16063558924119314,1.5178740128424542,0.2504279867792919,0.0
80,32,56,0.44746873680373045,0.19926966022048792,0.05690020277157415,0.8380372708358867,0.24819907658324253,0.0
111,32,8,0.6183144648133589,0.3704671906123686,-0.10780122878688347,1.3444301584136014,0.24784727420099034,0.0
60,117,28,0.4151734956714779,0.17051679804180292,0.08096057150954417,0.7493864198334116,0.24465669762967496,0.0
111,24,14,0.5589270380951883,0.31450235496553086,-0.05749757763725216,1.1753516538276287,0.24442468312965743,0.0
104,117,42,0.5280194737790116,0.283751850965609,-0.028134154113582,1.0841731016716052,0.24426762281340259,0.0
64,80,9,0.38777617024093763,0.14498403850850064,0.10360745476427641,0.6719448857175989,0.242792131732437,0.0
70,117,12,0.6432729488505265,0.4008048423928471,-0.14230454223945377,1.4288504399405069,0.24246810645767947,0.0
99,68,26,0.5496864218575651,0.309426251601543,-0.05678903128145918,1.1561618749965894,0.2402601702560221,0.0
38,32,56,0.5074236938273456,0.27177890799554566,-0.025262965843923846,1.0401103534986151,0.23564478583179999,0.0
111,80,6,0.7328628497041804,0.4973665220185166,-0.2419755334521122,1.7077012328604728,0.23549632768566375,0.0
80,99,0,0.6507049240167263,0.41558647516938296,-0.1638445673152643,1.465254415348717,0.23511844884734334,0.0
60,45,26,0.5313191099355299,0.2987256143045031,-0.05418309410129618,1.116821313972356,0.23259349563102677,0.0
43,45,46,0.5044339475344678,0.2757025694253476,-0.035943088539213464,1.0448109836081492,0.2287313781091202,0.0
64,117,30,0.5087448309550029,0.280686560711628,-0.04140082803978795,1.0588904899497937,0.22805827024337488,0.0
38,104,11,0.5794410303665146,0.3519308981478291,-0.11034353000323038,1.2692255907362595,0.22751013221868555,0.0
111,60,36,0.6488107325922134,0.4251813367685291,-0.18454468747410357,1.4821661526585306,0.22362939582368435,0.0
38,36,31,0.5918553270684067,0.36916473351308265,-0.13170755061723527,1.3154182047540486,0.22269059355532406,0.0
45,6,50,0.6484899897117519,0.42639105532635224,-0.1872364787278985,1.4842164581514021,0.22209893438539963,0.0
64,80,38,0.45912649019299984,0.23818112960410867,-0.007708523831053138,0.9259615042170528,0.22094536058889117,0.0
38,104,56,0.5410922663940674,0.3207649853655992,-0.08760710492250712,1.1697916377106419,0.22032728102846816,0.0
111,82,27,0.5408735167686027,0.32190640296550244,-0.09006303304378205,1.1718100665809876,0.2189671138031003,0.0
60,117,11,0.33594924442460056,0.11913783468928336,0.10243908843360516,0.569459400415596,0.2168114097353172,0.0
117,45,37,0.4753019118355485,0.26590390622278937,-0.04586974436111868,0.9964735680322157,0.20939800561275912,0.0
104,32,18,0.5743414096724049,0.36530153357280604,-0.14164959613029493,1.2903324154751048,0.20903987609959884,0.0
111,80,30,0.4725947639402229,0.2749815698349636,-0.06636911293630571,1.0115586408167514,0.1976131941052593,0.0
38,36,54,0.5337120339715953,0.3361309384520595,-0.12510460539444135,1.192528673337632,0.1975810955195358,0.0
64,70,24,0.5119685696795675,0.3150611618418918,-0.10555130753054043,1.1294884468896753,0.19690740783767569,0.0
64,70,36,0.636103349375409,0.4397832397949023,-0.22587180062259948,1.4980784993734175,0.19632010958050672,0.0
117,43,8,0.44658488634048576,0.25029321145533434,-0.04398980811196951,0.937159580792941,0.19629167488515142,0.0
111,64,15,0.7643400536836152,0.5681021529436268,-0.34914016608589316,1.8778202734531235,0.19623790073998848,0.0
117,24,45,0.5171265567756993,0.3226569538924731,-0.11528107285354805,1.1495341864049466,0.19446960288322618,0.0
117,24,17,0.650053462545255,0.4576628469263624,-0.2469657174304153,1.5470726425209254,0.1923906156188926,0.0
99,70,18,0.5081785406561228,0.31698100093167775,-0.11310422116996555,1.129461302482211,0.19119753972444503,0.0
38,70,23,0.7976110712457429,0.608280039280733,-0.3946178057444938,1.9898399482359796,0.1893310319650099,0.0
68,70,3,0.7107386181991888,0.5239324518187787,-0.31616898736561727,1.737646223763995,0.18680616638041014,0.0
60,70,10,0.44919778369127594,0.26252992262810865,-0.06536086465981694,0.9637564320423688,0.1866678610631673,0.0
36,70,1,0.7124635149526584,0.5259448843467536,-0.3183884583669787,1.7433154882722954,0.1865186306059048,0.0
38,99,48,0.7680703156503987,0.583098726774882,-0.3748031888283698,1.9109438201291673,0.1849715888755168,0.0
117,68,1,0.46685120910210953,0.2830790212870755,-0.0879836726205585,1.0216860908247776,0.18377218781503402,0.0
38,6,17,0.5290842546991982,0.3459042728362691,-0.14888812005988927,1.2070566294582856,0.18317998186292905,0.0
111,36,43,0.7090047894996742,0.5285444041374768,-0.32694224260978044,1.7449518216091287,0.18046038536219733,0.0
36,60,1,0.38809261219479285,0.2084923197535174,-0.020552334522101257,0.796737558911687,0.17960029244127546,0.0
99,45,38,0.6702965928509318,0.4934528356497964,-0.2968709650226692,1.6374641507245329,0.17684375720113538,0.0
32,18,17,0.41457942560912775,0.23986405272719624,-0.055554117736176856,0.8847129689544324,0.1747153728819315,0.0
32,82,28,0.4402970824342165,0.2671419804461097,-0.08330119924015855,0.9638953641085916,0.1731551019881068,0.0
111,32,47,0.5416442814133056,0.3739265088610631,-0.1912516759543781,1.2745402387809892,0.16771777255224246,0.0
74,117,57,0.37825447167614595,0.21318572905095048,-0.03958955726371699,0.7960985006160088,0.16506874262519547,0.0
6,70,45,0.7270138941451405,0.5731009779004829,-0.39626402253980597,1.850291810830087,0.15391291624465764,0.0
68,45,16,0.4903877402632954,0.3393354915561571,-0.17470982318677247,1.1554853037133632,0.1510522487071383,0.0
111,68,1,0.4390161497881137,0.2902047913303155,-0.12978524121930474,1.007817540795532,0.1488113584577982,0.0
38,68,49,0.6019648668834506,0.4534671297925154,-0.2868307075098796,1.4907604412767808,0.14849773709093522,0.0
38,68,9,0.5986825902486871,0.45211754250016434,-0.28746779305163495,1.4848329735490091,0.14656504774852275,0.0
64,32,18,0.3993388432108976,0.25553540471226666,-0.10151055002514503,0.9001882364469402,0.14380343849863092,0.0
64,82,53,0.5031248491568329,0.3596224818923599,-0.20173521535219252,1.2079849136658583,0.14350236726447296,0.0
32,6,1,0.4856473558405172,0.3430361061148826,-0.1867034121446527,1.1579981238256871,0.1426112497256346,0.0
38,36,44,0.5103583446997867,0.3682082252423379,-0.2113297767751956,1.232046466174769,0.14215011945744876,0.0
38,117,48,0.3603940626383816,0.21909842437719237,-0.06903884914091546,0.7898269744176787,0.1412956382611892,0.0
41,117,33,0.3993982786000119,0.25989824755445223,-0.11000228660671446,0.9087988438067383,0.1395000310455597,0.0
111,6,51,0.6261203053798391,0.49106390797715566,-0.33636495425538593,1.5886055650150641,0.13505639740268344,0.0
6,70,1,0.6200198322779374,0.48885517709488135,-0.33813631482802997,1.578175979383905,0.1311646551830561,0.0
6,70,52,0.7467319987967505,0.6158954122482131,-0.4604230092097472,1.9538870068032481,0.13083658654853736,0.0
38,60,44,0.4254878874381275,0.29465430975043627,-0.1520345596727276,1.0030103345489825,0.13083357768769122,0.0
80,99,48,0.4338478195298479,0.3051067995984319,-0.16416150768307863,1.0318571467427744,0.128741019931416,0.0
38,36,55,0.5042358231451923,0.3760190100323946,-0.23276143651830106,1.2412330828086857,0.12821681311279776,0.0
80,32,12,0.4288463036036919,0.3006657252212609,-0.16045851782997944,1.0181511250373632,0.12818057838243102,0.0
80,6,38,0.3924233974600537,0.26593926992198313,-0.12881757158703322,0.9136643665071407,0.1264841275380706,0.0
99,43,38,0.6431576428739704,0.518497006254648,-0.37309648938513973,1.6594117751330804,0.12466063661932236,0.0
70,6,16,0.6165402800252513,0.4987185759909906,-0.36094812891709027,1.594028688967593,0.11782170403426068,0.0
38,104,37,0.4353279127276568,0.320054433632063,-0.1919787771911866,1.0626346026465003,0.11527347909559382,0.0
38,60,24,0.3124029918964799,0.20278567159028696,-0.08505692442048252,0.7098629082134423,0.10961732030619295,0.0
32,82,41,0.47393837768013447,0.36515572051096423,-0.2417668345213554,1.1896435898816242,0.10878265716917024,0.0
36,60,46,0.26563242281162036,0.15819742562805778,-0.04443453141937287,0.5756993770426135,0.10743499718356259,0.0
117,45,7,0.4474649770903588,0.3410582462863269,-0.22100918563084193,1.1159391398115597,0.1064067308040319,0.0
68,32,32,0.3288654600175838,0.2244637569875951,-0.11108350367810255,0.7688144237132701,0.10440170302998872,0.0
38,104,9,0.42918271424620713,0.3252063531080996,-0.208221737845668,1.0665871663380821,0.10397636113810754,0.0
64,80,25,0.29972977000259315,0.19640698352505406,-0.08522791770651278,0.684687457711699,0.10332278647753909,0.0
60,117,12,0.28675448960111916,0.1864187363071283,-0.0786262335608523,0.6521352127630906,0.10033575329399086,0.0
117,68,12,0.3999674888547961,0.29997795650153136,-0.18798930588820534,0.9879242835977975,0.09998953235326474,0.0
6,38,55,0.4697612987112167,0.36987529235233507,-0.2551942742993601,1.1947168717217935,0.09988600635888162,0.0
38,80,43,0.4873280907451853,0.3887903832815948,-0.27470106048674053,1.249357241977111,0.09853770746359047,0.0
104,32,10,0.583370889651198,0.4875438395850074,-0.3722150359354165,1.5389568152378126,0.09582705006619058,0.0
80,6,50,0.32038480506566275,0.22716965394621583,-0.12486771666892027,0.7656373268002458,0.09321515111944692,0.0
6,32,1,0.435022477216729,0.34199459608934013,-0.23528693111837767,1.1053318855518357,0.09302788112738886,0.0
68,80,12,0.41994041170608415,0.32743986085393556,-0.2218417155676295,1.0617225389797977,0.09250055085214859,0.0
6,70,34,0.5062061290136681,0.41383806035381115,-0.30491646927980176,1.317328727307138,0.09236806865985697,0.0
38,117,4,0.30659917860919306,0.21522634241113664,-0.11524445251663473,0.7284428097350208,0.09137283619805642,0.0
64,80,11,0.30523804168577395,0.21576542112513813,-0.11766218371949677,0.7281382670910447,0.08947262056063582,0.0
68,70,47,0.4620949481860977,0.37428069033024775,-0.2714952048611879,1.1956851012333833,0.08781425785584995,0.0
104,80,1,0.39045172794273997,0.3039964918875309,-0.2053813961568206,0.9862848520423005,0.08645523605520905,0.0
111,32,58,0.5043051265126325,0.4199052247301655,-0.3187091139584919,1.3273193669837569,0.08439990178246698,0.0
80,45,29,0.3184425594228185,0.234521692120812,-0.141219957133973,0.77810507597961,0.08392086730200651,0.0
6,38,54,0.4527591146918667,0.3698254896996627,-0.27209884511947224,1.1776170745032055,0.08293362499220397,0.0
38,6,55,0.4307141217838293,0.35171070793303694,-0.2586388657649231,1.1200671093325818,0.07900341385079235,0.0
38,104,47,0.3831915802951149,0.3043664710943529,-0.21336670304981675,0.9797498636400466,0.07882510920076202,0.0
38,36,42,0.45866687217021085,0.38246911047700094,-0.29097258436471096,1.2083063287051328,0.07619776169320991,0.0
38,80,33,0.4347147361059261,0.35956590674608935,-0.270034441116409,1.1394639133282611,0.07514882935983674,0.0
38,6,31,0.47028660140651246,0.3968930725637592,-0.30762382081845563,1.2481970236314806,0.07339352884275324,0.0
80,24,29,0.45974646773705674,0.3876132102270267,-0.2999754243079156,1.219468359782029,0.07213325751003002,0.0
80,82,2,0.19913864205739612,0.1280368640806073,-0.05181361154059416,0.4500908956553864,0.07110177797678882,0.0
104,80,24,0.2596681294830724,0.18862612915858454,-0.11003908366775328,0.629375342633898,0.07104200032448785,0.0
68,32,55,0.4451755411210233,0.37907344202579585,-0.29780840524953656,1.1881594874915833,0.06610209909522746,0.0
80,99,40,0.3697624024301275,0.30401673133971296,-0.22611039099570995,0.9656351958559649,0.06574567109041451,0.0
38,104,31,0.4429765348947719,0.37780615276200297,-0.2975235245187539,1.1834765943082977,0.06517038213276893,0.0
70,43,40,0.42871580990878655,0.36435890987138236,-0.2854276534391229,1.142859273256696,0.06435690003740419,0.0
99,45,34,0.3564077991550932,0.29679343138412106,-0.2253073263577841,0.9381229246679705,0.05961436777097212,0.0
36,32,16,0.3655743915728896,0.3120985902127276,-0.2461388452440565,0.9772876283898357,0.053475801360162,0.0
99,70,1,0.2944291458244415,0.24287054194076105,-0.18159711637945014,0.7704554080283332,0.05155860388368047,0.0
60,117,33,0.16313893360359613,0.1139452654787728,-0.060193786734798554,0.3864716539419908,0.04919366812482333,0.0
37,18,52,0.2605699385928061,0.21182228302978298,-0.15460173614556855,0.6757416133311807,0.0487476555630231,0.0
45,6,45,0.48351283975688897,0.43987881060344947,-0.37864962902587196,1.3456753085396498,0.0436340291534395,0.0
36,45,45,0.4432274554306194,0.40016131529414556,-0.3410887225459059,1.2275436334071448,0.04306614013647386,0.0
60,82,39,0.4420785301334332,0.4034973284717292,-0.348776233671156,1.2329332939380224,0.03858120166170398,0.0
38,80,50,0.4174130708443418,0.379437730156845,-0.3262848802630744,1.161111021951758,0.037975340687496806,0.0
32,82,47,0.29057362728454217,0.25267488792614334,-0.20466915305069877,0.7858164076197831,0.037898739358398825,0.0
60,32,49,0.22796306254125687,0.19173615397616753,-0.1478397992520315,0.6037659243345452,0.03622690856508934,0.0
99,70,47,0.35998141477843887,0.32704222851753934,-0.2810213531159382,1.0009841826728159,0.03293918626089953,0.0
43,45,37,0.34488274617936626,0.3133556869367809,-0.2692944002167243,0.9590598925754568,0.031527059242585365,0.0
117,68,34,0.2007016974285381,0.17256197282808705,-0.13751976931451249,0.5389231641715887,0.028139724600451055,0.0
117,6,57,0.25469809846174063,0.2287453297038166,-0.19364274775773993,0.7030389446812212,0.025952768757924016,0.0
68,80,52,0.24666572689736707,0.22111194330221468,-0.1867136819749737,0.6800451357697078,0.025553783595152396,0.0
117,24,14,0.40896885707676905,0.3834617162825382,-0.3426161068370059,1.160553820990544,0.02550714079423083,0.0
60,45,8,0.40248907706565856,0.3808880450662354,-0.34405149126416285,1.14902964539548,0.021601031999423148,0.0
104,32,33,0.4641034045105393,0.4425301009778877,-0.40325559340612055,1.331462402427199,0.021573303532651578,0.0
38,117,58,0.24529208448384754,0.23076221379798875,-0.20700185456021042,0.6975860235279054,0.014529870685858787,0.0
45,6,29,0.3027030240886956,0.29088237153380336,-0.26742642411755896,0.8728324722949501,0.01182065255489223,0.0
70,75,37,0.5202284588278944,0.5084611647015722,-0.4763554239871871,1.516812341642976,0.011767294126322159,0.0
70,6,38,0.5540273991666267,0.5438804353389143,-0.5119782540976452,1.6200330524308986,0.010146963827712407,0.0
117,6,6,0.26415554170648725,0.25491646946996116,-0.23548073845463663,0.7637918218676112,0.009239072236526091,0.0
68,75,47,0.20901093374476415,0.2029039397717813,-0.18868078820792722,0.6067026556974555,0.006106993972982838,0.0
68,70,11,0.4539691185389074,0.44795613326417044,-0.4240249026588666,1.3319631397366813,0.006012985274736982,0.0
80,45,15,0.3556049526257024,0.3498530806340778,-0.33010708541709005,1.041316990668495,0.005751871991624635,0.0
80,32,23,0.16301591475471117,0.15985348472096247,-0.1502969152983753,0.47632874480779763,0.003162430033748692,0.0
60,117,54,0.1398961572609135,0.14411762332957473,-0.14257438446505297,0.42236669898687995,-0.004221466068661223,0.0
117,43,50,0.19323593306085127,0.19855285304183243,-0.1959276589011403,0.5823995250228429,-0.005316919980981161,0.0
36,117,18,0.23021229125971193,0.23561514272671116,-0.23159338848464195,0.6920179710040658,-0.005402851466999231,0.0
60,117,42,0.13872110410338,0.14660042625364075,-0.1486157313537559,0.4260579395605159,-0.007879322150260742,0.0
60,32,36,0.21571201683591634,0.2236870366016314,-0.22271457490328117,0.6541386085751139,-0.007975019765715047,0.0
38,6,52,0.4052725864179906,0.41863925264729035,-0.4152603487706985,1.2258055216066797,-0.013366666229299773,0.0
80,45,3,0.31725843370805584,0.3337675278208591,-0.33692592082082795,0.9714427882369396,-0.01650909411280327,0.0
64,80,10,0.314124790629081,0.33101173293097835,-0.3346582059156366,0.9629077871737985,-0.016886942301897356,0.0
60,117,25,0.11746395582274764,0.1347430975467226,-0.1466325153688286,0.3815604270143239,-0.017279141723974947,0.0
117,45,1,0.24213892361411565,0.26119389840122537,-0.269801117252286,0.7540789644805173,-0.019054974787109713,0.0
80,82,29,0.07036788610058538,0.08998760799445114,-0.10600782556853887,0.2467435977697096,-0.019619721893865766,0.0
38,6,42,0.4021311556541522,0.4228061577205263,-0.4265689134780794,1.2308312247863837,-0.020675002066374126,0.0
80,32,21,0.2392276011661115,0.26049446622620914,-0.27134155263725834,0.7497967549694814,-0.021266865060097645,0.0
117,6,43,0.24043129322986684,0.2650032991035519,-0.2789751730130949,0.7598377594728285,-0.024572005873685077,0.0
80,45,50,0.3575501483612365,0.3830704091338723,-0.3932678535411532,1.1083681502636262,-0.025520260772635806,0.0
60,117,35,0.12187416809417555,0.14928479889509208,-0.1707240377402049,0.414472373928556,-0.027410630800916533,0.0
117,6,51,0.2408551882469211,0.268692696023598,-0.28578249595933103,0.7674928724531732,-0.02783750777667693,0.0
60,45,12,0.31318885273601343,0.3414725895962496,-0.35609742287263574,0.9824751283446627,-0.028283736860236164,0.0
60,117,3,0.0776473436358701,0.10717273044536534,-0.13241120803704598,0.28770589530878615,-0.029525386809495235,0.0
38,82,9,0.10647186957133142,0.13689124820514997,-0.16183497691076254,0.3747787160534254,-0.03041937863381855,0.0
111,117,48,0.3297394141847841,0.36314145821943694,-0.3820178439253123,1.0414966722948804,-0.033402044034652856,0.0
111,60,22,0.36175381036457055,0.3955556417709495,-0.4135352475064904,1.1370428682356315,-0.033801831406378935,0.0
117,45,22,0.25581778187263415,0.29214436026975793,-0.3167851642560914,0.8284207280013597,-0.03632657839712378,0.0
99,24,14,0.27981298220940626,0.3186749015526517,-0.3447898248337911,0.9044157892526037,-0.038861919343245455,0.0
38,82,32,0.18160817940301502,0.22076793966858763,-0.25109698234741673,0.6143133411534467,-0.03915976026557261,0.0
80,6,4,0.14151833926844054,0.18094790383907708,-0.21313955225615056,0.49617623079303164,-0.03942956457063654,0.0
38,32,35,0.23377470525692795,0.27409128345262956,-0.303444210310226,0.770993620824082,-0.04031657819570161,0.0
104,32,15,0.518164008843893,0.5600492728971203,-0.5795325660344626,1.6158605837222486,-0.041885264053227234,0.0
38,82,8,0.21770054044578915,0.2604777689179566,-0.29283588663340576,0.728236967524984,-0.042777228472167445,0.0
38,6,48,0.3464504230130563,0.3899380183929987,-0.4178280930372211,1.1107289390633337,-0.0434875953799424,0.0
74,117,52,0.12936853095492568,0.17550689292669105,-0.2146249791813888,0.47336204109124014,-0.04613836197176538,0.0
111,68,18,0.23289136972546884,0.2801150365272885,-0.3161341018680165,0.7819168413189542,-0.047223666801819636,0.0
38,80,40,0.39429701925210503,0.44162051654585843,-0.47127919317777744,1.2598732316819876,-0.0473234972937534,0.0
36,60,38,0.14617899435335832,0.19357013388071478,-0.23321846805284266,0.5255764567595593,-0.04739113952735646,0.0
117,6,32,0.05330878330379824,0.10122446657742583,-0.1450911711879564,0.25170873779555286,-0.047915683273627586,0.0
117,70,34,0.2025338546412794,0.25219522748400125,-0.291768791227363,0.6968365005099219,-0.049661372842721846,0.0
36,70,18,0.42758356977525674,0.4776220120747059,-0.5085555738911667,1.3637227134416803,-0.05003844229944915,0.0
80,32,32,0.16856950689678601,0.21991157401342828,-0.2624571781695334,0.5995961919631054,-0.05134206711664227,0.0
36,80,4,0.14111035343353023,0.19514138971865916,-0.24136677041504173,0.5235874772821022,-0.054031036285128925,0.0
38,104,12,0.28355792274575753,0.33898385962279043,-0.3808504421149117,0.9479662876064268,-0.0554259368770329,0.0
36,80,54,0.12616885382035425,0.18252367340611875,-0.23157754605563846,0.48391525369634697,-0.05635481958576449,0.0
38,68,22,0.5066435270484367,0.5634428224263403,-0.5977044049071901,1.6109914590040635,-0.056799295377903514,0.0
99,32,43,0.4857330775117319,0.5466069723416177,-0.5856165882778388,1.5570827433013026,-0.06087389482988581,0.0
43,45,3,0.2832078593247069,0.34521851132815806,-0.39342042287848294,0.9598361415278966,-0.06201065200345118,0.0
38,64,18,0.34526401464038603,0.4094471565253769,-0.45725241214935264,1.1477804414301247,-0.06418314188499086,0.0
36,80,20,0.1927089620908273,0.2591458742333158,-0.31521695140647166,0.7006348755881263,-0.06643691214248851,0.0
80,82,37,0.015809655610126632,0.0840141042553037,-0.14885798873026862,0.18047729995052186,-0.06820444864517707,0.0
37,75,12,0.3965537301471499,0.4672384718755347,-0.519233674728898,1.312341135023198,-0.07068474172838479,0.0
38,43,26,0.4243498938935103,0.4976262767757801,-0.5509976085870186,1.3996973963740391,-0.07327638288226979,0.0
64,43,8,0.3893814572947678,0.46280856951197236,-0.517723338948698,1.2964862535382338,-0.07342711221720455,0.0
99,70,14,0.3939643300953987,0.4677174471337389,-0.5227618662867295,1.310690526477527,-0.0737531170383402,0.0
111,70,38,0.3405202224801758,0.4175056843989396,-0.4777909189417458,1.1588313639020975,-0.07698546191876376,0.0
99,68,4,0.32621774870598386,0.4064243153852659,-0.47037390944913726,1.122809406861105,-0.08020656667928205,0.0
80,32,33,0.13190210586876616,0.2126548376266266,-0.28490137587942194,0.5487055876169542,-0.08075273175786044,0.0
68,32,24,0.1877540211826683,0.2703053257982196,-0.3420444173818421,0.7175524597471786,-0.0825513046155513,0.0
70,24,29,0.4886782274973867,0.5724550997604642,-0.633333768033123,1.6106902230278963,-0.08377687226307745,0.0
38,32,48,0.18052626873370403,0.2644480472308827,-0.33779190383882607,0.6988444413062341,-0.08392177849717869,0.0
64,32,26,0.2588846886545998,0.34752475087731205,-0.4222638230649318,0.9400332003741314,-0.08864006222271226,0.0
117,45,4,0.28896726046496735,0.3790604566469808,-0.45399123456311496,1.0319257554930497,-0.09009319618201345,0.0
68,80,27,0.36072449761780095,0.45413740664501,-0.5293848194064186,1.2508338146420206,-0.09341290902720906,0.0
64,43,24,0.44060522265380625,0.5369320678370957,-0.6117816303069012,1.4929920756145136,-0.09632684518328943,0.0
38,117,54,0.15181546833115397,0.2482524127258909,-0.3347592606115922,0.6383901972739001,-0.09643694439473693,0.0
104,32,52,0.5051668688469185,0.6017538140073717,-0.67427060660753,1.6846043443013672,-0.09658694516045319,0.0
32,75,52,0.34467565867555044,0.4442094878727699,-0.5259749375550786,1.2153262549061794,-0.09953382919721948,0.0
38,60,12,0.24034039775126373,0.34689787186711574,-0.4395794311082831,0.9202602266108105,-0.10655747411585201,0.0
68,32,31,0.2050410809631782,0.31267662031892024,-0.4078050948619054,0.8178872567882618,-0.10763553935574205,0.0
36,117,48,0.08793904897307402,0.19893159870658683,-0.3019668844918362,0.47784498243798423,-0.11099254973351282,0.0
117,70,0,0.23241227970083245,0.34709671351802374,-0.44789727879449404,0.9127218381961589,-0.11468443381719129,0.0
60,6,44,0.06335408960045388,0.1805609971665795,-0.29054546484604193,0.41725364404694965,-0.11720690756612562,0.0
68,32,54,0.22755787054930404,0.34659111059142467,-0.45176070620988834,0.9068764473084965,-0.11903324004212062,0.0
80,99,32,0.14767843129519803,0.26907511163071274,-0.37970878750099896,0.675065650091395,-0.1213966803355147,0.0
117,6,48,0.069181470641698,0.1909860146781834,-0.3051511181275415,0.44351405941093747,-0.12180454403648541,0.0
80,82,4,0.02269095883960622,0.14452855378506937,-0.26058500657912975,0.30596692425834215,-0.12183759494546316,0.0
36,117,54,0.1353929275146243,0.25942675539104,-0.3730835130518141,0.6438693680810627,-0.12403382787641568,0.0
111,80,13,0.42363996168157647,0.5478136785941429,-0.6500748483629435,1.4973547717260964,-0.1241737169125664,0.0
36,60,50,0.021082966954938,0.14756411701808614,-0.2681427024005108,0.3103086363103868,-0.12648115006314814,0.0
117,68,24,0.16767937739346672,0.29556713749919467,-0.4116322121049548,0.7469909668918883,-0.12788776010572794,0.0
64,45,57,0.35817079043499833,0.48718127942430994,-0.5967045172366492,1.3130460981066459,-0.1290104889893116,0.0
117,70,31,0.16740049125063558,0.2968348393013375,-0.4143957937799859,0.7491967762812571,-0.12943434805070195,0.0
74,32,47,0.01922151689487046,0.15059732846242307,-0.27594924689147876,0.31439228068121966,-0.13137581156755263,0.0
38,64,50,0.25207365475800037,0.3849596358491601,-0.5024472315063534,1.0065945410223542,-0.13288598109115973,0.0
36,117,31,0.1089843849806123,0.24365488082637524,-0.36857918143908314,0.5865479514003078,-0.13467049584576293,0.0
38,68,3,0.3359926600214214,0.47144667745727553,-0.5880428277948386,1.2600281478376814,-0.1354540174358541,0.0
60,117,53,-0.013400937784436592,0.12318706145278509,-0.25484757823189536,0.22804570266302215,-0.13658799923722167,0.0
60,68,39,0.302251608050126,0.4421106064600958,-0.5642851806116618,1.1687883967119137,-0.1398589984099698,0.0
60,70,28,0.028927744954751117,0.16964859733003934,-0.303583505812126,0.3614389957216282,-0.14072085237528822,0.0
80,117,51,0.14635842302095148,0.29045877196586023,-0.4229407700321346,0.7156576160740376,-0.14410034894490875,0.0
117,68,15,0.08992113656008292,0.2347460075416149,-0.37018103822148224,0.5500233113416481,-0.14482487098153196,0.0
38,82,36,0.12486089583498905,0.27125628524362183,-0.4068014232425097,0.6565232149124878,-0.14639538940863278,0.0
117,82,37,-0.01733637731586469,0.13057662665818665,-0.2732665655659105,0.23859381093418114,-0.14791300397405133,0.0
117,6,42,0.026073099253212738,0.17400680554147394,-0.3149802396080762,0.36712643811450163,-0.1479337062882612,0.0
80,43,41,0.051714644634442294,0.201275276916867,-0.34278489812261703,0.44621418739150165,-0.14956063228242472,0.0
64,99,56,0.21717501628584243,0.36802191936125167,-0.5041479456622108,0.9384979782338957,-0.15084690307540924,0.0
104,80,44,0.21807115832230775,0.3740275767541807,-0.5150228921158864,0.9511652087605018,-0.15595641843187294,0.0
6,38,30,0.1425738169356593,0.30520458283971047,-0.45562716543017323,0.7407747993014918,-0.16263076590405118,0.0
60,70,52,0.1395693348947704,0.303454531874529,-0.4552015475793064,0.7343402173688472,-0.16388519697975856,0.0
38,32,31,0.09096164449837088,0.2566387649285852,-0.4120503347616561,0.5939736237583978,-0.1656771204302143,0.0
111,43,33,0.20623629584770323,0.3727227648199303,-0.5243003231993602,0.9367729148947666,-0.16648646897222705,0.0
117,6,30,0.02623038414355889,0.1931060023329087,-0.35225738042894217,0.40471814871605993,-0.16687561818934982,0.0
38,36,0,0.2284440080416478,0.40176864981699606,-0.5590225455996645,1.01591056168296,-0.17332464177534826,0.0
117,45,2,0.03508403143850223,0.20878920573919105,-0.37414281181031217,0.44431087468731667,-0.17370517430068882,0.0
117,99,34,0.10815718885129574,0.28300617565380104,-0.4465349154301542,0.6628492931327458,-0.1748489868025053,0.0
6,36,26,0.5510423361302824,0.7269114194403538,-0.8737040459728108,1.9757887182333755,-0.17586908331007134,0.0
111,68,30,0.11729807024664944,0.29334317547816624,-0.45765455369055635,0.6922506941838552,-0.17604510523151679,0.0
38,32,40,0.07028533036660856,0.2467684111848876,-0.41338075555577114,0.5539514162889883,-0.17648308081827904,0.0
64,43,30,0.3248025805707745,0.5026555338474072,-0.6604022657701437,1.3100074269116928,-0.17785295327663275,0.0
117,6,35,0.03575482948633656,0.21474044484314997,-0.38513644240623734,0.4566461013789105,-0.1789856153568134,0.0
68,45,56,0.04775235759793898,0.2289833715152483,-0.4010550505719477,0.4965597657678257,-0.18123101391730934,0.0
117,99,48,0.2886894599523365,0.4701623392610725,-0.6328287249993655,1.2102076449040386,-0.18147287930873596,0.0
38,117,24,0.03882631434473834,0.22209111231511058,-0.3964722657928784,0.47412489448235506,-0.18326479797037223,0.0
64,32,40,0.14696515368282384,0.3319983165023562,-0.5037515466617943,0.797681854027442,-0.1850331628195324,0.0
38,6,7,0.1954408262774575,0.3805887004030672,-0.5505130265125542,0.9413946790674692,-0.18514787412560968,0.0
80,99,2,0.16715842737316863,0.3524904464296646,-0.5237228476289739,0.8580397023753112,-0.18533201905649596,0.0
60,32,29,0.06821194528713238,0.25440790358497145,-0.43042754573941167,0.5668514363136764,-0.18619595829783908,0.0
36,70,32,0.22585024814723106,0.41485755074758524,-0.587270551318036,1.038971047612498,-0.18900730260035417,0.0
6,45,4,0.28694241279695715,0.4764516861594624,-0.646902892075589,1.2207877176695034,-0.18950927336250523,0.0
99,6,56,0.12078268879170356,0.3147888965107669,-0.49620354836939956,0.7377689259528066,-0.19400620771906335,0.0
99,70,24,0.14865409953129638,0.3468169107361999,-0.5311070455116554,0.8284152445742482,-0.19816281120490353,0.0
36,32,17,0.09285187019335749,0.29104902853409587,-0.4776042257334704,0.6633079661201854,-0.19819715834073837,0.0
38,82,38,-0.03723234857214732,0.16162565868554443,-0.35401863959581437,0.27955394245151977,-0.19885800725769176,0.0
104,80,23,-0.09052131126675277,0.10978060410635744,-0.30569129531521333,0.12464867278170781,-0.2003019153731102,0.0
38,60,9,0.12195926106045019,0.32287448437745236,-0.5108747283193564,0.7547932504402568,-0.20091522331700218,0.0
60,6,16,0.07658431401589964,0.2775935288738296,-0.4674990025768064,0.6206676306086056,-0.20100921485792994,0.0
36,117,35,0.0038182318266912012,0.20744226265131008,-0.40276860296987654,0.410405066623259,-0.20362403082461888,0.0
117,32,29,-0.05403222904452073,0.151350470327897,-0.3506791508871988,0.24261469279815737,-0.20538269937241774,0.0
64,43,9,0.1778965968677597,0.38371930831329726,-0.5741932474263028,0.9299864411618223,-0.20582271144553757,0.0
117,32,10,-0.012059067579767182,0.19733172787924527,-0.3988292542230879,0.3747111190635536,-0.20939079545901246,0.0
38,68,2,0.2718618688138984,0.48423226989647034,-0.6772333801831835,1.2209571178109804,-0.21237040108257194,0.0
80,32,4,-0.06050989662983898,0.15197763924453303,-0.3583860695491237,0.2373662762894458,-0.21248753587437202,0.0
38,117,40,0.019034018926367007,0.234385089139196,-0.4403607557864571,0.47842879363919116,-0.215351070212829,0.0
64,70,31,0.1637720847241419,0.3823316163524567,-0.5855978833266733,0.913142052774957,-0.21855953162831482,0.0
64,80,48,-0.029551973160637054,0.190316048251774,-0.40257142773411414,0.34346748141284,-0.21986802141241107,0.0
32,6,53,0.09158808809347668,0.31194497951568717,-0.5198240717572702,0.7030002479442234,-0.2203568914222105,0.0
32,82,1,0.03740988212068532,0.2585015059523052,-0.4692530695458329,0.5440728337872035,-0.22109162383161987,0.0
36,70,3,0.34641278776037837,0.5675182933727361,-0.7659230672501842,1.458748642770941,-0.2211055056123577,0.0
68,32,8,0.14869957822189167,0.3698391622043221,-0.5761851796985797,0.873584336142363,-0.22113958398243044,0.0
117,82,3,-0.05196761968850731,0.16922772817909595,-0.3836539669195354,0.27971872754252075,-0.22119534786760325,0.0
64,43,56,0.18723591037340834,0.4101955136314138,-0.6167472963441627,0.9912191170909794,-0.22295960325800548,0.0
6,70,47,0.2819068847113986,0.5074282176768449,-0.7126524219352174,1.2764661913580144,-0.2255213329654463,0.0
80,82,22,-0.0652837858008554,0.1608503388837381,-0.3805504500129821,0.24998287841127126,-0.22613412468459348,0.0
64,117,38,-0.04069332670915468,0.19175464292375857,-0.41653242683972147,0.33514577342141216,-0.23244796963291325,0.0
60,45,53,0.05877739367347837,0.29399547762082673,-0.5174537424633421,0.6350085298102988,-0.23521808394734836,0.0
117,32,43,-0.0742844259615206,0.16155762573568405,-0.3909373724034614,0.24236852048042015,-0.23584205169720465,0.0
70,6,18,0.2579992949164126,0.494709856416452,-0.7116320236598332,1.2276306134926585,-0.23671056150003938,0.0
64,70,8,0.1741903985000884,0.41248264606514545,-0.6342755877875966,0.9826563847877735,-0.23829224756505704,0.0
6,70,42,0.11557326960509169,0.3544046043145147,-0.5790597548513571,0.8102062940615405,-0.23883133470942303,0.0
117,99,32,0.011686922225831684,0.2505255810817666,-0.4793432166944308,0.5027170611460942,-0.23883865885593492,0.0
117,82,36,-0.06623058467934548,0.1777554854717393,-0.41463133620395454,0.2821701668452635,-0.24398607015108478,0.0
32,82,22,0.02893279748193876,0.2781584571096613,-0.5162577784529974,0.5741233734168749,-0.24922565962772256,0.0
99,6,40,0.13819469813021665,0.3874669522232292,-0.6212405282273126,0.8976299244877459,-0.24927225409301254,0.0
36,117,12,-0.051480489658088414,0.1979823359614002,-0.43952586814243283,0.33656488882625596,-0.2494628256194886,0.0
38,117,42,0.008730612724096951,0.25919273921166525,-0.49928715613076685,0.5167483815789607,-0.25046212648756827,0.0
38,60,20,0.22059532670360046,0.4766685294022667,-0.7136749909248423,1.1548656443320433,-0.2560732026986663,0.0
111,82,4,0.008083882945218824,0.26676534448628453,-0.5147761922478988,0.5309439581383364,-0.2586814615410657,0.0
36,6,26,0.4941536833158156,0.755842141008577,-0.9872969130609954,1.9756042796926265,-0.26168845769276144,0.0
68,45,29,-0.07310127111281943,0.18888680529697785,-0.443319409494896,0.2971168672692571,-0.26198807640979727,0.0
117,82,34,-0.14286004212284661,0.12153311890493691,-0.38106495517652295,0.09534487093082972,-0.26439316102778354,0.0
104,80,28,0.06334445706916182,0.33069109960586063,-0.584810098158325,0.7114990122966486,-0.2673466425366988,0.0
43,45,32,0.004467144024725794,0.2754193088165677,-0.5353547012557468,0.5442889893051984,-0.27095216479184187,0.0
38,32,5,-0.06227571786254407,0.2091809131506689,-0.47227030763785505,0.34771887191276696,-0.27145663101321293,0.0
43,45,0,0.18541225314611376,0.4576466145700502,-0.7115751114111846,1.082399617703412,-0.2722343614239364,0.0
45,6,14,0.1750939752137678,0.44747141518202815,-0.7019499985430073,1.052137948970543,-0.27237743996826036,0.0
60,99,41,0.046051973834645044,0.31916915856314554,-0.5795195769491202,0.6716235246184104,-0.2731171847285005,0.0
117,32,14,-0.1349489291204066,0.13908674646113736,-0.40755895218423577,0.1376610939434226,-0.27403567558154396,0.0
68,24,18,0.2254525496535256,0.4998055729051612,-0.7541663732405903,1.2050714725476415,-0.2743530232516356,0.0
60,43,26,-0.007911160924606895,0.2671766968586275,-0.5315774867675167,0.515755164918303,-0.2750878577832344,0.0
60,45,45,-0.08539908286536942,0.1912471918221972,-0.46024357883687594,0.28944541310613714,-0.27664627468756664,0.0
36,60,36,-0.09131242596620898,0.19219831473476578,-0.4680211228463499,0.28539627091393194,-0.28351074070097476,0.0
60,43,17,-0.013092447462275263,0.2741301933842243,-0.5503876264953548,0.5242027315708043,-0.28722264084649957,0.0
111,38,7,0.16359164356914255,0.4520789940564393,-0.7224831847814784,1.0496664719197635,-0.2884873504872968,0.0
68,80,54,-0.029406803298961514,0.2606598199806734,-0.5403000504610813,0.4814864438631583,-0.2900666232796349,0.0
74,41,57,0.029492017093533125,0.32000623343717877,-0.5977202004433373,0.6567042346304035,-0.29051421634364566,0.0
82,43,9,-0.13982723239913886,0.15096782672846773,-0.4357241727869356,0.15606970798865788,-0.2907950591276066,0.0
117,68,53,0.04328919685341871,0.3346959116245355,-0.6127147899306709,0.6992931836375083,-0.2914067147711168,0.0
99,82,47,-0.061807509226748644,0.23009187695498654,-0.5127875880585222,0.38917256960502494,-0.29189938618173517,0.0
74,37,37,-0.0530629225481816,0.2396713853686017,-0.5228188378706409,0.4166929927742777,-0.2927343079167833,0.0
70,82,13,0.15809774045388847,0.4516478267237111,-0.7271319999245853,1.0433274808323623,-0.29355008626982265,0.0
38,43,40,0.18609848133694698,0.4883329504697266,-0.7710341015837171,1.1432310642576111,-0.3022344691327796,0.0
80,82,9,-0.20376062977651802,0.0985332172465679,-0.3968857355797911,-0.010635523973244937,-0.3022938470230859,0.0
70,82,18,0.18592024461996298,0.48871243671267117,-0.7719561313368726,1.1437966205767984,-0.3027921920927082,0.0
38,82,24,-0.11074761461655327,0.1932522593278551,-0.48952204289914925,0.26802681366604275,-0.3039998739444084,0.0
36,80,29,-0.15137568897836587,0.15559196873995046,-0.4563359477086688,0.15358456975193704,-0.30696765771831636,0.0
80,32,24,-0.16429137003031985,0.14287172002359166,-0.4443199412765595,0.1157372012159198,-0.3071630900539115,0.0
38,70,45,0.24581945564866836,0.5551579743763334,-0.842290174128945,1.3339290854262817,-0.30933851872766505,0.0
80,45,25,0.03151087063627201,0.34146563304961075,-0.637761770140965,0.700783511413509,-0.30995476241333875,0.0
111,117,21,0.17045360586464312,0.4832210633068564,-0.7766596782167954,1.1175668899460816,-0.31276745744221324,0.0
43,45,11,0.140985007155963,0.4548562556967439,-0.7505332540096551,1.0325032683215811,-0.31387124854078097,0.0
38,117,33,-0.0760274759745257,0.23818088986501015,-0.5428620201099457,0.3908070681608942,-0.3142083658395358,0.0
80,82,40,-0.21286215125338043,0.10147147241564733,-0.4117462371880492,-0.013978065318711652,-0.31433362366902773,0.0
36,32,50,-0.018272214929455913,0.2987393689273751,-0.6038013780271112,0.5672569481681993,-0.31701158385683104,0.0
6,6,28,0.34418716488769213,0.6620228572754266,-0.9533776353721439,1.6417519651475283,-0.3178356923877345,0.0
117,43,43,-0.04283335885631857,0.275275744126594,-0.5823738173444428,0.4967070996318057,-0.31810910298291256,0.0
60,70,8,-0.04644284059440651,0.27261156478387155,-0.5807615075707947,0.4878758263819817,-0.31905440537827806,0.0
117,45,35,-0.01261261191871539,0.3087644205489192,-0.6177908761945972,0.5925656523571663,-0.3213770324676346,0.0
60,70,41,-0.06345732501081096,0.2597982374832127,-0.5726618704779077,0.44574722045628584,-0.32325556249402365,0.0
70,6,32,0.12809141053079282,0.4513883266871241,-0.7566297097759704,1.012812530837556,-0.32329691615633127,0.0
111,80,2,-0.006216351421425736,0.3183296897901767,-0.630142543410172,0.6177098405673205,-0.3245460412116024,0.0
36,70,14,0.1740059609357716,0.5014299496259631,-0.808796740331116,1.1568086622026592,-0.3274239886901915,0.0
68,80,41,-0.04695766029016593,0.2860399342332196,-0.6075959313872763,0.5136806108069445,-0.3329975945233855,0.0
36,70,10,0.20112433365104915,0.5347292269238059,-0.8469449511196103,1.2491936184217085,-0.3336048932727567,0.0
60,45,35,-0.1436402960812327,0.19302683070438764,-0.5219728842618325,0.2346922920993671,-0.33666712678562033,0.0
60,80,26,-0.0906069795198357,0.2478823120142007,-0.576456311067669,0.3952423520279976,-0.3384892915340364,0.0
64,70,30,0.11730609977243239,0.4594063769558432,-0.7831303990610203,1.017742598605885,-0.3421002771834108,0.0
38,60,43,0.027374353391997813,0.37086404838611053,-0.6995191814447789,0.7542678882287744,-0.34348969499411275,0.0
60,70,29,-0.20191983246942574,0.1449861468467717,-0.48609268028909824,0.08225301535024676,-0.34690597931619743,0.0
82,45,17,-0.039850447233536763,0.30904794671485664,-0.6455844227946558,0.5658835283275822,-0.3488983939483934,0.0
38,6,25,0.03842712611639848,0.38938150128954546,-0.7247606164111107,0.8016148686439075,-0.350954375173147,0.0
60,70,32,-0.20399646584644626,0.14905517551262104,-0.49614460985118347,0.08815167815829095,-0.3530516413590673,0.0
38,80,9,0.08963219026940247,0.4471125183415014,-0.7867083456799402,0.9659727262187452,-0.35748032807209895,0.0
80,45,30,0.08993536019993471,0.4507421640958132,-0.7935192814278591,0.9733900018277286,-0.3608068038958785,0.0
80,82,24,-0.27690986263192924,0.08488404144491835,-0.4432825838639692,-0.1105371413998893,-0.3617939040768476,0.0
36,117,25,-0.19937602765075052,0.16248573298930158,-0.5178480643097816,0.11909600900828055,-0.3618617606400521,0.0
60,82,56,-0.22378712943931017,0.13835883455052433,-0.4949704451583379,0.047396186279717534,-0.3621459639898345,0.0
6,32,38,-0.11085578439225233,0.25267116478428225,-0.6060912673694455,0.3843796985849409,-0.3635269491765346,0.0
111,68,10,0.004490476603151902,0.36952708174195026,-0.7197826036110706,0.7287635568173745,-0.3650366051387984,0.0
60,80,17,-0.0752558977995042,0.29225610666928054,-0.6480778668712941,0.49756607127228564,-0.36751200446878474,0.0
60,99,50,-0.14487583604875628,0.22362903334087197,-0.5831887413968654,0.29343706929935276,-0.36850486938962823,0.0
45,6,4,0.21535224212067614,0.5848582880434249,-0.9309700024444365,1.3616744866857888,-0.3695060459227487,0.0
60,80,56,-0.12236951228962868,0.2490507651743969,-0.6105090120314466,0.36576998745218925,-0.37142027746402556,0.0
117,82,15,-0.20675802086245387,0.16598566529427317,-0.5320899248392292,0.11857388311432154,-0.37274368615672704,0.0
6,64,1,0.05220962027479922,0.42583962000659464,-0.7824360349381262,0.8868552754877247,-0.37362999973179545,0.0
36,60,12,-0.10339360622064078,0.27047983212213633,-0.633534077180028,0.42674686473874646,-0.3738734383427771,0.0
60,70,25,-0.16654404422506514,0.20830994354221333,-0.5748315335678033,0.24174344511767298,-0.37485398776727846,0.0
80,82,38,-0.2833148451087466,0.09283418190786052,-0.4652698416481532,-0.10135984856933997,-0.37614902701660713,0.0
32,82,29,-0.09769817541774639,0.2792876899244387,-0.6451020476696462,0.4497056968341534,-0.3769858653421851,0.0
60,32,5,-0.16711540879848916,0.21167006313603376,-0.5819887325451153,0.247757914948137,-0.37878547193452294,0.0
6,32,18,-0.14077156614284017,0.24113322917634705,-0.6133926953284804,0.3318495630428,-0.3819047953191872,0.0
80,82,18,-0.2672637297667231,0.11500744910076457,-0.4926783300042217,-0.04184912952922451,-0.3822711788674876,0.0
36,6,58,0.25386116244901347,0.6384514663110202,-0.9975037115205863,1.5052260364186132,-0.38459030386200677,0.0
45,6,58,0.09464950210682774,0.4805220597438895,-0.8471737349911956,1.0364727392048512,-0.38587255763706174,0.0
74,32,12,-0.17001605060665695,0.2168268526264407,-0.5949966817544807,0.2549645805411668,-0.38684290323309767,0.0
70,45,49,-0.1712061232866934,0.21867195144946697,-0.5998031481276487,0.2573909015542618,-0.3898780747361604,0.0
111,99,5,0.08526782545694372,0.47578233160202615,-0.8472655444830275,1.017801195396915,-0.39051450614508243,0.0
104,60,44,0.08554726579083298,0.47983726387647224,-0.8549337714070526,1.0260283029887185,-0.39428999808563925,0.0
99,32,6,0.07333124999945119,0.4688003303887738,-0.8455173975625454,0.9921798975614478,-0.3954690803893226,0.0
70,6,11,-0.043064982618081143,0.35272095237956874,-0.7343980492820359,0.6482680840458737,-0.3957859349976499,0.0
111,80,48,-0.08848329256080259,0.30860283268795186,-0.6933448446291882,0.5163782595075831,-0.3970861252487544,0.0
117,99,12,0.12929036574340552,0.5270563673343276,-0.9037401142318766,1.1623208457186875,-0.39776600159092207,0.0
117,32,17,-0.23417382289852262,0.16464099838447036,-0.5568701797320845,0.08852253393503928,-0.39881482128299295,0.0
117,99,6,0.2617705763611826,0.6647047289381866,-1.041050692357663,1.5645918450800282,-0.40293415257700393,0.0
60,82,28,-0.2825958307012426,0.12216469324290363,-0.5220386294573337,-0.04315303194515149,-0.40476052394414624,0.0
117,32,18,-0.2888002133776233,0.12066849614639096,-0.5253104658245495,-0.052289960930697016,-0.40946870952401426,0.0
117,70,5,-0.11415211834438958,0.29784536464954536,-0.6979290330574984,0.4696247963687193,-0.41199748299393496,0.0
70,18,37,-0.2030893826362727,0.2208686315568186,-0.6359919004876371,0.22981313521509178,-0.4239580141930913,0.0
68,80,24,-0.26918923976000686,0.1557531646885404,-0.574465442549546,0.03608696302953229,-0.42494240444854725,0.0
117,82,40,-0.24979425789898885,0.1774285481549813,-0.5975542122827522,0.09796569648477449,-0.4272228060539701,0.0
43,45,31,0.015773086385163157,0.44331939385122215,-0.8531329255632323,0.8846790983335586,-0.427546307466059,0.0
70,45,8,-0.1511291039042526,0.27990567809120764,-0.6997442329630196,0.39748602515451437,-0.43103478199546025,0.0
104,80,38,-0.11462560919855194,0.31742206685316027,-0.7367728602307461,0.5075216418336422,-0.43204767605171224,0.0
38,32,33,-0.19341642740712986,0.24053126012209824,-0.6648576972464424,0.27802484243218273,-0.4339476875292281,0.0
111,32,48,-0.05394215344939658,0.38160191321079845,-0.8018819033425615,0.6939975964437683,-0.435544066660195,0.0
117,6,40,-0.2584251074243344,0.17726110031884101,-0.6058568640492628,0.08900664920059398,-0.4356862077431754,0.0
70,6,4,0.125306663832621,0.5616795803933013,-0.9755853137382495,1.2261986414034916,-0.43637291656068034,0.0
117,32,31,-0.32669001036330836,0.1105291941691913,-0.5433272309349233,-0.11005278979169342,-0.43721920453249963,0.0
80,45,32,-0.18668348764267623,0.25455655381043407,-0.6856143331111271,0.31224735782577456,-0.4412400414531103,0.0
68,43,47,-0.19081868022588216,0.2509692998784004,-0.6827185079875469,0.3010811475357826,-0.44178798010428255,0.0
117,32,20,-0.19323965294871948,0.2487319299850644,-0.6807542357194457,0.29427492982200676,-0.4419715829337839,0.0
117,32,42,-0.2931406745874383,0.14964977511078062,-0.5864542338045683,0.00017288462969167195,-0.4427904496982189,0.0
6,70,4,0.05228690294004591,0.49570177786457476,-0.9192885816745207,1.0238623875546125,-0.44341487492452886,0.0
60,6,12,-0.18619236746107434,0.25725668623961145,-0.6904154724907128,0.31803073756856404,-0.44344905370068577,0.0
117,32,0,-0.3341615916736858,0.10975754223571418,-0.5492863744556856,-0.11903680889168602,-0.44391913390939997,0.0
68,70,54,0.050160604017630867,0.49529608823833277,-0.9206197289295013,1.020940936964763,-0.4451354842207019,0.0
117,99,43,0.0409316337201025,0.486719369421909,-0.9130383303468392,0.9949015977870441,-0.4457877357018065,0.0
60,70,19,-0.09938110608592285,0.3481057266251904,-0.781668330271296,0.5829061180994503,-0.4474868327111132,0.0
70,6,44,-0.04662986107132963,0.40450760150998716,-0.8394647600309044,0.7462050378882452,-0.4511374625813168,0.0
117,43,13,0.37391669207012374,0.8282210661109176,-1.2493965975072747,1.9972299816475223,-0.4543043740407939,0.0
32,18,52,-0.2212319666090217,0.23580872201041175,-0.6834170617494287,0.2409531285313853,-0.4570406886194335,0.0
104,80,52,-0.1583199895071296,0.3005818607720335,-0.7474604366203152,0.4308204576060561,-0.45890185027916314,0.0
60,43,11,-0.27876009402908075,0.1819919250857082,-0.6354642671970687,0.07794407913890727,-0.4607520191147889,0.0
37,99,37,-0.09445551273285925,0.3689682600425472,-0.8176333024162517,0.6287222769505332,-0.4634237727754064,0.0
117,68,22,-0.09537456958673701,0.36935489712750397,-0.8193101679566448,0.6285610287831707,-0.464729466714241,0.0
6,70,14,0.10821483308361582,0.5731148935094161,-1.0150903581948396,1.2315200243620714,-0.46490006042580034,0.0
82,45,37,-0.25417554514120516,0.21079357251749148,-0.6673309472754885,0.15897985699307815,-0.46496911765869664,0.0
99,82,4,-0.11124029187900347,0.3562100003725031,-0.8094118926091096,0.5869313088511026,-0.4674502922515066,0.0
80,6,18,-0.2213715754599101,0.24666777718207597,-0.7048404187367789,0.2620972678169588,-0.46803935264198604,0.0
99,82,58,-0.20894032296059387,0.2596240514841893,-0.7178034638696049,0.29992281794841724,-0.46856437444478316,0.0
117,24,32,-0.19502387955825223,0.2740447569292689,-0.7321516031396191,0.3421038440231147,-0.4690686364875211,0.0
6,32,58,-0.21013897284140964,0.26094320815153105,-0.7215876608184104,0.3013097151355912,-0.4710821809929407,0.0
38,43,58,-0.008243804889709471,0.4628776240446733,-0.9154839480172691,0.8989963382378502,-0.4711214289343828,0.0
80,24,14,0.005457586996604704,0.4782488280805769,-0.931910116041326,0.9428252900345354,-0.4727912410839722,0.0
117,68,52,-0.1822870640503985,0.2906038471872981,-0.7518706045375028,0.38729647643670573,-0.47289091123769655,0.0
60,82,46,-0.33401053051833934,0.13952644885015764,-0.6074823702646484,-0.06053869077203039,-0.473536979368497,0.0
36,70,44,0.012823052611171604,0.4864456409175674,-0.9406104035872606,0.9662565088096037,-0.4736225883063958,0.0
111,24,18,-0.15478993891562298,0.320054237462015,-0.7820962443411724,0.47251636650992646,-0.474844176377638,0.0
36,70,15,0.010257668428379468,0.48823337333732897,-0.9466797433127853,0.9671950801695443,-0.4779757049089495,0.0
6,70,40,0.039557382109103,0.517649533977851,-0.9750357044874848,1.0541504687056908,-0.478092151868748,0.0
80,45,31,-0.1324376332735468,0.34698278562795015,-0.812523893104329,0.5476486265572356,-0.47942041890149695,0.0
32,82,0,-0.16193307438305365,0.3186181289530192,-0.7864246071309713,0.46255845836486403,-0.4805512033360729,0.0
111,80,9,-0.21854508420897206,0.26218549090711935,-0.7324286463869261,0.2953384779689819,-0.4807305751160914,0.0
38,32,6,-0.21240403787071732,0.27243698793227883,-0.7463805342179839,0.3215724584765492,-0.48484102580299615,0.0
74,32,52,-0.36354627795001676,0.12146236968503349,-0.6016125225326824,-0.12548003336735114,-0.48500864763505025,0.0
36,32,28,-0.21121753327753423,0.2798962195754909,-0.7598141236454964,0.3373790570904279,-0.4911137528530251,0.0
32,6,44,-0.19451385786959058,0.2974317490509065,-0.7774800860093674,0.38845237027018625,-0.4919456069204971,0.0
64,99,0,-0.041649036302188365,0.4524789674100894,-0.9285078124259637,0.8452097398215869,-0.4941280037122778,0.0
68,32,33,-0.1487317716709129,0.3493257524966451,-0.8334102465643373,0.5359467032225115,-0.498057524167558,0.0
70,6,49,0.007199663129869778,0.506818596931594,-0.9861647868560546,1.000564113115794,-0.49961893380172423,0.0
74,68,53,-0.23609833290709384,0.2642095097782405,-0.7539489720724452,0.28175230625825753,-0.5003078426853343,0.0
117,45,55,-0.16225172050342174,0.33930052385529474,-0.8272807472597994,0.5027773062529559,-0.5015522443587165,0.0
38,117,7,-0.19619139680883604,0.30621973032593647,-0.7963820682476714,0.4039992746299994,-0.5024111271347725,0.0
80,43,24,-0.27739328651643474,0.22669118754511414,-0.7217080141048584,0.16692144107198897,-0.5040844740615489,0.0
36,60,15,-0.31841327760242133,0.18731632282603852,-0.6855532703414569,0.048726715136614196,-0.5057296004284598,0.0
74,18,52,-0.28842291835680306,0.2212481283064913,-0.722069249837526,0.14522341312391984,-0.5096710466632943,0.0
60,70,38,-0.3166245978212126,0.20051769498776606,-0.7096392799972341,0.07639008435480887,-0.5171422928089786,0.0
36,45,37,-0.214414161275276,0.30949999642647963,-0.8210341542711761,0.39220583172062407,-0.5239141577017556,0.0
36,99,30,-0.18648273152463138,0.34150091625404305,-0.8558245273825558,0.48285906433329306,-0.5279836477786745,0.0
117,24,18,-0.22090268347928127,0.30798048357081276,-0.8245444312780743,0.3827390643195117,-0.528883167050094,0.0
80,6,30,-0.3545784498530675,0.17474301693840705,-0.6970747630523453,-0.01208213665378971,-0.5293214667914745,0.0
38,36,21,-0.17832237934749634,0.35267179930391324,-0.8695591059831662,0.5129143472881736,-0.5309941786514096,0.0
117,32,2,-0.39253344378403165,0.1399432833083163,-0.6668222790683316,-0.11824460849973173,-0.532476727092348,0.0
64,45,42,-0.04626791208201024,0.48701039647282623,-1.0008082891687498,0.9082724650047292,-0.5332783085548365,0.0
80,82,36,-0.37764452940065196,0.15656429840372116,-0.6845105542719454,-0.07077850452935852,-0.5342088278043731,0.0
99,45,21,0.16055396936093128,0.6979455302973983,-1.2074192700219692,1.5285272087438317,-0.537391560936467,0.0
74,37,12,-0.1251010230342055,0.41348422501232734,-0.935530104058367,0.6853280579899561,-0.5385852480465328,0.0
60,68,22,-0.33800154795743265,0.20317131361863372,-0.7362173226499547,0.060214226735089416,-0.5411728615760664,0.0
80,6,55,-0.2754947595080116,0.2662881170127356,-0.7974194688529733,0.2464299498369501,-0.5417828765207472,0.0
68,43,53,-0.18814741003845914,0.35521568071257753,-0.8843701442351111,0.5080753241581928,-0.5433630907510367,0.0
74,18,33,-0.35683240000131883,0.18836567604270985,-0.7260291250450301,0.012364325042392488,-0.5451980760440287,0.0
117,45,51,-0.2065242511307555,0.34353239739620345,-0.8798477500273143,0.4667992477658032,-0.5500566485269589,0.0
45,6,3,-0.06039733353520673,0.49099206887689106,-1.0227417885339132,0.9019471214634998,-0.5513894024120978,0.0
38,99,25,-0.08382476659908554,0.46848947978475075,-1.002064146977197,0.8344146137790259,-0.5523142463838363,0.0
38,82,48,-0.29731620147115523,0.2558300881579641,-0.7987431742607648,0.20411077131845434,-0.5531462896291193,0.0
36,45,27,-0.13474824337582947,0.41847261597469665,-0.9549545706862349,0.685458083934576,-0.5532208593505261,0.0
38,82,34,-0.334862946359037,0.22056365134849817,-0.7671677030020934,0.09744181028401938,-0.5554265977075352,0.0
60,6,9,-0.4117324027128628,0.14413585395374412,-0.6942386764622013,-0.12922612896352437,-0.5558682566666069,0.0
60,99,45,-0.17286086296002295,0.3836751869508115,-0.9248642293836133,0.5791425034635675,-0.5565360499108345,0.0
80,6,31,-0.3505853551477657,0.20752587334979442,-0.7573360669133627,0.0561653566178314,-0.5581112284975601,0.0
64,32,29,-0.26512445911640914,0.2941596941204266,-0.8416774595924452,0.31142854135962694,-0.5592841532368358,0.0
117,32,58,-0.4042509450347302,0.15637417040865093,-0.710744319035686,-0.09775757103377436,-0.5606251154433811,0.0
117,32,38,-0.3680933967121685,0.19291776969112243,-0.7462122253067685,0.010025431882431435,-0.561011166403291,0.0
117,45,11,-0.23910377669155738,0.32724884294765516,-0.8805115088689615,0.40230395548584674,-0.5663526196392126,0.0
64,82,44,-0.22578354053839345,0.3429783108541,-0.8980210298124295,0.4464539487356426,-0.5687618513924935,0.0
32,6,28,-0.2588397971465502,0.31017441841781496,-0.8667816572454674,0.34910206295236706,-0.5690142155643652,0.0
111,80,25,-0.31567906304514104,0.25725939541544884,-0.8199074780594208,0.1885493519691387,-0.5729384584605899,0.0
68,99,17,-0.04953673283190621,0.5253100730691224,-1.079144476047386,0.9800710103835736,-0.5748468059010285,0.0
36,70,5,-0.09890615063826465,0.47780522662541375,-1.0354043948240756,0.8375920935475463,-0.5767113772636784,0.0
117,45,31,-0.27218252918865166,0.3079966228691981,-0.87585591001228,0.33149085163497666,-0.5801791520578498,0.0
60,45,25,-0.33676572808432836,0.24358469178475867,-0.8141917239824553,0.1406602678137986,-0.580350419869087,0.0
32,117,47,-0.4489606823146672,0.13392671811123047,-0.7114570498126789,-0.18646431481665549,-0.5828874004258977,0.0
80,6,34,-0.4265586603426397,0.16019426136740142,-0.7405394126227465,-0.11257790806253287,-0.5867529217100411,0.0
117,82,20,-0.386543107385391,0.20231293614320267,-0.7830764622260682,0.00999024745528626,-0.5888560435285937,0.0
82,45,39,-0.14120957277778343,0.4479656551364793,-1.019222256845283,0.736803111289716,-0.5891752279142627,0.0
82,45,14,-0.32463737834343426,0.26576585732683233,-0.8455384587040256,0.1962637020171571,-0.5904032356702666,0.0
32,82,56,-0.3278529561892693,0.2655522548272287,-0.8483353756506375,0.192629463272099,-0.593405211016498,0.0
60,70,37,-0.4224435481714037,0.17224956443603148,-0.7600526944660254,-0.08483440187678204,-0.5946931126074352,0.0
68,80,32,-0.3652014625617676,0.2319554682794653,-0.8198341803895196,0.08943125526598439,-0.5971569308412329,0.0
99,45,57,-0.026354122708971903,0.5710585848289184,-1.1456289489736518,1.092920703555708,-0.5974127075378902,0.0
60,45,29,-0.3425986990785339,0.2548334027430602,-0.8420721684549319,0.15687477029786412,-0.5974321018215941,0.0
64,60,9,-0.4570291198468292,0.14075913335285614,-0.7329170212184273,-0.18114121847523118,-0.5977882531996853,0.0
80,45,40,-0.293826047518007,0.30457843484870295,-0.8907997798214647,0.30314768478545073,-0.59840448236671,0.0
117,32,24,-0.47500544251106513,0.1261503887870098,-0.7222602045336043,-0.22775068048852595,-0.6011558312980749,0.0
32,117,52,-0.43571801710818503,0.16767293314328496,-0.7643569660690235,-0.10707906814734652,-0.60339095025147,0.0
36,60,34,-0.5097752608573465,0.0936697864315475,-0.6933680422631796,-0.32618247945151335,-0.6034450472888939,0.0
117,68,38,-0.28734276472998754,0.3176540702341305,-0.9099447423888833,0.33525921292890826,-0.604996834964118,0.0
80,24,37,-0.25423686242327465,0.3538642140338907,-0.9478107219297003,0.43933699708315105,-0.6081010764571653,0.0
36,80,31,-0.37414787002858113,0.2345249931958155,-0.8338168566923795,0.08552111663521722,-0.6086728632243966,0.0
45,6,19,-0.05178705328936962,0.5608302007900373,-1.1510142468378428,1.0474401402591036,-0.6126172540794069,0.0
60,43,49,-0.39056898342031743,0.22289360639716632,-0.8274404519587635,0.04630248511812857,-0.6134625898174837,0.0
6,38,20,-0.27158455464775627,0.34304215044539754,-0.9439471695207355,0.40077806022522294,-0.6146267050931538,0.0
60,32,13,-0.09366390304348154,0.522032723928796,-1.1168480419439217,0.9295202358569585,-0.6156966269722774,0.0
60,80,36,-0.4135141672555857,0.20618604504744,-0.8176388155485681,-0.009389518962603316,-0.6197002123030257,0.0
60,6,57,-0.3910760996784627,0.229027178145832,-0.8399693688442934,0.057817169487368036,-0.6201032778242948,0.0
70,45,58,-0.3044250339863498,0.31665373137960334,-0.9250663474903723,0.3162162795176727,-0.6210787653659531,0.0
60,68,32,-0.4418959009702488,0.17985732460689682,-0.7944162571997666,-0.089375544740731,-0.6217532255771456,0.0
60,6,2,-0.4184978870023941,0.2034114186264487,-0.8171842675102335,-0.019811506494554654,-0.6219093056288428,0.0
117,43,25,-0.2978398901243622,0.3250771540326008,-0.9349911120282597,0.3393113317795353,-0.6229170441569629,0.0
64,82,47,-0.370460255659282,0.25283626784821434,-0.866019340641782,0.12509882932321809,-0.6232965235074963,0.0
117,32,5,-0.4962240587117109,0.13020036310802083,-0.7514167704034317,-0.24103134701999007,-0.6264244218197317,0.0
70,82,3,-0.24503705004986737,0.3841238738200312,-0.9979198427371285,0.5078457426373939,-0.6291609238698985,0.0
117,32,52,-0.4545814254603608,0.17657136610080204,-0.8006613030179328,-0.10850154790278882,-0.6311527915611628,0.0
99,6,21,-0.18524144645399912,0.44912512485325,-1.0655266911663692,0.6950437982583709,-0.6343665713072492,0.0
68,6,29,-0.31176570218464233,0.3251006035190047,-0.9489628850818916,0.3254314807126069,-0.636866305703647,0.0
38,117,43,-0.3261830979221469,0.3120526235100677,-0.9378062400018796,0.2854400441575858,-0.6382357214322145,0.0
104,80,14,-0.3515934753265632,0.28764465976504505,-0.9153770084660515,0.21219005781292505,-0.6392381350916083,0.0
60,82,8,-0.4890214358895725,0.15731293183269443,-0.7973547822816536,-0.18068808949749138,-0.6463343677222669,0.0
111,24,56,-0.31649484496181113,0.33072711648904995,-0.9647199932803491,0.3317303033567268,-0.6472219614508611,0.0
36,60,0,-0.5030172048782938,0.14702436385181902,-0.7911849580278592,-0.21484945172872855,-0.6500415687301129,0.0
60,24,29,-0.2828406223650905,0.3687502691326764,-1.0055911498651362,0.43990990513495526,-0.6515908914977668,0.0
60,82,41,-0.49173587042533295,0.1609904148949231,-0.8072770836193822,-0.1761946572312837,-0.652726285320256,0.0
117,99,9,-0.2519441518070697,0.4012416164205079,-1.0383777199912652,0.5344894163771257,-0.6531857682275776,0.0
74,68,52,-0.34079833058199954,0.31748547816728095,-0.9630698677898701,0.2814732066258711,-0.6582838087492805,0.0
99,6,34,-0.42940025435877055,0.22953007760526578,-0.8792792064650914,0.020478697747550345,-0.6589303319640363,0.0
64,82,29,-0.37877495952153356,0.2884690208765884,-0.9441742404396467,0.18662432139657964,-0.6672439803981219,0.0
60,80,20,-0.3410295950644032,0.32642938473654387,-0.9808311891480292,0.2987719990192228,-0.6674589798009471,0.0
74,75,33,-0.3646515413160949,0.303242718343617,-0.9590072692695842,0.22970418663739445,-0.6678942596597119,0.0
64,99,9,-0.3256683025665934,0.3432249031723468,-0.998389112784393,0.3470525076512062,-0.6688932057389402,0.0
6,70,36,0.007437496128394715,0.6813620858911588,-1.3280321922182765,1.342907184475066,-0.673924589762764,0.0
111,36,5,-0.2165797252260318,0.4579489447007018,-1.1141596568394072,0.6810002063873437,-0.6745286699267337,0.0
111,82,52,-0.42482451170448954,0.25247014936628565,-0.9196660044624094,0.0700169810534303,-0.6772946610707752,0.0
32,6,14,-0.3406061995577881,0.33781608786835016,-1.0027257317797544,0.3215133326641782,-0.6784222874261383,0.0
32,6,3,-0.3709140134890206,0.3077367881964108,-0.9740781183539857,0.2322500913759446,-0.6786508016854313,0.0
38,70,56,-0.1081298832709988,0.5717943769795867,-1.2288468621509885,1.012587095608991,-0.6799242602505855,0.0
70,45,6,-0.24686387162610998,0.4331298594196935,-1.0957983960887092,0.6020706528364893,-0.6799937310458035,0.0
99,82,26,-0.36644823893490064,0.3138390498441933,-0.9815727766295195,0.2486762987597182,-0.680287288779094,0.0
36,60,25,-0.5342326800758341,0.15099309428956248,-0.8301791448833766,-0.2382862152682917,-0.6852257743653967,0.0
68,24,14,-0.06254689365802059,0.6226900776825122,-1.2830194459157445,1.157925658599703,-0.6852369713405327,0.0
60,68,16,-0.43715305089682693,0.25255798658615025,-0.9321667046056814,0.05786060281202754,-0.6897110374829771,0.0
60,80,48,-0.502886311531597,0.18774711355332666,-0.8708706540961173,-0.1349019689670768,-0.6906334250849236,0.0
111,82,25,-0.3980289891640673,0.2939435938568687,-0.97415843312353,0.17810045479539532,-0.691972583020936,0.0
104,80,57,-0.36171919221534277,0.3303106190744841,-1.0091280056013316,0.2856896211706461,-0.6920298112898269,0.0
104,82,30,-0.1198374113904235,0.5731057810992529,-1.2431247423449592,1.0034499195641122,-0.6929431924896764,0.0
36,45,7,-0.12467437405792199,0.5753716579377114,-1.2524028236158362,1.0030540754999924,-0.7000460319956334,0.0
60,6,30,-0.5637651534850979,0.13828898757095828,-0.8348115691241762,-0.2927187378460197,-0.7020541410560562,0.0
60,45,11,-0.4102529015535709,0.2928595760010197,-0.9842576705155694,0.16375186740842768,-0.7031124775545906,0.0
68,80,16,-0.47682375159916757,0.23003908090225111,-0.9277003501675798,-0.0259471530307554,-0.7068628325014187,0.0
36,60,5,-0.537710563551512,0.1702424842567774,-0.8713858326947957,-0.20403529440822832,-0.7079530478082894,0.0
117,82,58,-0.5400495608364032,0.17048738422596724,-0.8742048339192989,-0.20589428775350743,-0.7105369450623704,0.0
82,45,22,-0.44789295863236006,0.2640403825193634,-0.9654121083703122,0.06962619110559215,-0.7119333411517235,0.0
68,70,8,-0.1928063352990146,0.5269414188483389,-1.225611516241759,0.8399988456437297,-0.7197477541473535,0.0
36,6,23,-0.056174189430129425,0.6639753649239893,-1.3575659046811486,1.2452175258208895,-0.7201495543541188,0.0
99,70,26,-0.2679540128621037,0.4543344635094033,-1.1584495613405341,0.6225415356163269,-0.722288476371507,0.0
64,60,16,-0.3353707579352792,0.3888425547866666,-1.0975021653171457,0.42676064944658737,-0.7242133127219459,0.0
60,6,5,-0.5668397564419841,0.15832992558619619,-0.8771664105909287,-0.25651310229303964,-0.7251696820281803,0.0
104,80,19,-0.29825439594430797,0.42771838783967464,-1.1365824361100703,0.5400736442214542,-0.7259727837839827,0.0
68,6,23,-0.442834193727334,0.2851359845624007,-1.0017007234696393,0.11603233601497132,-0.7279701782897348,0.0
104,60,58,-0.28395036570014887,0.44441752178324706,-1.155008708395313,0.5871079769950154,-0.7283678874833959,0.0
41,18,12,-0.4076053456228953,0.32093909188895925,-1.0366459657252554,0.22143527447946487,-0.7285444375118546,0.0
99,24,41,-0.41594100777354576,0.313377445697316,-1.0301608013402852,0.19827878579319363,-0.7293184534708618,0.0
80,45,42,-0.47223966721829136,0.25741719359097404,-0.9767773666566004,0.0322980322200177,-0.7296568608092654,0.0
36,99,2,-0.4273391515128265,0.3043217144039204,-1.0238097117445104,0.1691314087188575,-0.731660865916747,0.0
6,32,36,-0.4716822034138558,0.26190523107622177,-0.9850164563232504,0.0416520494955388,-0.7335874344900776,0.0
6,68,23,-0.4405337306808751,0.29522041162776813,-1.0191657374713006,0.1380982761095504,-0.7357541423086432,0.0
32,6,36,-0.43925985645014165,0.29773806116929014,-1.0228264563419502,0.14430674344166705,-0.7369979176194318,0.0
36,60,20,-0.4987433520741998,0.24493555399251873,-0.9788170378995364,-0.01866966624886307,-0.7436789060667185,0.0
64,99,54,-0.30460211787624597,0.44186854195105446,-1.1706644601003127,0.5614602243478208,-0.7464706598273004,0.0
117,99,57,-0.3411109854821735,0.40990859902742494,-1.1445318395759263,0.46230986861157936,-0.7510195845095984,0.0
38,43,14,0.06017391417011175,0.8127385724939445,-1.5327936879180197,1.653141516258243,-0.7525646583238328,0.0
117,24,3,-0.42232330215117686,0.33140597449992787,-1.0718790121710353,0.2272324078686817,-0.7537292766511048,0.0
111,117,51,-0.2454519862013962,0.5099253296815366,-1.2449056323772079,0.7540016599744155,-0.7553773158829328,0.0
38,68,36,-0.21163592939001571,0.5444841358262318,-1.2788248356094298,0.8555529768293985,-0.7561200652162475,0.0
68,32,7,-0.37906157023845427,0.37915025293557414,-1.1221960659921795,0.364072925515271,-0.7582118231740285,0.0
38,64,22,-0.27546722936400947,0.48623982670925153,-1.2284972897141424,0.6775628309861235,-0.7617070560732611,0.0
60,80,21,-0.44419379337601794,0.319340202813817,-1.0701005908910992,0.18171300413906333,-0.7635339961898349,0.0
6,32,4,-0.508770302543248,0.2569412914297099,-1.0123752337454794,-0.005165371341016578,-0.7657115939729578,0.0
41,99,33,-0.38231760989598507,0.38844101195577213,-1.1436619933292984,0.3790267735373283,-0.7707586218517573,0.0
82,45,13,-0.3204819515963495,0.45048916687069784,-1.2034407186629172,0.5624768154702182,-0.7709711184670474,0.0
111,68,40,-0.5025721620640425,0.2709272864205222,-1.033589643448266,0.028445319320181017,-0.7734994484845648,0.0
6,6,23,-0.08373356101024018,0.6906993773980138,-1.4375043407103472,1.270037218689867,-0.774432938408254,0.0
36,45,10,-0.2924661846747261,0.48431979743136044,-1.2417329876401926,0.6568006182907404,-0.7767859821060865,0.0
36,32,49,-0.4362829019468302,0.34254397759880123,-1.1076690980404806,0.23510329414682013,-0.7788268795456315,0.0
60,80,5,-0.5720620608421992,0.20891019339885683,-0.9815260399039586,-0.16259808178043988,-0.7809722542410561,0.0
60,80,38,-0.5600810406980969,0.2228305709520176,-0.9968289597640514,-0.12333312163214244,-0.7829116116501146,0.0
36,6,45,-0.20419663690359027,0.5809208162741755,-1.3428014368009742,0.9344081629937936,-0.7851174531777657,0.0
70,6,2,-0.2429058363742469,0.5431446856240226,-1.3074694201973311,0.8216577474488374,-0.7860505219982695,0.0
38,82,12,-0.47133271997660775,0.31641308150917163,-1.091502359734584,0.1488369197813686,-0.7877458014857794,0.0
32,6,45,-0.42467253140432254,0.3632977647595699,-1.1367361503330795,0.2873910875244344,-0.7879702961638924,0.0
111,32,2,-0.4556888184383446,0.3327381418511597,-1.1078555764666176,0.19647793958992837,-0.7884269602895042,0.0
60,43,4,-0.4854297662816086,0.30363589975668975,-1.0805561298047204,0.10969659724150327,-0.7890656660382984,0.0
60,43,28,-0.5862594624407309,0.2033877454588669,-0.9848994435401099,-0.1876194813413518,-0.7896472078995977,0.0
80,45,48,-0.35477159629691296,0.4358827984292255,-1.2091018812181948,0.499558688624369,-0.7906543947261384,0.0
64,32,31,-0.4955967034652555,0.29690278709687073,-1.077526166175122,0.0863327592446112,-0.7924994905621262,0.0
32,24,50,-0.39727352607874344,0.39554146893161873,-1.1725348051847162,0.3779877530272293,-0.7928149950103622,0.0
32,99,33,-0.37502914170605867,0.42035883438751787,-1.1989324571055937,0.4488741736934763,-0.7953879760935765,0.0
82,45,27,-0.46534455825930016,0.3310824769569455,-1.1142662130949132,0.183577096576313,-0.7964270352162457,0.0
111,68,32,-0.6511327222401885,0.14795306662393912,-0.9411207328231092,-0.3611447116572678,-0.7990857888641276,0.0
68,70,24,-0.38627242681061297,0.41302651758582565,-1.1958044012788311,0.42325954765760526,-0.7992989443964387,0.0
60,82,25,-0.6304948718783644,0.16894223034944159,-0.9616216433632698,-0.2993681003934589,-0.799437102227806,0.0
68,32,43,-0.3805338270574129,0.42061792769281553,-1.2049449653353315,0.44387731122050555,-0.8011517547502285,0.0
36,68,53,-0.4421389350621708,0.36536333097554086,-1.158251063774231,0.2739731936498893,-0.8075022660377116,0.0
6,70,2,-0.2575985432987141,0.5503401072765819,-1.3362651535608148,0.8210680669633864,-0.807938650575296,0.0
36,45,34,-0.5369574241209846,0.27232300888257227,-1.0707105215308261,-0.003204326711142902,-0.8092804330035568,0.0
36,32,30,-0.545057552696302,0.264602592409451,-1.0636786338188258,-0.026436471573778042,-0.809660145105753,0.0
60,68,49,-0.6430670746141963,0.16667045232826297,-0.9697411611775917,-0.3163929880508009,-0.8097375269424593,0.0
82,24,13,-0.3613817580352666,0.44889184409511296,-1.241209772461688,0.5184462563911547,-0.8102736021303796,0.0
38,70,35,-0.30245881021340426,0.510990129427765,-1.3039994638918238,0.6990818434650152,-0.8134489396411693,0.0
117,24,49,-0.4872127401646805,0.32646563611150226,-1.127085386943225,0.15265990661386386,-0.8136783762761828,0.0
60,82,26,-0.6610227207282562,0.1532018561792658,-0.9612983588396171,-0.36074708261689525,-0.814224576907522,0.0
38,70,37,-0.26777123146350046,0.5483158132158633,-1.3424702253665926,0.8069277624395915,-0.8160870446793638,0.0
64,32,8,-0.4179297432097282,0.4004060168820814,-1.2027255362986078,0.3668660498791513,-0.8183357600918095,0.0
111,24,28,-0.5301025668442703,0.2888972541929916,-1.096341185062534,0.03613605137399334,-0.8189998210372619,0.0
6,68,53,-0.45850560955384895,0.3606781791672739,-1.165434840721706,0.24842362161400794,-0.8191837887211229,0.0
60,68,24,-0.6572974407251406,0.16199230715287266,-0.9748023627447711,-0.3397925187055102,-0.8192897478780132,0.0
36,45,38,-0.36683110437407235,0.4569278422841337,-1.2624096752509744,0.5287474665028298,-0.823758946658206,0.0
99,82,38,-0.5916354816896204,0.23279084284734697,-1.0479055336704204,-0.13536542970882037,-0.8244263245369674,0.0
111,45,20,-0.08540259882372828,0.741409129420801,-1.5385644924884982,1.3677592948410415,-0.8268117282445292,0.0
64,43,37,-0.38220206103322424,0.44681509884072357,-1.2579596547610423,0.4935555326945939,-0.8290171598739478,0.0
74,41,33,-0.5997717720595604,0.23037444794609496,-1.0513056900339066,-0.14823785408521434,-0.8301462200056554,0.0
60,82,47,-0.7208529824288802,0.11418286504064751,-0.9446513979085494,-0.4970545669492111,-0.8350358474695276,0.0
70,45,43,-0.49500205836044914,0.3410909663596011,-1.1635403524252674,0.1735362357043691,-0.8360930247200502,0.0
80,99,38,-0.47508646132325993,0.36167144308219157,-1.1839624897643555,0.2337895671178355,-0.8367579044054515,0.0
60,68,29,-0.661777991372554,0.17705884556900017,-1.0088133286877943,-0.31474265405731366,-0.8388368369415542,0.0
99,24,32,-0.5127804626515643,0.32613806184522165,-1.1520110638681986,0.12645013856507015,-0.838918524496786,0.0
45,6,34,-0.5431606168151497,0.3000106815761531,-1.1311815527044098,0.044860319074110366,-0.8431712983913029,0.0
104,70,18,-0.5107776373991493,0.3325014497842537,-1.1624804789762866,0.14092520417798804,-0.843279087183403,0.0
104,80,56,-0.519965175154672,0.3244278249051995,-1.155843711968863,0.11591336165951904,-0.8443930000598715,0.0
60,82,49,-0.6609094223774978,0.1930174294419279,-1.0392235840836765,-0.2825952606713192,-0.8539268518194257,0.0
82,45,41,-0.6485718347373598,0.20596116715203913,-1.0522557223553566,-0.24488794711936313,-0.854533001889399,0.0
36,60,42,-0.6657928597156414,0.19318202201826545,-1.0444296228714416,-0.2871560965598411,-0.8589748817339069,0.0
104,70,6,-0.38093890053849133,0.4826988545992028,-1.3270286555529287,0.5651508544759462,-0.8636377551376941,0.0
60,82,23,-0.6937246932992169,0.17560042054420827,-1.037901517565865,-0.34954786903256874,-0.8693251138434253,0.0
36,32,57,-0.5759292124258207,0.3024826957170953,-1.1687952960313275,0.01693687117968601,-0.878411908142916,0.0
64,82,23,-0.6238501852208437,0.26125215563419735,-1.1359044102638705,-0.1117959601778169,-0.885102340855041,0.0
36,68,50,-0.5320878489848886,0.35307511985684076,-1.2241150839042965,0.15993938593451928,-0.8851629688417293,0.0
60,43,37,-0.6987458725279356,0.18791339089753448,-1.0670561186871033,-0.33043562636876805,-0.8866592634254701,0.0
68,45,28,-0.7035392840102268,0.18438800881757816,-1.06493978129268,-0.3421387867277736,-0.887927292827805,0.0
60,70,33,-0.6630981735170505,0.22621943121318389,-1.106488258694891,-0.21970808833921007,-0.8893176047302344,0.0
6,45,49,-0.529430191963775,0.36566680603468515,-1.246137131791758,0.18727674786420778,-0.8950969979984602,0.0
68,6,50,-0.5459346652801184,0.34973404219451854,-1.2314133879813747,0.13954405742113796,-0.8956687074746369,0.0
60,43,53,-0.6799635003098188,0.2163899665581987,-1.1040878347638883,-0.25583916585574934,-0.8963534668680175,0.0
38,64,14,-0.16870486839245066,0.7316404775644123,-1.6027202044186988,1.2653104676337976,-0.900345345956863,0.0
64,43,40,-0.4192722010002727,0.4815677967721012,-1.3631450826735911,0.5246006806730457,-0.9008399977723739,0.0
104,70,58,-0.679961313519471,0.22324788192288542,-1.1175271620883263,-0.2423954649506156,-0.9032091954423564,0.0
70,24,58,-0.4194574585566694,0.48434606302516897,-1.3687757420860005,0.5298608249726617,-0.9038035215818383,0.0
38,43,3,-0.4024544336938417,0.5028912288550924,-1.3881212422498228,0.5832123748621394,-0.9053456625489341,0.0
99,6,2,-0.5371053617885204,0.3754148493364358,-1.2729184664879347,0.19870774291089377,-0.9125202111249562,0.0
36,68,45,-0.5669919709402733,0.34628886025959205,-1.2457181370490737,0.11173419516852712,-0.9132808311998654,0.0
32,24,30,-0.4970183483487155,0.4225960778682624,-1.3253066609705098,0.33126996427307887,-0.9196144262169779,0.0
38,64,11,-0.4877163390798037,0.43236361728249356,-1.335149028953491,0.35971635079388364,-0.9200799563622972,0.0
64,60,14,-0.7502166679809599,0.1731653425762541,-1.0896207394304178,-0.4108125965315018,-0.9233820105572139,0.0
82,24,53,-0.6013159438292375,0.32696554263109734,-1.2421684073861883,0.039536519727713326,-0.9282814864603348,0.0
45,6,0,-0.4143311141626592,0.5151309338163361,-1.423987744442678,0.5953255161173595,-0.9294620479789953,0.0
32,6,57,-0.6379891614469945,0.29175279918036123,-1.2098246478405024,-0.06615367505348646,-0.9297419606273557,0.0
64,60,50,-0.7611772332177089,0.17034151729072058,-1.0950466071075213,-0.42730785932789656,-0.9315187505084295,0.0
104,80,54,-0.6750539309573387,0.25867120580726977,-1.1820494943395874,-0.16805836757508996,-0.9337251367646084,0.0
6,32,15,-0.64924571309052,0.2851246023391515,-1.2080899336752569,-0.09040149250578311,-0.9343703154296715,0.0
117,68,11,-0.47812414204753295,0.45977417956662014,-1.3792815339981084,0.4230332499030425,-0.9378983216141531,0.0
111,80,43,-0.6289455550805718,0.31083412517589143,-1.2381804404253192,-0.019710669735824582,-0.9397796802564633,0.0
99,18,52,-0.6891723446100951,0.2517550873657672,-1.1826123158469988,-0.19573237337319144,-0.9409274319758623,0.0
64,32,35,-0.5888382117179294,0.35258193046630476,-1.2798987954318868,0.1022223719960279,-0.9414201421842341,0.0
82,45,58,-0.7005379086647143,0.2409774863538337,-1.1728537819182283,-0.22822203541120029,-0.941515395018548,0.0
60,80,14,-0.739453325582032,0.20329845370042693,-1.1379182948348687,-0.3409883563291953,-0.9427517792824589,0.0
6,45,18,-0.5950513297181896,0.3492359303796656,-1.2795537532623342,0.08945109382595495,-0.9442872600978552,0.0
36,60,21,-0.760654263381147,0.18511265184908188,-1.1234750610053474,-0.39783346575694645,-0.9457669152302288,0.0
60,80,11,-0.6924534458016058,0.2616802482543957,-1.2053467323802214,-0.1795601592229903,-0.9541336940560015,0.0
68,80,55,-0.6714151858842545,0.28551172905560573,-1.2310181748332418,-0.11181219693526734,-0.9569269149398603,0.0
117,70,30,-0.5899463155982578,0.36758557204686576,-1.3104140368101147,0.13052140561359904,-0.9575318876451235,0.0
117,99,42,-0.6076076303309443,0.35055263566965833,-1.2946907962434746,0.07947553558158593,-0.9581602660006027,0.0
68,24,45,-0.46557455748539933,0.4999402724964228,-1.445457491578388,0.5143083766075893,-0.9655148299818221,0.0
104,60,3,-0.5726753426440274,0.39624132426396846,-1.3493083382014057,0.20395765291335077,-0.9689166669079958,0.0
82,43,32,-0.779177077833418,0.19074797122994439,-1.153043101444109,-0.40531105422272706,-0.9699250490633624,0.0
36,6,47,-0.18878625538253088,0.785740671338917,-1.728837971206808,1.3512654604417464,-0.9745269267214479,0.0
111,32,25,-0.5702145528466618,0.4053093868396536,-1.364620951052383,0.22419184535905934,-0.9755239396863153,0.0
38,43,2,-0.34790373419613574,0.6294132064125783,-1.5815536187647892,0.8857461503725177,-0.977316940608714,0.0
32,82,36,-0.6446501524315086,0.33320687370698576,-1.2977356248972005,0.008435320034183458,-0.9778570261384943,0.0
38,36,12,-0.6095718066486636,0.3716809571462816,-1.3380664826553756,0.1189228693580483,-0.9812527637949452,0.0
99,82,35,-0.7000766049638816,0.2818697270701913,-1.2525412700214567,-0.1476119399063066,-0.9819463320340729,0.0
117,32,51,-0.7803771762890775,0.20253406865495446,-1.1773439508527883,-0.3834104017253668,-0.982911244944032,0.0
36,45,54,-0.5867868375423395,0.39758511893526516,-1.3660536706554591,0.19247999557078022,-0.9843719564776047,0.0
70,82,30,-0.4856594392023367,0.5004130420474246,-1.4664690016152888,0.4951501232106156,-0.9860724812497613,0.0
99,43,55,-0.5253293678599523,0.4634342101425288,-1.4336604197393088,0.38300168401940404,-0.988763578002481,0.0
68,6,45,-0.625553520597242,0.36383383448618956,-1.3386678361901736,0.08756079499568947,-0.9893873550834316,0.0
60,80,34,-0.7933228236504973,0.20091553478898397,-1.1871172718369059,-0.39952837546408876,-0.9942383584394813,0.0
111,68,6,-0.47506082952526907,0.5224107862267555,-1.4989859705297097,0.5488643114791717,-0.9974716157520246,0.0
82,43,22,-0.6775869491008466,0.32022459049411156,-1.3052271464693053,-0.04994675173238794,-0.9978115395949582,0.0
70,43,57,-0.5980196363214512,0.4019909044716015,-1.38592180908579,0.18988253644288777,-1.0000105407930526,0.0
68,45,10,-0.7264958302282999,0.27853672120953554,-1.2724278037989896,-0.1805638566576102,-1.0050325514378353,0.0
60,80,50,-0.76727946109506,0.23981101921333492,-1.2373090587531963,-0.2972498634369235,-1.0070904803083949,0.0
68,82,9,-0.7634474963810358,0.24671111837986145,-1.2470012884055643,-0.2798937043565074,-1.0101586147608972,0.0
111,80,42,-0.7674864327215769,0.2446745104170773,-1.2470484731390483,-0.2879243923041054,-1.0121609431386542,0.0
74,99,12,-0.6774668228947068,0.3359509333537758,-1.3359306522681074,-0.0190029935213063,-1.0134177562484825,0.0
60,99,28,-0.7438489468027473,0.27007876198937275,-1.273203320301918,-0.21449457330357669,-1.01392770879212,0.0
80,99,15,-0.5535108137985136,0.46341296860155073,-1.461800232257553,0.3547786046605258,-1.0169237824000643,0.0
38,43,47,-0.5266189824253782,0.4937398128974665,-1.4943490157044126,0.4411110508536561,-1.0203587953228448,0.0
36,68,14,-0.6488818905162245,0.373398582540619,-1.3807431122958378,0.08297933126338874,-1.0222804730568433,0.0
82,24,28,-0.6717493123755978,0.3520807534211272,-1.361827589081007,0.01832896432981157,-1.023830065796725,0.0
111,38,33,-0.6616701691201523,0.36399622911641666,-1.375102778188329,0.05176243994802432,-1.025666398236569,0.0
99,68,46,-0.6851634666998442,0.3407737749124518,-1.3530800655282498,-0.017246867871438698,-1.025937241612296,0.0
104,60,12,-0.644589922462955,0.3841883663026076,-1.397599120416066,0.10841927549015595,-1.0287782887655625,0.0
104,70,8,-0.7122957731988235,0.32107842204333886,-1.3416094804037677,-0.08298206599387936,-1.0333741952421625,0.0
104,70,26,-0.7212427349109953,0.3151921805302366,-1.339019408750259,-0.10346606107173162,-1.036434915441232,0.0
111,43,42,-0.6035109672891756,0.4361002614230892,-1.4582674796784305,0.25124554510007924,-1.039611228712265,0.0
6,64,26,-0.5060296467774048,0.5340141990612449,-1.5526974769374449,0.5406381833826353,-1.0400438458386496,0.0
60,82,42,-0.8930348644279433,0.1495942738153816,-1.1862396411060914,-0.5998300877497954,-1.042629138243325,0.0
80,99,51,-0.5632745237864747,0.4830284101291611,-1.5100102076396305,0.3834611600666811,-1.0463029339156358,0.0
60,99,29,-0.6710379617256068,0.3804145642471945,-1.416650507650108,0.0745745841988944,-1.0514525259728014,0.0
111,60,12,-0.6635587686233096,0.4010467604707468,-1.4496104191459733,0.12249288189935403,-1.0646055290940564,0.0
6,32,19,-0.7334558687568334,0.3328086744677878,-1.3857608707136975,-0.08115086679996941,-1.0662645432246212,0.0
111,32,15,-0.7081834279374892,0.3597544486372444,-1.4133021472664882,-0.0030647086084902853,-1.0679378765747336,0.0
60,80,1,-0.8251590237572356,0.24450337127309565,-1.304385631452503,-0.3459324160619681,-1.0696623950303312,0.0
60,82,52,-0.852322508308828,0.21822692107712316,-1.2800472736199895,-0.42459774299766667,-1.0705494293859512,0.0
60,68,45,-0.8876253900343367,0.18481869844575793,-1.2498700389880222,-0.5253807410806512,-1.0724440884800948,0.0
68,45,1,-0.8807322150967953,0.19487013243002177,-1.262677674659638,-0.4987867555339527,-1.075602347526817,0.0
68,80,48,-0.8085583007142889,0.27140609211032624,-1.3405142412505282,-0.2766023601780495,-1.0799643928246152,0.0
70,75,12,-0.43662159744642387,0.6457428998942032,-1.702277681239062,0.8290344863462145,-1.082364497340627,0.0
6,45,57,-0.5934723978538134,0.4900799820176093,-1.5540291626083276,0.3670843669007007,-1.0835523798714228,0.0
99,6,42,-0.7653731343199088,0.3194712244474529,-1.3915367342369165,-0.13920953440290118,-1.0848443587673617,0.0
64,6,22,-0.6226926418074401,0.4630352180739365,-1.5302416692323555,0.2848563856174754,-1.0857278598813767,0.0
68,24,28,-0.660749302864507,0.42536509478302337,-1.4944648886392327,0.17296628291021887,-1.0861143976475303,0.0
38,60,19,-0.7492886628908819,0.3403580009222519,-1.4163903446984956,-0.08218698108326827,-1.089646663813134,0.0
80,43,50,-0.8267070602031801,0.2637917778735688,-1.343738944835375,-0.30967517557098523,-1.0904988380767489,0.0
60,82,50,-0.8994879739265084,0.1931048435738889,-1.2779734673313305,-0.5210024805216862,-1.0925928175003974,0.0
36,32,42,-0.8332889846419225,0.2612103326623099,-1.34526123666005,-0.321316732623795,-1.0944993173042323,0.0
99,70,22,-0.7665007849195934,0.3286532157152005,-1.4106610877213863,-0.12234048211780035,-1.095154000634794,0.0
36,60,31,-0.9640385037181499,0.13864432020471082,-1.235781371319383,-0.6922956361169168,-1.1026828239228608,0.0
32,24,58,-0.7575060811627523,0.34660648371872177,-1.436854789251447,-0.07815737307405768,-1.104112564881474,0.0
36,32,8,-0.7783925309034506,0.32654055850028607,-1.4184120255640114,-0.13837303624288988,-1.1049330894037368,0.0
64,82,16,-0.6364298206111951,0.4714544635119017,-1.5604805690945223,0.2876209278721321,-1.107884284123097,0.0
117,24,55,-0.684916702786984,0.42417156866689815,-1.5162929773741043,0.14645957180013636,-1.1090882714538821,0.0
80,6,21,-0.8419549006797737,0.27413526446656117,-1.3792600190342337,-0.3046497823253138,-1.1160901651463349,0.0
99,68,14,-0.6064279127048551,0.5145988204028411,-1.6150416006944237,0.40218577528471355,-1.1210267331076962,0.0
99,82,40,-0.8549475319420702,0.27016417961563727,-1.3844693239887191,-0.3254257398954211,-1.1251117115577074,0.0
68,99,53,-0.8484183792961192,0.2790502337201861,-1.3953568373876841,-0.30147992120455436,-1.1274686130163052,0.0
64,60,32,-0.9347094716688579,0.19449982583404032,-1.315929130303577,-0.5534898130341388,-1.1292092975028982,0.0
38,70,41,-0.3493618404637362,0.7829099580773277,-1.8838653582952984,1.185141677367826,-1.1322717985410637,0.0
60,6,31,-0.9433323951652026,0.18897337628347458,-1.3137202126808127,-0.5729445776495925,-1.1323057714486773,0.0
36,24,29,-0.7422033240773178,0.3904129098689689,-1.5074126274204969,0.02300597926586123,-1.1326162339462869,0.0
111,43,5,-0.7313231435856472,0.4122636656933808,-1.5393599283446737,0.0767136411733792,-1.143586809279028,0.0
68,45,49,-0.9198422629254428,0.23083535608683295,-1.3722795608556353,-0.46740496499525025,-1.1506776190122758,0.0
70,6,0,-0.6139068069914165,0.538357006930078,-1.6690865405743693,0.4412729265915364,-1.1522638139214947,0.0
60,24,18,-0.828857466708125,0.3289212249781511,-1.4735430676653012,-0.1841718657509488,-1.1577786916862762,0.0
36,45,30,-0.8378331049296248,0.32060354721442386,-1.4662160574698957,-0.20945015238935405,-1.1584366521440486,0.0
68,43,52,-0.7662456939141277,0.39548002670938714,-1.5413865462645264,0.008895158436271089,-1.1617257206235148,0.0
60,24,41,-0.795094500895114,0.3672850802312464,-1.5149732581483568,-0.07521574364187111,-1.1623795811263604,0.0
24,43,18,-0.6805708748129,0.4890330402129834,-1.6390756336303474,0.27793388400454744,-1.1696039150258835,0.0
80,24,50,-0.7877928728124279,0.3883045503059806,-1.5488697914121499,-0.026715954212706006,-1.1760974231184085,0.0
70,82,2,-0.7054074792259917,0.4834674196637172,-1.6530036217668773,0.24218866331489397,-1.1888748988897089,0.0
6,32,2,-0.8543863804267463,0.33520014989052127,-1.511378674212168,-0.19739408664132463,-1.1895865303172677,0.0
36,32,37,-0.9145972689192021,0.2752218135501161,-1.4540320234774295,-0.3751625143609746,-1.1898190824693182,0.0
99,24,53,-0.8759986418591408,0.3180969471937477,-1.4994686583588863,-0.25252862535939524,-1.1940955890528886,0.0
99,70,0,-0.7787371643272828,0.41957704602309837,-1.6011081745325555,0.04363384587799002,-1.1983142103503812,0.0
82,43,24,-0.9286039305912719,0.26973983415348807,-1.4572940055321086,-0.39991385565043525,-1.19834376474476,0.0
80,24,46,-0.795188533585982,0.41476894829616934,-1.608135672246474,0.01775860507450988,-1.2099574818821512,0.0
80,24,30,-0.7939420347970828,0.41810021516139495,-1.6134184565134169,0.02553438691925125,-1.2120422499584778,0.0
70,99,37,-0.845145620998664,0.3675373690738438,-1.5655188643833977,-0.12477237761393012,-1.2126829900725078,0.0
64,68,18,-0.8972292582021415,0.31589265977044334,-1.5163788713522104,-0.2780796450520726,-1.2131219179725847,0.0
111,68,25,-0.9379031414288321,0.2762966580050454,-1.479444591118721,-0.3963616917389432,-1.2141997994338776,0.0
117,24,25,-0.8587551484679822,0.35706546408752204,-1.5586034580795254,-0.15890683885643897,-1.2158206125555042,0.0
70,43,43,-0.7442620335194537,0.4725751358266124,-1.670509299739614,0.18198523270070655,-1.2168371693460662,0.0
36,117,13,-0.691530301910851,0.5271439249905988,-1.7247323948924247,0.34167179107072276,-1.2186742269014497,0.0
64,60,7,-0.9462567440895998,0.2746038163986954,-1.4844802242310426,-0.40803326394815687,-1.2208605604882952,0.0
111,32,51,-0.8019913033242724,0.4204958653460901,-1.6261631994026091,0.022180592754064254,-1.2224871686703624,0.0
60,99,54,-0.8394186007760293,0.3873021088932622,-1.5985307342068231,-0.08030646734523528,-1.2267207096692916,0.0
32,82,19,-0.7638040436094041,0.46383418697181833,-1.6729190500741682,0.14531096285535983,-1.2276382305812223,0.0
68,18,37,-1.0323097265311862,0.19634764597355842,-1.4171511126393608,-0.6474683404230117,-1.2286573725047447,0.0
68,82,11,-0.9616171248817597,0.26708287901614075,-1.4850995677533954,-0.43813468201012384,-1.2287000038979004,0.0
70,24,34,-0.7694568761332575,0.4597673454733858,-1.6706008732610937,0.1316871209945787,-1.2292242216066434,0.0
60,99,8,-0.8553988167362948,0.37435283199572184,-1.5891303674479096,-0.12166726602468003,-1.2297516487320166,0.0
104,60,17,-0.7095960411655835,0.520616961360635,-1.730005285432428,0.3108132031012609,-1.2302130025262183,0.0
36,32,10,-0.8462131709193227,0.39324501764016034,-1.6169734054940368,-0.07545293634460848,-1.239458188559483,0.0
38,45,56,-0.6773093435813657,0.5690037257511144,-1.7925566460535498,0.4379379588908183,-1.24631306933248,0.0
6,70,31,-0.7802035863386811,0.47007857946838183,-1.7015576020967096,0.1411504294193472,-1.250282165807063,0.0
45,6,42,-0.9559703961702183,0.30657140222155227,-1.5568503445244608,-0.3550904478159759,-1.2625417983917706,0.0
36,32,43,-0.9373320224566384,0.32664843239051167,-1.5775629499420414,-0.2971010949712355,-1.26398045484715,0.0
99,82,3,-0.9974374226414374,0.26657826440889054,-1.519930820882863,-0.47494402440001193,-1.2640156870503279,0.0
60,43,31,-1.0424684897632546,0.22334715610445252,-1.4802289157279815,-0.6047080637985276,-1.265815645867707,0.0
64,6,14,-0.8517239202807114,0.41668892922226675,-1.6684342215563541,-0.03501361900506861,-1.2684128495029783,0.0
43,45,51,-0.7238501405791812,0.5452595669643199,-1.7925588918292483,0.34485861067088586,-1.269109707543501,0.0
104,70,23,-1.0436655320230177,0.22646092080505315,-1.487528936800922,-0.5998021272451135,-1.270126452828071,0.0
38,43,32,-0.7187108605806897,0.5549472268846204,-1.8064074252745455,0.3689857041131662,-1.27365808746531,0.0
60,68,4,-1.049510911784531,0.2290907681958011,-1.4985288174483011,-0.6004930061207607,-1.2786016799803321,0.0
6,70,33,-0.8260794087474144,0.45257495793151425,-1.7131263262931822,0.060967508798353554,-1.2786543666789285,0.0
68,70,10,-0.6480754820359379,0.6310379591055066,-1.8849098818827308,0.5887589178108551,-1.2791134411414444,0.0
111,82,48,-1.0339069211792369,0.2467444485067928,-1.5175260402525508,-0.550287802105923,-1.2806513696860298,0.0
111,32,42,-1.0027384787801863,0.2846936208911108,-1.5607379757267634,-0.44473898183360916,-1.2874320996712971,0.0
99,70,31,-0.9334223000021606,0.35452392569794067,-1.6282891943701243,-0.23855540563419697,-1.2879462257001013,0.0
82,43,1,-1.0666441865872518,0.2274898700244174,-1.5125243318351098,-0.6207640413393938,-1.2941340566116692,0.0
36,60,51,-1.0505776190154943,0.24698700505252022,-1.5346721489184338,-0.5664830891125547,-1.2975646240680145,0.0
6,36,16,-0.49577453906433344,0.8029857687869177,-2.069626645886692,1.0780775677580254,-1.2987603078512513,0.0
80,43,9,-1.0449671136346348,0.2559832084869252,-1.5466942022690082,-0.5432400250002615,-1.30095032212156,0.0
6,64,58,-0.7773101375025595,0.5259364348616581,-1.8081455498314094,0.2535252748262904,-1.3032465723642175,0.0
111,38,19,-0.8233106370979115,0.48271541621100855,-1.7694328528714882,0.12281157867566517,-1.30602605330892,0.0
99,24,40,-0.9429670232343068,0.36375295549766373,-1.6559228160097277,-0.23001123045888594,-1.3067199787319705,0.0
36,82,1,-0.8880149316675513,0.4274755378926933,-1.7258669859372302,-0.050162877397872396,-1.3154904695602445,0.0
68,45,11,-1.0437138749300383,0.27343134405416714,-1.5796393092762058,-0.5077884405838707,-1.3171452189842054,0.0
36,45,2,-0.8898419415715555,0.42911477950851573,-1.7309069094082463,-0.04877697373486467,-1.3189567210800712,0.0
32,82,7,-0.9538003036107957,0.36523015326453134,-1.6696514040092771,-0.23794920321231428,-1.319030456875327,0.0
6,32,20,-0.9676396791878783,0.35283582673836283,-1.6591978995950694,-0.27608145878068713,-1.3204755059262412,0.0
68,6,47,-0.9723711798291693,0.35150602043027823,-1.6613229798725146,-0.283419379785824,-1.3238772002594477,0.0
104,60,23,-0.951425574781414,0.37402146049215274,-1.6845076373460333,-0.2183435122167946,-1.3254470352735668,0.0
99,68,28,-1.1071428040953457,0.21952145054601702,-1.537404847165539,-0.6768807610251524,-1.3266642546413627,0.0
32,6,6,-0.9415580326515088,0.3873535095608805,-1.7007709113908347,-0.1823451539121831,-1.3289115422123894,0.0
6,64,23,-0.902595543377775,0.427128559471598,-1.7397675199421072,-0.06542356681344297,-1.3297241028493731,0.0
80,43,32,-1.1752278380438503,0.15785100470330704,-1.484615807262332,-0.8658398688253686,-1.3330788427471574,0.0
99,70,30,-0.9471108688218112,0.38792370396898035,-1.7074413286010126,-0.18678040904260973,-1.3350345727907915,0.0
80,24,39,-0.8744435343458068,0.4607994610157236,-1.777610477936625,0.02872340924501149,-1.3352429953615303,0.0
80,24,10,-0.8505906209070319,0.4855060911557712,-1.8021825595723433,0.1010013177582797,-1.3360967120628031,0.0
6,38,51,-0.954948255055392,0.38242023302573525,-1.704491911785833,-0.20540459832495095,-1.3373684880811272,0.0
82,45,48,-1.0922691847417079,0.2500086313854867,-1.5822861022572616,-0.602252267226154,-1.3422778161271944,0.0
111,6,20,-0.793414524622943,0.5521714654073252,-1.8756705968213003,0.28884154757541436,-1.3455859900302682,0.0
60,6,51,-1.0950016233191884,0.2523071203518582,-1.5895235792088305,-0.6004796674295463,-1.3473087436710465,0.0
60,70,57,-1.0677173501494706,0.281536275639214,-1.61952845040233,-0.515906249896611,-1.3492536257886845,0.0
43,45,15,-0.9249659329104789,0.4252510790260789,-1.7584580478015934,-0.09147381801936427,-1.3502170119365577,0.0
117,24,54,-0.9993367841809029,0.35727420320389364,-1.6995942224605343,-0.2990793459012714,-1.3566109873847965,0.0
117,24,48,-0.9669315166297361,0.39074218020486295,-1.7327861898312675,-0.20107684342820475,-1.357673696834599,0.0
6,70,25,-0.8498442339356208,0.5092630685435328,-1.847999848280945,0.14831138040970337,-1.3591073024791536,0.0
99,43,42,-1.0172291208355917,0.3438774968449131,-1.6912290146516213,-0.34322922701956204,-1.361106617680505,0.0
60,24,26,-0.9449632573272855,0.4203993714217342,-1.7689460253138845,-0.12098048934068639,-1.3653626287490197,0.0
68,82,28,-1.094317155333856,0.2752018088682737,-1.6337127007156724,-0.5549216099520395,-1.3695189642021297,0.0
64,43,0,-0.8116288107155414,0.5589666466778821,-1.9072034382041902,0.2839458167731075,-1.3705954573934234,0.0
36,64,4,-0.8266557511033671,0.5507905426758769,-1.906205214748086,0.2528937125413516,-1.377446293779244,0.0
82,45,33,-1.1313364898655183,0.24630780510878353,-1.614099787878734,-0.6485731918523026,-1.3776442949743017,0.0
64,43,21,-0.6757289321908522,0.7035046092775427,-2.0545979663748355,0.7031401019931314,-1.3792335414683947,0.0
38,70,46,-0.710706182197615,0.6717662941512822,-2.0273681187341284,0.605955754338898,-1.3824724763488971,0.0
68,43,48,-0.9274774928478944,0.45726220099036896,-1.8237114067890174,-0.031243578906771208,-1.3847396938382635,0.0
68,45,35,-1.0983939393506887,0.2899038440827577,-1.666605473752894,-0.5301824049484837,-1.3882977834334465,0.0
70,82,42,-1.0517474245712393,0.33754917546821495,-1.7133438084889405,-0.390151040653538,-1.3892966000394542,0.0
38,43,46,-0.9169600892383479,0.472650609657808,-1.8433552841676515,0.009435105690955736,-1.3896106988961558,0.0
70,43,5,-0.9935346307246142,0.40128681483678896,-1.7800567878047207,-0.20701247364450792,-1.3948214455614032,0.0
99,68,40,-1.0713855277308058,0.3273943365871553,-1.71307842744163,-0.4296926280199814,-1.398779864317961,0.0
36,68,58,-1.0559815791374823,0.3478851694616121,-1.737836511282242,-0.3741266469927226,-1.4038667485990943,0.0
68,99,37,-1.1409182490898573,0.26480642171986896,-1.6599388356608005,-0.6218976625189141,-1.4057246708097262,0.0
38,70,4,-0.8181225939064121,0.590215877396301,-1.974945713603162,0.33870052579033794,-1.408338471302713,0.0
36,64,9,-0.9729133071046941,0.43606377568609844,-1.827598307449447,-0.11822830675994123,-1.4089770827907926,0.0
117,68,5,-1.07196577201318,0.3441278347753324,-1.7464563281728316,-0.39747521585352863,-1.4160936067885124,0.0
111,32,33,-1.0641694225251492,0.3535554176903555,-1.757138041198246,-0.37120080385205256,-1.4177248402155047,0.0
36,45,33,-1.049172199017373,0.36952782566715126,-1.7734467373249894,-0.32489766070975656,-1.4187000246845243,0.0
82,24,41,-1.0325101750368124,0.3903524058947337,-1.7976008905904903,-0.2674194594831344,-1.422862580931546,0.0
104,60,40,-0.9781117166446478,0.44741643258323327,-1.8550479245077849,-0.1011755087815106,-1.425528149227881,0.0
99,24,3,-1.1018821250051876,0.3243598188975401,-1.737627370044366,-0.46613687996600894,-1.4262419439027276,0.0
104,80,15,-1.0446069446162034,0.3844008340896421,-1.7980325794319019,-0.29118130980050494,-1.4290077787058455,0.0
111,24,24,-1.1726446767411902,0.2583514283485613,-1.6790134763043705,-0.6662758771780101,-1.4309961050897515,0.0
104,70,1,-1.1572496625917346,0.2758250366596825,-1.6978667344447123,-0.6166325907387569,-1.4330746992514172,0.0
36,68,11,-1.1614767838294464,0.27468955459511,-1.699868310835862,-0.6230852568230307,-1.4361663384245564,0.0
36,70,31,-0.9017574982770254,0.540343881937863,-1.9608315068752367,0.15731651032118588,-1.4421013802148885,0.0
111,68,33,-1.163974648796826,0.27945597174667314,-1.7117083534203055,-0.6162409441733467,-1.4434306205434992,0.0
80,43,31,-1.1551968520317668,0.2981716360679219,-1.7396132587248938,-0.5707804453386399,-1.4533684880996887,0.0
111,60,48,-1.0586734559903181,0.3984432992808784,-1.8396223225808397,-0.2777245893997965,-1.4571167552711966,0.0
36,32,25,-1.163238382464038,0.29400788730263927,-1.739493841577211,-0.586982923350865,-1.4572462697666773,0.0
6,36,38,-0.7642150850972065,0.6932340779139489,-2.122953877808546,0.5945237076141332,-1.4574491630111552,0.0
36,24,23,-1.0528779151421686,0.40665063812381047,-1.849913165864837,-0.2558426644195001,-1.459528553265979,0.0
6,43,1,-1.0491213749297619,0.41274497406564603,-1.8581015240984282,-0.24014122576109564,-1.4618663489954078,0.0
104,60,28,-1.0462194670507818,0.41645646624719,-1.8624741408952743,-0.22996479320628938,-1.4626759332979717,0.0
38,43,39,-0.7785983385984239,0.68726740714879,-2.125642456610052,0.5684457794132045,-1.4658657457472137,0.0
68,82,34,-1.1871625458351214,0.2866304581327697,-1.7489582437753501,-0.6253668478948927,-1.473793003967891,0.0
60,6,13,-1.1500274643252673,0.3253760886885275,-1.7877645981547812,-0.5122903304957533,-1.4754035530137948,0.0
45,6,40,-1.044047104729824,0.4395128899169243,-1.9054923689669958,-0.1826018404926525,-1.4835599946467484,0.0
60,68,17,-1.1875070822239329,0.298105620735811,-1.7717940988661223,-0.6032200655817433,-1.485612702959744,0.0
82,45,5,-1.2296306706140148,0.25834428397334464,-1.7359854672017703,-0.7232758740262593,-1.4879749545873593,0.0
36,43,1,-1.0715069964085833,0.4186728613283098,-1.8921058046120705,-0.2509081882050961,-1.490179857736893,0.0
45,6,33,-1.074579903234577,0.42013511791757147,-1.8980447343530171,-0.25111507211613704,-1.4947150211521485,0.0
32,24,16,-1.0442306121806162,0.45186546037785885,-1.9298869145212194,-0.15857430984001286,-1.496096072558475,0.0
80,43,22,-1.220057601644129,0.27621023950867885,-1.7614296710811395,-0.6786855322071184,-1.4962678411528079,0.0
38,45,1,-1.0773118844931184,0.41906744084021624,-1.8986840685399422,-0.25593970044629466,-1.4963793253333346,0.0
36,6,18,-0.8537606204751269,0.6440054869303751,-2.1160113748586618,0.40849013390840816,-1.497766107405502,0.0
6,36,9,-0.7940967694365828,0.7071102007851572,-2.1800327629754905,0.5918392241023251,-1.50120697022174,0.0
117,68,20,-1.2099373850445847,0.29220356531472164,-1.782656373061439,-0.6372183970277303,-1.5021409503593064,0.0
99,6,43,-0.9880162808115125,0.5177501092189729,-2.0028064948806996,0.02677393325767441,-1.5057663900304854,0.0
111,24,47,-1.2962004102412261,0.21562654323399302,-1.7188284349798524,-0.8735723855025999,-1.5118269534752191,0.0
6,82,1,-0.9598235972184297,0.5522421993215577,-2.0422183078886826,0.12257111345182348,-1.5120657965399875,0.0
38,45,38,-1.1103826955941651,0.40320060019973075,-1.9006558719856375,-0.3201095192026929,-1.513583295793896,0.0
64,6,11,-1.1899358089517396,0.3251111110555363,-1.8271535866205908,-0.5527180312828884,-1.5150469200072758,0.0
99,82,52,-1.1775283147740385,0.33909780466697703,-1.8421600119213135,-0.5128966176267635,-1.5166261194410156,0.0
43,6,50,-1.1554471774611177,0.3653510683549007,-1.871535271436723,-0.43935908348551234,-1.5207982458160183,0.0
36,43,46,-1.1285600007009944,0.396724657581242,-1.9061403295602286,-0.35097967184176015,-1.5252846582822364,0.0
60,82,38,-1.3298601436614836,0.19989119134010344,-1.7216468786880863,-0.938073408634881,-1.529751335001587,0.0
99,70,34,-1.2753817695177896,0.25759607445789323,-1.7802700754552603,-0.7704934635803189,-1.532977843975683,0.0
64,99,2,-1.035742189539996,0.5009763398399405,-2.0176558156262794,-0.053828563453712674,-1.5367185293799366,0.0
111,64,20,-0.79352056831627,0.76329296953283,-2.289574788600617,0.7025336519680767,-1.5568135378491,0.0
60,68,58,-1.355199499494407,0.20356889840203066,-1.754194540362387,-0.9562044586264269,-1.5587683978964377,0.0
70,82,8,-1.0789902779188456,0.48085125305523874,-2.0214587339071137,-0.1365218219305777,-1.5598415309740843,0.0
70,6,7,-0.9342412950703665,0.6281594711445715,-2.1654338585137265,0.29695126837299357,-1.562400766214938,0.0
38,6,6,-1.1150691277852531,0.4491762983990745,-1.9954546726474391,-0.23468358292306712,-1.5642454261843277,0.0
36,64,45,-1.085044774706656,0.48540994883410016,-2.0364482744214922,-0.13364127499181977,-1.5704547235407562,0.0
70,82,25,-1.210814283195667,0.35991267575063185,-1.9162431276669054,-0.5053854387244285,-1.5707269589462989,0.0
32,45,9,-1.0087164204617785,0.5631843774042798,-2.1125578001741667,0.09512495925061004,-1.5719007978660584,0.0
70,24,30,-1.003981736588536,0.5698328036414608,-2.1208540317257993,0.1128905585487272,-1.5738145402299968,0.0
99,6,12,-1.2219522736825015,0.3593733875471439,-1.9263241132749034,-0.5175804340900995,-1.5813256612296454,0.0
82,45,57,-1.3471529051046902,0.23934074859232016,-1.8162607723456377,-0.8780450378637428,-1.5864936536970105,0.0
64,60,12,-1.2906130362282346,0.3005938383855269,-1.8797769594638674,-0.7014491129926019,-1.5912068746137615,0.0
70,82,15,-1.243643420296947,0.35175735497855987,-1.9330878360549244,-0.5541990045389698,-1.595400775275507,0.0
6,45,31,-1.094872595629592,0.5050869439631037,-2.0848430057972753,-0.10490218546190866,-1.5999595395926955,0.0
6,64,4,-1.0584236492937886,0.5433654041833936,-2.12341984149324,0.0065725429056628926,-1.6017890534771824,0.0
38,68,39,-1.0340047299279316,0.5786263030533205,-2.16811228391244,0.10010282405657667,-1.612631032981252,0.0
80,24,25,-1.1206061225947543,0.49587728076242704,-2.0925255928891113,-0.14868665230039735,-1.6164834033571813,0.0
80,24,33,-1.2525458088339152,0.364192185375919,-1.9663624921707163,-0.5387291254971139,-1.616737994209834,0.0
60,99,37,-1.2731727886670008,0.3507932585377075,-1.9607275754009075,-0.5856180019330941,-1.6239660472047084,0.0
111,60,21,-1.2130400986179808,0.4127510757544685,-2.022032207096739,-0.40404799013922255,-1.6257911743724494,0.0
6,104,9,-1.3244491129608107,0.3051237171840438,-1.9224915986415365,-0.7264066272800849,-1.6295728301448544,0.0
111,38,51,-1.1663921147923921,0.47000595366334363,-2.0876037839725456,-0.24518044561223862,-1.6363980684557358,0.0
80,43,38,-1.3596104471984376,0.2782858285179349,-1.90505067109359,-0.8141702233032853,-1.6378962757163724,0.0
82,24,58,-1.3497980204715596,0.3031745771981197,-1.9440201917798743,-0.755575849163245,-1.6529725976696792,0.0
68,82,18,-1.2213822935007126,0.4317743080865175,-2.067659937350287,-0.3751046496511383,-1.65315660158723,0.0
60,43,42,-1.3278213847716351,0.33034503765361617,-1.9752976585727229,-0.6803451109705475,-1.6581664224252513,0.0
104,82,3,-1.192972082532461,0.46544832824546273,-2.1052508058935677,-0.2806933591713541,-1.6584204107779237,0.0
36,82,13,-1.2863238708960567,0.3868723297110939,-2.044593637129801,-0.5280541046623126,-1.6731962006071506,0.0
117,68,43,-1.241988968090545,0.4352952886026545,-2.095167733751748,-0.38881020242934217,-1.6772842566931994,0.0
60,82,58,-1.4491381253632314,0.23298610038850787,-1.9057908821247067,-0.992485368601756,-1.6821242257517393,0.0
38,60,51,-1.255889910297664,0.42639304353998514,-2.0916202756360347,-0.4201595449592931,-1.6822829538376491,0.0
36,45,43,-1.088928443502441,0.595347636861684,-2.2558098117513414,0.07795292474645965,-1.6842760803641248,0.0
38,99,27,-1.1335998364464228,0.5568647098304249,-2.2250546677140557,-0.04214500517878994,-1.6904645462768477,0.0
68,75,33,-1.3810088816728727,0.31187657236357635,-1.9922869635054825,-0.769730799840263,-1.692885454036449,0.0
38,70,5,-1.1204653005074556,0.5731987250298614,-2.2439348015659837,0.0030042005510726444,-1.693664025537317,0.0
64,32,7,-1.2422553839571597,0.4524767091968644,-2.129109733983014,-0.3554010339313055,-1.6947320931540242,0.0
99,70,54,-1.330228951023074,0.36591558634212024,-2.04742350025363,-0.6130344017925183,-1.6961445373651942,0.0
68,82,56,-1.3960919742234619,0.31213683406624854,-2.0078801689933092,-0.7843037794536147,-1.7082288082897104,0.0
82,6,50,-1.2469270030220025,0.4627527820710999,-2.153922455881358,-0.33993155016264676,-1.7096797850931025,0.0
36,43,23,-1.3496176658715813,0.3645598562430671,-2.0641549841079927,-0.6350803476351699,-1.7141775221146482,0.0
6,82,50,-1.247022968159605,0.4745273337323222,-2.1770965422749566,-0.3169493940442535,-1.7215503018919271,0.0
70,43,6,-1.3445733686872232,0.38060431431559577,-2.0905578247457908,-0.5985889126286555,-1.725177683002819,0.0
32,24,2,-1.1742123782816147,0.5540210180978867,-2.2600935737534726,-0.08833118280975683,-1.7282333963795016,0.0
64,6,45,-1.2678178457286804,0.4620869106781786,-2.1735081906579103,-0.36212750079945033,-1.729904756406859,0.0
6,43,23,-1.3790073245003893,0.3577647100758174,-2.080226156248991,-0.6777884927517872,-1.7367720345762068,0.0
6,43,47,-1.3765770489046882,0.36809669498507874,-2.0980465710754426,-0.6551075267339339,-1.744673743889767,0.0
64,6,38,-1.1910947045565718,0.5589788170057249,-2.286693185887793,-0.0954962232253509,-1.750073521562297,0.0
6,68,15,-1.3623102970502206,0.389047185773725,-2.1248427811667217,-0.5997778129337196,-1.7513574828239455,0.0
60,80,13,-1.2276606847927762,0.5237098538739581,-2.254131998385734,-0.2011893711998185,-1.7513705386667344,0.0
99,6,5,-1.3257735409168907,0.4270351188681773,-2.162762373898518,-0.4887847079352632,-1.752808659785068,0.0
64,6,56,-1.326502924605077,0.4296560624876954,-2.16862880708096,-0.4843770421291941,-1.7561589870927725,0.0
38,36,13,-1.2756811072437624,0.48068695737576544,-2.2178275437002624,-0.3335346707872622,-1.7563680646195279,0.0
6,24,14,-1.2362744686436045,0.5432019775386092,-2.3009503446192783,-0.17159859266793043,-1.7794764461822137,0.0
36,24,3,-1.3777918789272188,0.4028962693951155,-2.167468566941645,-0.5881151909127924,-1.7806881483223342,0.0
64,60,31,-1.5641469601607363,0.2303144786642727,-2.015563338342711,-1.1127305819787618,-1.794461438825009,0.0
82,6,17,-1.256700508008397,0.5549417711397959,-2.344386379442397,-0.16901463657439697,-1.811642279148193,0.0
68,6,15,-1.4219872389655692,0.4043580748612348,-2.2145290656935894,-0.629445412237549,-1.826345313826804,0.0
36,45,12,-1.340570221490445,0.492154233901179,-2.305192519936756,-0.37594792304413405,-1.832724455391624,0.0
32,45,24,-1.11155527302831,0.7277506699552714,-2.5379465861406416,0.3148360400840218,-1.8393059429835814,0.0
64,32,25,-1.4867620548632052,0.35419703906682515,-2.1809882514341825,-0.792535858292228,-1.8409590939300304,0.0
36,70,19,-1.2766094145705076,0.5643558588969967,-2.3827468980086213,-0.17047193113239412,-1.8409652734675044,0.0
64,68,14,-1.3623343490833226,0.4871563408382953,-2.3171607771263814,-0.4075079210402639,-1.849490689921618,0.0
82,6,13,-1.4285915562851716,0.42372230921483833,-2.259087282346255,-0.5980958302240885,-1.85231386550001,0.0
64,82,8,-1.5135830037284685,0.3412404076059381,-2.182414202636107,-0.8447518048208299,-1.8548234113344066,0.0
117,24,31,-1.4532659419273555,0.401826181026643,-2.2408452567395756,-0.6656866271151352,-1.8550921229539985,0.0
80,43,13,-1.1126193370730946,0.7443036113401849,-2.571454415299857,0.3462157411536677,-1.8569229484132794,0.0
38,99,33,-1.3726795770265419,0.48443022508858236,-2.3221628182001632,-0.4231963358529205,-1.8571098021151242,0.0
99,68,9,-1.5503502470323272,0.3069234402064522,-2.1519201898369733,-0.9487803042276809,-1.8572736872387794,0.0
104,60,38,-1.3061188107223674,0.5518928040334807,-2.3878287066279897,-0.2244089148167452,-1.858011614755848,0.0
111,99,51,-1.1991731217089203,0.6659232865406253,-2.504382763328546,0.10603651991070517,-1.8650964082495456,0.0
111,82,55,-1.4798300871489036,0.38823807114113507,-2.240776706585528,-0.718883467712279,-1.8680681582900387,0.0
111,24,39,-1.4974688236730707,0.3718184253886734,-2.2262329374348706,-0.7687047099112708,-1.869287249061744,0.0
64,32,33,-1.4641272626011865,0.4099406290952148,-2.2676108956278074,-0.6606436295745656,-1.8740678916964013,0.0
104,82,23,-1.5602949441669671,0.31404663056560245,-2.175826340075548,-0.9447635482583864,-1.8743415747325696,0.0
68,82,27,-1.5496827651169556,0.3264595417843232,-2.189543467014229,-0.9098220632196822,-1.8761423069012788,0.0
36,68,57,-1.5178267006328476,0.35975594774249214,-2.222948358208132,-0.8127050430575631,-1.8775826483753397,0.0
36,104,53,-1.5051992487518198,0.380017294164138,-2.2500331453135303,-0.7603653521901094,-1.8852165429159577,0.0
6,82,47,-1.3945393104505133,0.49306702739222036,-2.360950684139265,-0.4281279367617614,-1.8876063378427337,0.0
64,68,9,-1.4734860312212226,0.41458156397917445,-2.2860658966204044,-0.6609061658220406,-1.888067595200397,0.0
68,70,39,-1.3633981792014886,0.5290666993037304,-2.4003689098368,-0.3264274485661771,-1.8924648785052192,0.0
117,24,52,-1.5220716125655547,0.3706340527669538,-2.2485143559887844,-0.7956288691423252,-1.8927056653325085,0.0
70,82,12,-1.4714492509335477,0.4222927720272149,-2.299143084106889,-0.6437554177602066,-1.8937420229607627,0.0
104,82,12,-1.3345499359141508,0.5630443476505056,-2.438116857309142,-0.2309830145191598,-1.8975942835646564,0.0
36,45,20,-1.4008581726224594,0.5025497579783924,-2.3858556982601087,-0.4158606469848103,-1.9034079306008518,0.0
104,6,53,-1.552088614603306,0.3544252029368909,-2.246762012359612,-0.8574152168469998,-1.9065138175401968,0.0
111,60,57,-1.413908114223208,0.4971413362380409,-2.388305133249768,-0.43951109519664777,-1.911049450461249,0.0
64,6,3,-1.45523480584565,0.4568963302455877,-2.350751613127002,-0.559717998564298,-1.9121311360912376,0.0
43,6,22,-1.432553339847298,0.48024585905420525,-2.3738352235935403,-0.4912714561010558,-1.9127991989015034,0.0
68,45,15,-1.6096703214005683,0.3077121503921459,-2.212786136169174,-1.0065545066319623,-1.9173824717927141,0.0
60,99,40,-1.5209351761968124,0.39692818064544627,-2.298914410261887,-0.7429559421317378,-1.9178633568422587,0.0
36,104,50,-1.5523207512605846,0.37376779468704197,-2.284905628847187,-0.8197358736739823,-1.9260885459476265,0.0
6,36,57,-1.144399515989912,0.7887752344786553,-2.690398975568076,0.40159994358825224,-1.9331747504685675,0.0
64,82,40,-1.699587534085209,0.24096978046430484,-2.1718883037952463,-1.2272867643751715,-1.9405573145495136,0.0
64,99,15,-1.3505238391137215,0.5906496684986372,-2.5081971893710504,-0.19285048885639267,-1.9411735076123589,0.0
117,24,38,-1.606952703117002,0.33962577565518215,-2.2726192234011586,-0.9412861828328449,-1.946578478772184,0.0
99,68,30,-1.5833905445018657,0.36589467473109216,-2.3005441069748063,-0.8662369820289251,-1.9492852192329577,0.0
6,24,34,-1.6286299040559322,0.32308697834138933,-2.2618803816050552,-0.9953794265068091,-1.9517168823973217,0.0
82,45,7,-1.613365670851107,0.35708216189301006,-2.3132467081614068,-0.9134846335408073,-1.970447832744117,0.0
6,68,8,-1.6245057021685039,0.3475632619452406,-2.3057296955811752,-0.9432817087558323,-1.9720689641137445,0.0
6,36,42,-1.2516546526164547,0.7209534857600566,-2.6647234847061654,0.1614141794732562,-1.9726081383765113,0.0
6,43,26,-1.4706027240923236,0.507113262826587,-2.464544719232434,-0.4766607289522131,-1.9777159869189105,0.0
68,82,17,-1.6073587958187494,0.3751867111931503,-2.342724749757324,-0.8719928418801749,-1.9825455070118996,0.0
6,43,11,-1.5547234215603714,0.4287522702774251,-2.3950778713041245,-0.7143689718166182,-1.9834756918377965,0.0
60,68,15,-1.6867863752904766,0.29801912712775325,-2.2709038644608732,-1.1026688861200802,-1.9848055024182298,0.0
70,24,24,-1.4612928882186547,0.531317349268007,-2.5026748927839484,-0.41991088365336093,-1.9926102374866617,0.0
24,6,34,-1.6304415899201439,0.3686603487535215,-2.353015873477046,-0.9078673063632418,-1.9991019386736655,0.0
38,70,44,-1.4731152217453358,0.5317196880147776,-2.5152858102543,-0.43094463323637155,-2.0048349097601132,0.0
104,70,56,-1.6205334196560652,0.38462452822156995,-2.374397494970342,-0.8666693443417881,-2.005157947877635,0.0
36,43,11,-1.5548564904029087,0.45435103093788565,-2.4453845110411647,-0.6643284697646529,-2.0092075213407945,0.0
99,82,48,-1.6707577767566633,0.3468445943727122,-2.350573181727179,-0.9909423717861474,-2.0176023711293753,0.0
68,6,8,-1.6626134084248803,0.35623488691608896,-2.3608337867804146,-0.964393030069346,-2.018848295340969,0.0
64,43,57,-1.563257357426714,0.4622328098705938,-2.4692336647730775,-0.6572810500803501,-2.0254901672973076,0.0
70,6,19,-1.4662440892874307,0.561890500810059,-2.5675494708751465,-0.36493870769971504,-2.0281345900974896,0.0
36,64,19,-1.3932750160795722,0.6382819062090969,-2.644307552249402,-0.14224247990974237,-2.031556922288669,0.0
68,82,37,-1.731821245185974,0.30267760231516005,-2.325069345723688,-1.1385731446482603,-2.0344988475011343,0.0
82,6,46,-1.5324089452138638,0.5188623850948343,-2.549379219999739,-0.5154386704279887,-2.051271330308698,0.0
32,24,10,-1.5059450662194271,0.5455495374939789,-2.575222159707626,-0.43666797273122837,-2.0514946037134063,0.0
117,99,20,-1.456448609968547,0.5985445326347965,-2.629595893932748,-0.283301326004346,-2.0549931426033434,0.0
36,70,12,-1.5600242904166446,0.49620898473951536,-2.532593900506095,-0.5874546803271945,-2.05623327515616,0.0
6,6,5,-1.3834943374521158,0.6798661776221226,-2.716032045591476,-0.050956629312755464,-2.0633605150742387,0.0
68,6,18,-1.6734609187400815,0.3899727174753529,-2.437807444991773,-0.9091143924883899,-2.0634336362154344,0.0
6,68,4,-1.6582501995617893,0.40892540455013554,-2.459743992480055,-0.8567564066435237,-2.0671756041119247,0.0
6,70,39,-1.5249504735682693,0.5422537487315794,-2.587767821082165,-0.46213312605437373,-2.0672042222998486,0.0
117,24,5,-1.6783944578603827,0.4010677347461585,-2.464487217962853,-0.892301697757912,-2.0794621926065413,0.0
36,68,10,-1.5690042980105514,0.5140379838253233,-2.576518746308185,-0.5614898497129177,-2.0830422818358745,0.0
36,64,18,-1.6160520611255873,0.47027112632446,-2.537783468721529,-0.6943206535296457,-2.086323187450047,0.0
6,24,1,-1.6579767933726512,0.42937656007075037,-2.4995548511113217,-0.8163987356339806,-2.0873533534434014,0.0
64,68,1,-1.7141961002979615,0.37434710055419784,-2.447916417384189,-0.9804757832117338,-2.0885432008521594,0.0
6,24,46,-1.6153021337605848,0.48068076227578116,-2.557436427821116,-0.6731678397000538,-2.0959828960363662,0.0
104,60,52,-1.6623320735460163,0.43929558113396616,-2.52335141256859,-0.8013127345234426,-2.1016276546799824,0.0
68,45,33,-1.7889704488141085,0.31335642425492505,-2.4031490403537616,-1.1747918572744553,-2.1023268730690337,0.0
6,45,48,-1.5739066774861141,0.5304385189368029,-2.613566174602248,-0.5342471803699804,-2.104345196422917,0.0
64,60,42,-1.8363585718481306,0.2714353693512776,-2.368371895776635,-1.3043452479196265,-2.107793941199408,0.0
99,32,20,-1.566133371616319,0.5527335377743823,-2.6494911056541084,-0.4827756375785297,-2.118866909390701,0.0
36,43,58,-1.6535014038263058,0.4695401421812089,-2.5738000825014753,-0.7332027251511365,-2.1230415460075145,0.0
104,70,7,-1.7786372527790475,0.34476574527721754,-2.454378113522394,-1.1028963920357011,-2.123402998056265,0.0
104,82,42,-1.610051272475077,0.5152228039525902,-2.619887968222154,-0.6002145767280003,-2.1252740764276674,0.0
24,6,41,-1.7094697313268594,0.41992390616323694,-2.532520587406804,-0.886418875246915,-2.1293936374900966,0.0
36,70,39,-1.6019210125574523,0.5333416608918052,-2.6472706679053903,-0.5565713572095141,-2.1352626734492577,0.0
24,6,46,-1.7192152107313512,0.42320411850695644,-2.548695283004986,-0.8897351384577166,-2.1424193292383076,0.0
60,68,57,-1.8238943004001342,0.31966879458709474,-2.45044513779084,-1.1973434630094286,-2.143563094987229,0.0
6,70,12,-1.6556056945327098,0.4882093955728859,-2.612496109855566,-0.6987152792098534,-2.143815090105596,0.0
80,43,5,-1.8147729233154353,0.3298598559764425,-2.4612982410292625,-1.168247605601608,-2.144632779291878,0.0
60,24,35,-1.6883287186532046,0.45749469719042835,-2.5850183251464443,-0.791639112159965,-2.145823415843633,0.0
99,24,31,-1.7911081897238839,0.3550099095166899,-2.486927612376596,-1.0952887670711715,-2.146118099240574,0.0
38,64,52,-1.5916448626888369,0.5570952433955717,-2.6835515397441574,-0.49973818563351635,-2.1487401060844085,0.0
68,45,38,-1.805198131716005,0.34584700056276746,-2.4830582528190295,-1.127338010612981,-2.1510451322787727,0.0
82,43,31,-1.8287278055909288,0.329752481953302,-2.4750426702194006,-1.182412940962457,-2.158480287544231,0.0
6,6,49,-1.44097041888722,0.7241782015369485,-2.860359693899639,-0.021581143874801256,-2.1651486204241683,0.0
60,24,3,-1.7658040779661504,0.40126294101879617,-2.552279442362991,-0.9793287135693098,-2.1670670189849464,0.0
6,43,58,-1.7799515650378512,0.39631978902521,-2.5567383515272626,-1.0031647785484397,-2.1762713540630614,0.0
82,24,24,-1.8027927479651735,0.38060733067947417,-2.548783116096943,-1.056802379833404,-2.183400078644648,0.0
99,68,31,-1.789680701724886,0.4007075302067016,-2.575067460930021,-1.0042939425197508,-2.1903882319315873,0.0
43,6,14,-1.7200726488810005,0.4703572636423865,-2.641972885620078,-0.798172412141923,-2.190429912523387,0.0
82,45,12,-1.773839704955011,0.4198806724843217,-2.5968058230242814,-0.9508735868857404,-2.1937203774393326,0.0
6,43,14,-1.721508899897141,0.47792237059689757,-2.65823674626706,-0.7847810535272218,-2.1994312704940384,0.0
68,6,55,-1.8520256992371573,0.35762521493153326,-2.5529711205029626,-1.151080277971352,-2.2096509141686904,0.0
82,43,25,-1.704323567462006,0.5062155260060609,-2.6965059984338855,-0.7121411364901268,-2.210539093468067,0.0
99,70,15,-1.7795659564452526,0.43609024846315114,-2.634302843433029,-0.9248290694574763,-2.2156562049084036,0.0
6,24,9,-1.8183075897222365,0.40362051990820347,-2.6094038087423153,-1.0272113707021577,-2.22192810963044,0.0
64,68,3,-1.878965076657254,0.3462020219996921,-2.557521039776651,-1.2004091135378576,-2.225167098656946,0.0
70,75,57,-1.660169024795124,0.5699308746397012,-2.777233539088938,-0.5431045105013097,-2.2300998994348253,0.0
99,68,27,-1.712634837115324,0.5179882874512765,-2.7278918805198256,-0.6973777937108221,-2.2306231245666,0.0
36,24,47,-1.8549665208744457,0.3762442287283155,-2.592405209181944,-1.1175278325669473,-2.231210749602761,0.0
32,45,29,-1.5640727753398798,0.6753719160352939,-2.8878017307690556,-0.24034381991070375,-2.2394446913751738,0.0
36,6,11,-1.6499376828428391,0.6012309311096874,-2.8283503078178267,-0.4715250578678518,-2.2511686139525264,0.0
64,82,21,-1.7907544542304938,0.4631851746397576,-2.698597396524419,-0.8829115119365689,-2.2539396288702513,0.0
64,82,56,-1.8372935546087101,0.42391715847260053,-2.668171185215007,-1.006415924002413,-2.2612107130813106,0.0
68,82,2,-1.8512001415715853,0.4113279571843113,-2.6574029376528356,-1.0449973454903352,-2.2625280987558964,0.0
82,43,55,-1.8658258941145998,0.40098777386370854,-2.6517619308874685,-1.079889857341731,-2.266813667978308,0.0
36,68,24,-1.993509541702484,0.2777393723380865,-2.5378787114851336,-1.4491403719198344,-2.2712489140405703,0.0
68,45,31,-1.936395662948707,0.3354127881693934,-2.593804727760718,-1.278986598136696,-2.2718084511181003,0.0
104,6,13,-1.8840303920506298,0.3878569045124978,-2.6442299248951255,-1.1238308592061341,-2.271887296563128,0.0
68,24,11,-1.7754474676236296,0.5115264494207119,-2.778039308488225,-0.7728556267590343,-2.2869739170443415,0.0
64,43,6,-1.590008141718366,0.7027701724591879,-2.9674376797383744,-0.21257860369835768,-2.292778314177554,0.0
6,6,42,-1.5786710750628266,0.7408491988572603,-3.0307355048230566,-0.12660664530259647,-2.319520273920087,0.0
64,6,49,-1.8169017709411321,0.5137235433079634,-2.8237999158247407,-0.8100036260575239,-2.3306253142490956,0.0
99,70,42,-1.9143150969315061,0.41859469812176436,-2.734760705250164,-1.0938694886128482,-2.3329097950532707,0.0
68,6,54,-1.9419677233476056,0.3942872047656934,-2.7147706446883646,-1.1691648020068466,-2.336254928113299,0.0
64,24,41,-1.8917449018655772,0.4452529581607459,-2.7644406998606392,-1.0190491038705152,-2.3369978600263233,0.0
24,6,47,-1.9764075514356882,0.3616219486733291,-2.6851865708354135,-1.2676285320359633,-2.3380295001090174,0.0
70,82,7,-1.868120792444262,0.4706983151705429,-2.790689490178526,-0.9455520947099979,-2.338819107614805,0.0
32,24,25,-1.8415157828269981,0.5000071034448783,-2.8215297055789597,-0.8615018600750367,-2.3415228862718767,0.0
99,82,7,-1.8912751720008492,0.45174415598136225,-2.776693717724319,-1.0058566262773792,-2.3430193279822116,0.0
6,36,37,-1.5346003412772118,0.8128755747590464,-3.1278364678049426,0.058635785250519046,-2.347475916036258,0.0
70,24,52,-1.7494325851454076,0.6032380251530612,-2.9317791144454075,-0.5670860558454076,-2.352670610298469,0.0
6,6,40,-1.5953948551822206,0.7597188813124389,-3.084443862554601,-0.10634584780984024,-2.3551137364946593,0.0
60,24,53,-2.0088374194551593,0.34938861386028447,-2.693639102621317,-1.3240357362890016,-2.358226033315444,0.0
6,82,44,-1.9643001138684797,0.39698597571273214,-2.742392626265435,-1.1862076014715246,-2.361286089581212,0.0
32,24,39,-1.815017164860764,0.5517353114120995,-2.896418375228479,-0.733615954493049,-2.366752476272864,0.0
36,68,27,-2.048958557972288,0.3194916837177156,-2.675162258059011,-1.4227548578855655,-2.3684502416900037,0.0
64,68,17,-1.798254505463889,0.5753313100650088,-2.9259038731913063,-0.6706051377364717,-2.373585815528898,0.0
111,24,27,-1.986364987471192,0.3897235804638292,-2.7502232051802973,-1.2225067697620866,-2.376088567935021,0.0
99,68,10,-1.8758763504078688,0.5072405212332464,-2.8700677720250316,-0.8816849287907059,-2.383116871641115,0.0
32,24,38,-1.97339637153485,0.4099062150520734,-2.7768125530369137,-1.1699801900327862,-2.3833025865869235,0.0
82,43,4,-1.9975189084259728,0.3929291800542985,-2.767660101332398,-1.2273777155195478,-2.3904480884802712,0.0
82,6,26,-1.8731478789174272,0.5176106003618833,-2.8876646556267183,-0.8586311022081359,-2.3907584792793104,0.0
111,68,51,-1.8335497759947836,0.567338599757505,-2.945533431519493,-0.7215661204700738,-2.4008883757522885,0.0
64,24,50,-2.052063588277166,0.3509191361412734,-2.739865095114062,-1.3642620814402702,-2.4029827244184396,0.0
43,6,45,-1.9516321029778343,0.45368354712426845,-2.8408518553414,-1.0624123506142682,-2.4053156501021027,0.0
99,82,33,-2.062649790829516,0.3427015085920579,-2.7343447476699496,-1.3909548339890825,-2.4053512994215738,0.0
6,70,13,-1.8863103166874233,0.5373402748317974,-2.939497255357746,-0.8331233780171006,-2.4236505915192206,0.0
82,6,3,-2.003554153522701,0.42330096631376357,-2.8332240474976778,-1.1738842595477244,-2.4268551198364645,0.0
36,24,56,-2.028696812472593,0.4004130742773982,-2.8135064380562933,-1.2438871868888923,-2.429109886749991,0.0
6,36,4,-1.6591732599926523,0.7758386270239879,-3.1798169689596687,-0.13852955102563613,-2.43501188701664,0.0
111,24,10,-1.9508925382145506,0.48857217782065115,-2.9084940067430267,-0.9932910696860743,-2.439464716035202,0.0
82,24,12,-1.9721474648982051,0.4709738375660552,-2.895256186527673,-1.049038743268737,-2.4431213024642604,0.0
111,82,10,-2.047735022273961,0.411137757138218,-2.853565026264868,-1.241905018283054,-2.458872779412179,0.0
43,6,44,-2.0278976882978204,0.44194848300900513,-2.8941167149954703,-1.1616786616001704,-2.4698461713068256,0.0
68,82,13,-1.898677806752471,0.5715758838911809,-3.0189665391791856,-0.7783890743257564,-2.470253690643652,0.0
104,70,49,-2.1084891007030238,0.3642595693443265,-2.8224378566179036,-1.394540344788144,-2.47274867004735,0.0
6,64,55,-2.085051570023939,0.39606511449002046,-2.8613391944243793,-1.308763945623499,-2.4811166845139594,0.0
36,82,30,-2.1365335018610243,0.3533513362222961,-2.8291021208567244,-1.443964882865324,-2.4898848380833205,0.0
99,24,44,-2.1210139558874292,0.37051764786528696,-2.8472285457033917,-1.3947993660714668,-2.4915316037527164,0.0
117,99,51,-1.861540705046249,0.6350023674792451,-3.106145345305569,-0.6169360647869286,-2.496543072525494,0.0
36,68,48,-2.1769759834422096,0.3533376193536374,-2.869517717375339,-1.4844342495090803,-2.530313602795847,0.0
6,24,56,-2.0746101647910047,0.45856966238901825,-2.9734067030734805,-1.1758136265085288,-2.5331798271800228,0.0
104,70,57,-2.1466928637019724,0.3910090144957831,-2.913070532113707,-1.3803151952902375,-2.5377018781977556,0.0
64,68,40,-2.166399081482102,0.37141118903696935,-2.8943650119945623,-1.4384331509696422,-2.5378102705190715,0.0
6,36,10,-1.65879607232395,0.8866302625106551,-3.3965913868448343,0.07899924219693388,-2.5454263348346053,0.0
60,24,58,-2.199198684750368,0.34738939610681385,-2.880081901119723,-1.518315468381013,-2.5465880808571817,0.0
36,104,11,-2.1309688823703246,0.42305244058087205,-2.9601516659088336,-1.3017860988318155,-2.5540213229511965,0.0
36,43,34,-2.240945332647696,0.3228979171902159,-2.873825250340519,-1.608065414954873,-2.563843249837912,0.0
36,64,42,-2.188836165568292,0.38207555448981706,-2.9377042523683334,-1.4399680787682507,-2.5709117200581093,0.0
38,45,44,-1.9594151337440988,0.6134995758368096,-3.1618743023842457,-0.7569559651039521,-2.5729147095809086,0.0
32,45,47,-1.7963880511769417,0.7814423547855964,-3.3280150665567105,-0.2647610357971728,-2.577830405962538,0.0
38,45,39,-1.817700700014155,0.7701610269562905,-3.3272163128484844,-0.3081850871798255,-2.5878617269704454,0.0
6,68,5,-2.178968585590929,0.4102369509290072,-2.983033009411783,-1.3749041617700748,-2.5892055365199362,0.0
64,6,42,-2.1870812867310576,0.4058516312662396,-2.9825504840128874,-1.391612089449228,-2.592932917997297,0.0
36,68,19,-2.131549093366481,0.4614821558734151,-3.0360541188783747,-1.2270440678545873,-2.593031249239896,0.0
64,60,10,-2.214794296623267,0.395293353124194,-2.9895692687466875,-1.440019324499847,-2.610087649747461,0.0
82,6,30,-2.2359173290931293,0.37609948742401333,-2.9730723244441952,-1.4987623337420632,-2.6120168165171425,0.0
6,104,1,-2.1747816952791217,0.4508215203637995,-3.058391875192169,-1.2911715153660746,-2.625603215642921,0.0
104,82,45,-2.172946936908802,0.45673647757366065,-3.068150432953177,-1.2777434408644273,-2.6296834144824626,0.0
104,60,25,-2.233295218030919,0.41301256727091756,-3.0427998498819173,-1.4237905861799207,-2.6463077853018366,0.0
43,6,34,-2.3293204332898005,0.32062821699079863,-2.957751738591766,-1.700889127987835,-2.6499486502805993,0.0
60,99,57,-2.2052395910016087,0.44626480277284913,-3.079918604436393,-1.3305605775668243,-2.651504393774458,0.0
117,68,21,-2.1757666892486034,0.47689385425205316,-3.1104786435826277,-1.241054734914579,-2.6526605435006565,0.0
36,24,40,-2.208436738872483,0.45001776933736204,-3.0904715667737124,-1.3264019109712535,-2.658454508209845,0.0
64,43,10,-2.032420276069175,0.6262316296666,-3.259834270215711,-0.8050062819226393,-2.658651905735775,0.0
64,82,52,-2.2814006652060086,0.37830581132716584,-3.0228800554072537,-1.5399212750047635,-2.6597064765331746,0.0
36,82,38,-2.2113255771061606,0.45449295618765223,-3.102131771233959,-1.3205193829783624,-2.665818533293813,0.0
82,6,16,-2.1574748402457984,0.5164556685072113,-3.1697279505199325,-1.1452217299716643,-2.67393050875301,0.0
104,6,1,-2.1466258182042544,0.5342377639935296,-3.1937318356315725,-1.0995198007769362,-2.6808635821977838,0.0
60,24,44,-2.2643444798130004,0.42316905735901983,-3.0937558322366794,-1.4349331273893215,-2.6875135371720202,0.0
38,43,30,-1.9390759782987492,0.7508555172399434,-3.4107527920890384,-0.4673991645084603,-2.6899314955386924,0.0
38,45,52,-2.037756098872986,0.6593366028306649,-3.330055840421089,-0.7454563573248831,-2.6970927017036512,0.0
68,82,51,-2.304958474132674,0.4028847938343348,-3.09461267004797,-1.515304278217378,-2.707843267967009,0.0
38,64,5,-2.06552640580002,0.6480276112093866,-3.3356605237704176,-0.7953922878296225,-2.7135540170094066,0.0
36,82,14,-2.222340963111342,0.4912327905133746,-3.1851572325175566,-1.2595246937051279,-2.7135737536247166,0.0
36,82,16,-2.0663959692547116,0.6498805925512189,-3.3401619306551007,-0.7926300078543227,-2.7162765618059304,0.0
6,104,46,-2.2163460997873488,0.5086097943819131,-3.2132212967758984,-1.219470902798799,-2.7249558941692618,0.0
6,82,14,-2.203660685364381,0.5270915814732264,-3.2367601850519048,-1.1705611856768572,-2.7307522668376074,0.0
38,45,55,-2.150131077624047,0.5842303854930101,-3.295222633190347,-1.0050395220577475,-2.7343614631170574,0.0
60,68,51,-2.374944730499298,0.3753926680162036,-3.110714359811057,-1.639175101187539,-2.7503373985155015,0.0
104,70,16,-2.3409466010467908,0.41444849635136766,-3.1532656538954713,-1.5286275481981102,-2.7553950973981585,0.0
32,45,40,-2.11148834969466,0.6459645319292088,-3.3775788322759093,-0.8453978671134108,-2.757452881623869,0.0
6,82,16,-2.188689789624299,0.5693265161113282,-3.3045697612025022,-1.0728098180460957,-2.758016305735627,0.0
36,104,17,-2.264928076120478,0.5013137544313763,-3.247503034805976,-1.2823531174349807,-2.7662418305518544,0.0
68,24,42,-2.247630819897825,0.5272807030843002,-3.281100997943054,-1.2141606418525968,-2.7749115229821255,0.0
64,43,51,-2.154859703758965,0.6205845712391407,-3.371205463387681,-0.9385139441302492,-2.7754442749981054,0.0
43,45,20,-2.3034655826835375,0.4888889756937226,-3.261687975043234,-1.3452431903238413,-2.79235455837726,0.0
6,43,38,-2.3493632095727475,0.44303166457448584,-3.2177052721387396,-1.4810211470067554,-2.7923948741472335,0.0
82,24,48,-2.3855384586686528,0.40899681169654617,-3.187172209593883,-1.5839047077434223,-2.794535270365199,0.0
64,68,8,-2.3903758387442107,0.4053555977774474,-3.1848728103880077,-1.5958788671004138,-2.795731436521658,0.0
36,43,56,-2.278698471309585,0.5176764352327009,-3.293344284365679,-1.2640526582534912,-2.796374906542286,0.0
6,82,42,-2.4673181031836284,0.3292396905679451,-3.112627896696801,-1.822008309670456,-2.7965577937515738,0.0
82,6,27,-2.415656181211625,0.3949773350864516,-3.18981175798107,-1.64150060444218,-2.8106335162980765,0.0
64,6,30,-2.3845972356928646,0.43298413636008504,-3.2332461429586314,-1.5359483284270978,-2.81758137205295,0.0
6,43,41,-2.333342391651158,0.4859902370453445,-3.2858832562600333,-1.380801527042283,-2.8193326286965026,0.0
24,45,45,-2.4329763296626754,0.3938103300626618,-3.2048445765854927,-1.6611080827398583,-2.8267866597253373,0.0
99,82,6,-2.516146021319817,0.3126101954345353,-3.128862004371506,-1.903430038268128,-2.8287562167543525,0.0
24,45,32,-2.368712658632707,0.46884513728442123,-3.2876491277101727,-1.4497761895552412,-2.837557795917128,0.0
6,64,27,-2.343031347260158,0.5027998188960255,-3.3285189922963676,-1.3575437022239478,-2.8458311661561835,0.0
64,82,48,-2.465039991532438,0.39489706922479034,-3.239038247213027,-1.6910417358518488,-2.859937060757228,0.0
6,104,17,-2.323168772232535,0.5413973554956556,-3.3843075890040204,-1.2620299554610501,-2.8645661277281906,0.0
36,24,24,-2.4367303666756324,0.43059773030467896,-3.280701918072803,-1.5927588152784615,-2.8673280969803114,0.0
111,60,5,-2.423548495239953,0.4453857261981023,-3.2965045185882333,-1.5505924718916724,-2.8689342214380553,0.0
6,6,35,-2.095514867867089,0.7993738745066236,-3.662287661900071,-0.5287420738341069,-2.8948887423737126,0.0
70,43,20,-2.4046460128343483,0.49051917854592336,-3.366063602784358,-1.4432284228843386,-2.8951651913802716,0.0
68,24,1,-2.434843220471463,0.4695838853049958,-3.3552276356692547,-1.5144588052736716,-2.904427105776459,0.0
43,6,49,-2.5028663785484957,0.4055873388801029,-3.2978175627534974,-1.707915194343494,-2.9084537174285985,0.0
99,82,12,-2.505015546893094,0.41605343907624004,-3.3204802874825248,-1.6895508063036637,-2.921068985969334,0.0
99,68,57,-2.581726558904822,0.3409831450136757,-3.2500535231316263,-1.9133995946780178,-2.922709703918498,0.0
104,82,8,-2.349734569492958,0.5956671523686844,-3.5172421881355795,-1.1822269508503365,-2.9454017218616424,0.0
104,82,31,-2.4611904829192603,0.49086830696684636,-3.423292364574279,-1.4990886012642415,-2.952058789886107,0.0
111,24,55,-2.516079032729039,0.45212942155008845,-3.4022526989672124,-1.6299053664908656,-2.9682084542791274,0.0
43,6,42,-2.6201211013338606,0.35634646632448114,-3.3185601753298437,-1.9216820273378774,-2.9764675676583416,0.0
80,24,5,-2.4554653476304087,0.5331168007360438,-3.5003742770730546,-1.4105564181877628,-2.9885821483664525,0.0
99,24,13,-2.4146883740068104,0.574948951013818,-3.5415883179938934,-1.287788430019727,-2.9896373250206283,0.0
24,6,36,-2.442942558472005,0.5475701296598813,-3.516180012605372,-1.3697051043386377,-2.9905126881318864,0.0
68,82,48,-2.57548710477459,0.42888202826628363,-3.4160958801765062,-1.7348783293726742,-3.004369133040874,0.0
36,68,12,-2.614321754182498,0.3933452722146211,-3.3852784877231556,-1.8433650206418406,-3.0076670263971192,0.0
36,68,39,-2.597996941994252,0.41014862370834937,-3.401888244462617,-1.7941056395258874,-3.0081455657026015,0.0
36,24,38,-2.5726323676988594,0.4358428681708718,-3.426884389313768,-1.7183803460839506,-3.008475235869731,0.0
36,64,2,-2.5513467177837064,0.46046385833186754,-3.4538558801141668,-1.648837555453246,-3.011810576115574,0.0
82,6,8,-2.5412444062360446,0.48362268463948604,-3.4891448681294372,-1.593343944342652,-3.0248670908755306,0.0
68,24,24,-2.526021752456118,0.5000052228726505,-3.506031989286513,-1.546011515625723,-3.0260269753287683,0.0
36,64,15,-2.460256117881339,0.5695912103695183,-3.576654890205595,-1.3438573455570832,-3.0298473282508573,0.0
24,43,16,-2.36503879046598,0.6652963589709463,-3.669019654049035,-1.0610579268829252,-3.0303351494369264,0.0
68,82,15,-2.6854414065234185,0.3492187462242863,-3.3699101491230197,-2.0009726639238172,-3.034660152747705,0.0
60,68,21,-2.5929961877414227,0.4520506564296544,-3.4790154743435453,-1.7069769011393001,-3.045046844171077,0.0
24,43,45,-2.4483128537949863,0.6036036544014726,-3.6313760164218722,-1.2652496911681002,-3.051916508196459,0.0
104,45,50,-2.307432715335115,0.7454975698883596,-3.7686079523163,-0.8462574783539303,-3.0529302852234745,0.0
82,24,39,-2.344389383597011,0.7123249524690399,-3.7405462904363294,-0.9482324767576928,-3.056714336066051,0.0
104,6,6,-2.513280513628297,0.5436851289617862,-3.5789033663933982,-1.4476576608631961,-3.0569656425900833,0.0
104,68,58,-2.646557026531676,0.4261018679324593,-3.481716687679296,-1.8113973653840558,-3.0726588944641353,0.0
6,6,54,-2.3177438249614246,0.7621570689877706,-3.8115716801774546,-0.8239159697453944,-3.079900893949195,0.0
43,6,27,-2.6116261932026066,0.47361836831948945,-3.5399181951088057,-1.6833341912964073,-3.085244561522096,0.0
36,64,33,-2.6345004277132165,0.4740039161115517,-3.5635481032918577,-1.7054527521345753,-3.108504343824768,0.0
6,6,2,-2.229774570442427,0.8851971547102596,-3.9647609936745356,-0.49478814721031816,-3.1149717251526865,0.0
6,24,38,-2.599454830028083,0.5618333631883401,-3.7006482218772296,-1.4982614381789363,-3.161288193216423,0.0
43,6,40,-2.7278592652610962,0.4334758111877131,-3.577471855189014,-1.8782466753331786,-3.1613350764488093,0.0
99,43,20,-2.5691670069944217,0.5955649827133955,-3.736474373112677,-1.4018596408761665,-3.164731989707817,0.0
32,24,5,-2.6113001642212903,0.5635636715421102,-3.715884960443826,-1.5067153679987544,-3.1748638357634005,0.0
104,60,4,-2.667547798585069,0.520455958120673,-3.687641476501588,-1.64745412066855,-3.188003756705742,0.0
68,70,12,-2.6693658693210596,0.5543199096667887,-3.755832892267965,-1.5828988463741538,-3.223685778987848,0.0
36,104,28,-2.745406944165321,0.48353855858630107,-3.6931425189944713,-1.797671369336171,-3.228945502751622,0.0
64,6,33,-2.799561436152866,0.4501907939461841,-3.6819353922873868,-1.9171874800183453,-3.24975223009905,0.0
36,64,13,-2.549231330441219,0.7047180120067892,-3.930478633974526,-1.1679840269079123,-3.253949342448008,0.0
6,68,20,-2.748242600474416,0.5061783607983816,-3.740352187639244,-1.7561330133095878,-3.2544209612727975,0.0
6,36,31,-2.4611078279782412,0.8107034256627431,-4.050086542277217,-0.8721291136792648,-3.2718112536409842,0.0
36,24,48,-2.783741430224552,0.48820954720920123,-3.7406321427545866,-1.8268507176945175,-3.2719509774337534,0.0
36,43,57,-2.797676062317516,0.4771346347137674,-3.7328599463565,-1.862492178278532,-3.2748106970312834,0.0
82,24,21,-2.8126324059539294,0.47816654450651735,-3.749838833186703,-1.8754259787211554,-3.290798950460447,0.0
104,60,10,-2.6149250971438276,0.6765939321029949,-3.9410492040656973,-1.2888009902219577,-3.2915190292468224,0.0
70,99,33,-2.8068421847643523,0.48577556935753163,-3.7589623007051145,-1.8547220688235904,-3.292617754121884,0.0
99,70,33,-2.823335655221601,0.4917668505415502,-3.7871986822830395,-1.8594726281601628,-3.3151025057631514,0.0
6,82,40,-2.863805287929194,0.4763432455945551,-3.797438049294522,-1.930172526563866,-3.340148533523749,0.0
36,82,4,-2.779816581166953,0.5608216605952555,-3.879027035933654,-1.6806061264002523,-3.3406382417622087,0.0
64,82,19,-2.8117104978885994,0.5420175694494305,-3.874064934009483,-1.7493560617677157,-3.3537280673380296,0.0
6,104,22,-2.8580029121122945,0.49961583443490615,-3.8372499476047106,-1.8787558766198784,-3.3576187465472005,0.0
111,82,43,-2.9105816161809948,0.45246298637336946,-3.797409069472799,-2.0237541628891904,-3.363044602554364,0.0
43,6,4,-2.7821640428297294,0.5823715330801562,-3.923612247666836,-1.6407158379926232,-3.3645355759098856,0.0
38,43,19,-2.6903236813961326,0.6900489683618611,-4.042819659385381,-1.3378277034068848,-3.3803726497579936,0.0
104,82,19,-2.77177919875104,0.6148675247158336,-3.9769195471940737,-1.5666388503080062,-3.386646723466874,0.0
36,68,21,-2.9756559973780625,0.42285667096060664,-3.8044550724608515,-2.1468569222952736,-3.398512668338669,0.0
6,6,48,-2.589786347450926,0.8167399724035375,-4.19059669336186,-0.9889760015399927,-3.4065263198544633,0.0
60,99,5,-2.935340914362417,0.4744058174043984,-3.8651763164750377,-2.0055055122497962,-3.4097467317668153,0.0
36,24,57,-2.89258462614337,0.5271370886417752,-3.925773319881249,-1.8593959324054905,-3.419721714785145,0.0
82,6,40,-2.9229062996838007,0.5010043151748199,-3.9048747574264477,-1.9409378419411536,-3.4239106148586207,0.0
82,6,49,-2.9298340323923204,0.5063902820219094,-3.9223589851552627,-1.9373090796293782,-3.43622431441423,0.0
6,24,57,-2.974154955638797,0.4640161112822241,-3.883626533751956,-2.064683377525638,-3.4381710669210213,0.0
24,6,4,-2.9812137081056136,0.4569972694949733,-3.8769283563157613,-2.085499059895466,-3.438210977600587,0.0
6,24,48,-2.989283597850755,0.4524305890710736,-3.8760475524300593,-2.102519643271451,-3.4417141869218284,0.0
68,43,6,-2.8399787770299234,0.608183880967596,-4.032019183726412,-1.6479383703334352,-3.4481626579975195,0.0
6,6,52,-2.579282034853935,0.8799703514787839,-4.304023923752351,-0.8545401459555186,-3.459252386332719,0.0
68,82,6,-3.035951120902227,0.4290717319879628,-3.8769317155986345,-2.19497052620582,-3.46502285289019,0.0
6,82,15,-2.9590067747982602,0.5102971171236613,-3.9591891243606367,-1.958824425235884,-3.4693038919219217,0.0
24,45,47,-2.9213422241688796,0.56069237074902,-4.020299270836959,-1.8223851775008004,-3.4820345949178995,0.0
104,82,16,-2.935646985949579,0.5500585095903094,-4.0137616647465855,-1.8575323071525727,-3.4857054955398885,0.0
24,6,54,-3.041152366558091,0.45063598112666414,-3.9243988895663526,-2.157905843549829,-3.491788347684755,0.0
82,43,5,-3.1139985719810963,0.3915970718425807,-3.8815288327925543,-2.3464683111696383,-3.505595643823677,0.0
64,82,55,-2.999256042114255,0.5111141100806752,-4.001039697872379,-1.9974723863561317,-3.5103701521949304,0.0
24,45,11,-2.864255813656517,0.6495735981252342,-4.137420065981976,-1.591091561331058,-3.5138294117817512,0.0
36,24,55,-3.001991319794173,0.5118671691655513,-4.005250971358654,-1.9987316682296927,-3.5138584889597246,0.0
64,43,5,-2.9889049034513575,0.5252147539565022,-4.018325821206101,-1.9594839856966133,-3.5141196574078597,0.0
38,24,45,-2.3598075420378564,1.155888799730634,-4.625349589509899,-0.09426549456581368,-3.51569634176849,0.0
24,45,58,-2.9877982945728134,0.5295208363740227,-4.025659133865898,-1.949937455279729,-3.517319130946836,0.0
6,64,31,-2.9552111687860996,0.5796418119601907,-4.091309120228074,-1.8191132173441258,-3.5348529807462903,0.0
64,68,2,-3.0837507740743892,0.4535711060950183,-3.972750142020625,-2.1947514061281534,-3.5373218801694075,0.0
82,6,41,-3.065628686075451,0.47443139790500044,-3.9955142259692518,-2.13574314618165,-3.5400600839804515,0.0
64,68,57,-3.1247742285965603,0.4181338323627637,-3.944316540027577,-2.3052319171655435,-3.542908060959324,0.0
24,6,55,-3.052718492715014,0.4937725489816618,-4.020512688719071,-2.084924296710957,-3.546491041696676,0.0
68,45,5,-3.119896532343287,0.4307764286323469,-3.964218332462687,-2.275574732223887,-3.550672960975634,0.0
43,6,36,-3.0016780414426334,0.5635819000868177,-4.106298565612796,-1.8970575172724706,-3.565259941529451,0.0
104,45,46,-2.8465347649361816,0.7293068336215249,-4.2759761588343705,-1.4170933710379927,-3.5758415985577066,0.0
104,82,5,-2.9879140954171146,0.6027740222875729,-4.169351179100758,-1.8064770117334716,-3.5906881177046874,0.0
82,24,52,-3.060185918678466,0.534109902367397,-4.107041327318564,-2.013330510038368,-3.594295821045863,0.0
68,99,12,-3.1412428624325632,0.4573860209737365,-4.0377194635410865,-2.24476626132404,-3.5986288834063,0.0
64,68,52,-3.1655539502606307,0.43451280173100393,-4.017199041653399,-2.313908858867863,-3.6000667519916347,0.0
82,24,36,-3.126169654530558,0.47886979129223456,-4.064754445463338,-2.1875848635977784,-3.6050394458227926,0.0
38,70,7,-2.6546808731783504,0.9598857038696624,-4.536056852762889,-0.773304893593812,-3.614566577048013,0.0
99,24,10,-3.0221192340720964,0.5999958095813972,-4.198111020851635,-1.846127447292558,-3.6221150436534937,0.0
6,6,55,-2.70344100472339,0.9347913388626513,-4.535632028894186,-0.8712499805525933,-3.6382323435860413,0.0
36,82,36,-3.0940888814824485,0.5464438437588908,-4.165118815249874,-2.0230589477150227,-3.6405327252413393,0.0
104,70,10,-3.1074663433738623,0.538011687988291,-4.161969251830913,-2.052963434916812,-3.6454780313621535,0.0
64,82,12,-3.235823836897497,0.41602378313475047,-4.051230451841608,-2.420417221953386,-3.6518476200322474,0.0
38,64,27,-3.0027571820797627,0.6616130809095256,-4.299518820662433,-1.7059955434970926,-3.6643702629892885,0.0
36,82,0,-3.205183126544493,0.46329293690504886,-4.113237282878389,-2.297128970210597,-3.6684760634495417,0.0
6,68,51,-3.1731611596511278,0.5014929943484728,-4.156087428574135,-2.190234890728121,-3.6746541539996005,0.0
70,99,12,-3.117713404890891,0.561139036985903,-4.217545917383261,-2.017880892398521,-3.6788524418767943,0.0
6,64,10,-3.083232157238627,0.6048410237229979,-4.2687205637357035,-1.8977437507415513,-3.688073180961625,0.0
82,43,43,-3.179576608267171,0.5086049220890917,-4.17644225556179,-2.182710960972551,-3.6881815303562626,0.0
104,6,42,-3.2100931407267947,0.490438306720389,-4.171352221898757,-2.248834059554832,-3.700531447447184,0.0
68,24,25,-3.0605471804404654,0.661337473574323,-4.3567686286461385,-1.7643257322347923,-3.7218846540147883,0.0
64,6,25,-3.25670005484642,0.4680710904025995,-4.174119392035514,-2.3392807176573247,-3.724771145249019,0.0
68,6,51,-3.2611717222553493,0.4744223597494521,-4.191039547364276,-2.331303897146423,-3.7355940820048015,0.0
82,6,6,-3.2239570248957112,0.5369060306225941,-4.276292844915996,-2.171621204875427,-3.760863055518305,0.0
38,24,58,-2.6145763230885106,1.1545029595848852,-4.8774021238748855,-0.35175052230213577,-3.769079282673396,0.0
82,6,0,-3.277965127038333,0.5088626061261917,-4.275335835045669,-2.2805944190309972,-3.786827733164525,0.0
82,6,36,-3.1949574255469293,0.5948310746561146,-4.360826331872914,-2.0290885192209447,-3.789788500203044,0.0
68,45,51,-3.192706632702133,0.6040906391842921,-4.376724285503346,-2.0086889799009207,-3.796797271886425,0.0
6,82,36,-3.209781451425531,0.5954090258186058,-4.376783142029998,-2.042779760821064,-3.805190477244137,0.0
64,6,5,-3.372027619332784,0.4339743904990518,-4.222617424710926,-2.5214378139546425,-3.8060020098318357,0.0
82,24,54,-3.3721434922881692,0.443575594590853,-4.241551657686241,-2.5027353268900976,-3.8157190868790223,0.0
36,43,54,-3.295064498282681,0.5260946781054172,-4.326210067369299,-2.263918929196063,-3.821159176388098,0.0
104,6,12,-3.3281972078442124,0.49333579049740267,-4.295135357219122,-2.361259058469303,-3.821532998341615,0.0
36,104,45,-3.2722863930601314,0.557388887854197,-4.364768613254357,-2.1798041728659054,-3.829675280914328,0.0
36,6,25,-3.081431127524719,0.7744798261516738,-4.599411586782,-1.5634506682674385,-3.8559109536763927,0.0
36,104,41,-3.3704719451935734,0.505141102720992,-4.360548506526718,-2.3803953838604293,-3.875613047914565,0.0
64,24,17,-3.324728961827598,0.5567147264408536,-4.415889825651671,-2.233568098003525,-3.8814436882684515,0.0
64,6,21,-3.3018562503378366,0.5955663693466475,-4.469166334257266,-2.1345461664184073,-3.897422619684484,0.0
60,99,43,-3.266242580645316,0.655616936567824,-4.551251776318251,-1.9812333849723809,-3.92185951721314,0.0
6,104,45,-3.388598593566978,0.5374364269437519,-4.441973990376732,-2.335223196757224,-3.9260350205107297,0.0
104,82,56,-3.35862948588684,0.578949055358984,-4.493369634390449,-2.2238893373832314,-3.9375785412458244,0.0
6,104,52,-3.3896029402400734,0.547977048539327,-4.463637955377155,-2.315567925102992,-3.9375799887794005,0.0
38,70,13,-3.114248786148692,0.8248787698762008,-4.731011175106046,-1.4974863971913384,-3.939127556024893,0.0
43,6,2,-3.441646174330711,0.49800344032033567,-4.417732917358569,-2.4655594313028533,-3.9396496146510467,0.0
6,64,21,-3.387197893098135,0.552575193682953,-4.470245272716723,-2.304150513479547,-3.939773086781088,0.0
6,6,19,-3.0010354456705772,0.9460974019817462,-4.8553863535548,-1.1466845377863548,-3.9471328476523233,0.0
6,43,54,-3.3979242822045563,0.5580397970734489,-4.491682284468516,-2.3041662799405964,-3.9559640792780053,0.0
6,43,52,-3.394275389233989,0.5638569201674817,-4.499434952762253,-2.289115825705725,-3.9581323094014706,0.0
6,43,55,-3.44875226642108,0.5113948046789281,-4.451086083591779,-2.4464184492503813,-3.960147071100008,0.0
60,24,15,-3.447359923018728,0.5184737126397119,-4.463568399792564,-2.431151446244893,-3.96583363565844,0.0
38,64,13,-3.244864608559825,0.7210561118844911,-4.658134587853428,-1.8315946292662224,-3.9659207204443163,0.0
38,64,43,-3.395132292197761,0.612113849165845,-4.594875436562817,-2.195389147832705,-4.007246141363606,0.0
36,64,12,-3.533512722513565,0.47479127479939615,-4.4641036211203815,-2.6029218239067484,-4.008303997312961,0.0
38,70,21,-3.390259864397674,0.6297237049730979,-4.624518326144946,-2.1560014026504017,-4.019983569370772,0.0
104,82,25,-3.439878297253351,0.5894538704133239,-4.595207883263466,-2.2845487112432363,-4.029332167666675,0.0
64,68,27,-3.374072637551619,0.6571491038238578,-4.662084881046381,-2.0860603940568576,-4.031221741375477,0.0
104,45,13,-2.970722329891343,1.0610238160217207,-5.0503290092939155,-0.8911156504887705,-4.031746145913064,0.0
38,68,51,-3.4027056102475,0.6368738151787611,-4.650978287997872,-2.1544329324971283,-4.039579425426261,0.0
43,6,54,-3.4720437191573965,0.5723304977320172,-4.59381149471215,-2.350275943602643,-4.0443742168894135,0.0
82,6,12,-3.5732893529324508,0.48854483191177017,-4.53083722347952,-2.6157414823853813,-4.061834184844221,0.0
99,68,6,-3.4295125652183924,0.6446447607891264,-4.69301629636508,-2.1660088340717047,-4.074157326007519,0.0
32,45,2,-2.957024986705742,1.1219506836864823,-5.156048326731248,-0.7580016466802366,-4.078975670392224,0.0
32,24,20,-3.3323857688742713,0.7528123450928681,-4.807897965256293,-1.8568735724922498,-4.08519811396714,0.0
64,68,10,-3.6002655413234046,0.4853522028646829,-4.551555858938183,-2.648975223708626,-4.085617744188087,0.0
60,24,19,-3.5608620327678437,0.5272593514189132,-4.5942903615489135,-2.527433703986774,-4.088121384186757,0.0
6,104,19,-3.393493928365203,0.69801753736683,-4.7616083016041895,-2.025379555126216,-4.091511465732033,0.0
111,68,20,-3.5570581435378967,0.5441079383204038,-4.6235097026458885,-2.490606584429905,-4.101166081858301,0.0
38,43,51,-3.362040784129544,0.750016920731028,-4.832073948762359,-1.892007619496729,-4.112057704860572,0.0
38,64,19,-3.379182471548181,0.7432911576550447,-4.836033140552068,-1.9223318025442935,-4.122473629203226,0.0
38,45,43,-3.304252598971644,0.8194319378030913,-4.910339197065703,-1.698166000877585,-4.123684536774735,0.0
36,104,48,-3.616853377387981,0.5241379967901685,-4.644163851096711,-2.589542903679251,-4.140991374178149,0.0
6,104,33,-3.595994125526433,0.5546802734407392,-4.683167461470282,-2.5088207895825843,-4.150674398967173,0.0
32,45,18,-3.20454762220252,0.9537860978037992,-5.073968373897967,-1.3351268705070736,-4.158333720006319,0.0
6,104,14,-3.680315962039758,0.4851267403014369,-4.6311643730305745,-2.7294675510489417,-4.165442702341195,0.0
36,104,51,-3.5628078209219987,0.620126629968495,-4.778256015660249,-2.3473596261837484,-4.182934450890493,0.0
32,45,12,-3.088096204948805,1.1104774696762658,-5.264632045514286,-0.9115603643833241,-4.198573674625071,0.0
6,104,16,-3.577741089011475,0.6265083484992727,-4.805697452070049,-2.3497847259529006,-4.2042494375107475,0.0
104,6,51,-3.6640153817822227,0.5660866704190434,-4.773545255803548,-2.554485507760898,-4.230102052201266,0.0
68,24,57,-3.582135879054204,0.6500564093702912,-4.856246441419975,-2.3080253166884335,-4.232192288424495,0.0
6,104,51,-3.7271421511966323,0.5056032998198879,-4.718124618843612,-2.7361596835496518,-4.2327454510165206,0.0
99,82,43,-3.707792483196995,0.52627776508518,-4.7392969027639475,-2.676288063630042,-4.234070248282174,0.0
24,6,12,-3.7129125647867856,0.5297497833533584,-4.751222140159368,-2.674602989414203,-4.2426623481401435,0.0
24,6,10,-3.6911566089870407,0.556451482133238,-4.781801513968187,-2.6005117040058945,-4.247608091120279,0.0
32,45,10,-3.2256711262180553,1.0392841052614057,-5.26266797253041,-1.1886742799057002,-4.264955231479461,0.0
36,6,27,-3.4333977583925415,0.8384836297376402,-5.076825672678316,-1.7899698441067666,-4.271881388130182,0.0
104,82,15,-3.6415353525045733,0.6358706515691142,-4.8878418295800365,-2.3952288754291096,-4.277406004073687,0.0
24,45,10,-3.708996060632364,0.5762454833151737,-4.838437207930104,-2.579554913334624,-4.285241543947538,0.0
6,6,20,-3.452582211210239,0.8432403735761697,-5.105333343419532,-1.7998310790009466,-4.295822584786409,0.0
36,104,14,-3.769606092392332,0.5313308818288799,-4.811014620776937,-2.7281975640077274,-4.300936974221212,0.0
32,45,42,-3.2826690720686797,1.0253465629290779,-5.292348335409672,-1.272989808727687,-4.308015634997758,0.0
60,24,43,-3.7367351999324843,0.5833549698370294,-4.880110940813061,-2.5933594590519067,-4.3200901697695135,0.0
6,24,5,-3.782437870595978,0.53963569069741,-4.840123824362902,-2.724751916829054,-4.322073561293388,0.0
43,6,13,-3.5423072217912956,0.8076335349385156,-5.125268950270787,-1.959345493311805,-4.349940756729811,0.0
82,6,31,-3.9180355619751603,0.44470868007149217,-4.789664574915285,-3.046406549035036,-4.362744242046652,0.0
6,43,31,-3.795337729482364,0.5823097668440614,-4.936664872496724,-2.6540105864680035,-4.377647496326425,0.0
38,24,56,-3.2038799450224964,1.1968617833214334,-5.549729040332506,-0.8580308497124869,-4.40074172834393,0.0
64,24,31,-3.988912323333165,0.4300647511505873,-4.831839235588316,-3.145985411078014,-4.418977074483752,0.0
36,6,20,-3.5679458355827354,0.8521562637708551,-5.238172112573611,-1.8977195585918594,-4.42010209935359,0.0
24,45,8,-3.76480235604718,0.662437424264151,-5.063179707604916,-2.4664250044894445,-4.427239780311331,0.0
104,45,28,-3.396569694167623,1.0347429580342733,-5.424665891914799,-1.3684734964204472,-4.431312652201896,0.0
6,43,12,-3.825067060857139,0.6126831052993691,-5.025925947243902,-2.624208174470376,-4.437750166156508,0.0
32,24,6,-3.8382033181224373,0.6090894998509493,-5.032018737830298,-2.6443878984145766,-4.447292817973387,0.0
36,43,25,-3.8901189599032975,0.5682234900529435,-5.003837000407067,-2.7764009193995283,-4.458342449956241,0.0
6,36,20,-3.4568826061061606,1.003951654037176,-5.424627848019026,-1.4891373641932957,-4.460834260143336,0.0
43,6,12,-3.783176877149965,0.6780676950710538,-5.112189559489231,-2.4541641948106996,-4.461244572221019,0.0
104,6,2,-3.91031480716656,0.5611500872150017,-5.010168978107963,-2.8104606362251565,-4.471464894381562,0.0
6,82,10,-3.8267149893996444,0.6469105673569865,-5.094659701419338,-2.558770277379951,-4.473625556756631,0.0
64,24,36,-3.8045237667517506,0.6768150424806699,-5.131081250013864,-2.4779662834896374,-4.481338809232421,0.0
38,70,51,-3.651328022966407,0.8391283706681754,-5.296019629476031,-2.006636416456783,-4.490456393634583,0.0
36,82,39,-3.894292308101019,0.6085666732182674,-5.087082987608823,-2.701501628593215,-4.502858981319286,0.0
6,24,0,-3.964077757687217,0.5500700044717485,-5.042214966451844,-2.8859405489225898,-4.514147762158966,0.0
36,64,6,-3.883353327699162,0.6347404669366885,-5.127444642895071,-2.6392620125032527,-4.518093794635851,0.0
104,6,39,-4.000370110839788,0.5191358087531481,-5.017876295995959,-2.982863925683618,-4.519505919592937,0.0
36,104,2,-3.9682584664283747,0.5554418270092257,-5.056924447366457,-2.879592485490292,-4.5237002934376,0.0
38,45,21,-3.7265345136618557,0.8091982132423086,-5.31256301161678,-2.140506015706931,-4.535732726904165,0.0
38,45,27,-3.7835451475880615,0.7669919844109625,-5.286849437033548,-2.280240858142575,-4.5505371319990235,0.0
68,82,10,-4.009422216974455,0.5582340546263896,-5.103560964042179,-2.9152834699067314,-4.567656271600844,0.0
38,24,35,-3.4197866218360566,1.1589613288524474,-5.691350826386854,-1.1482224172852598,-4.578747950688504,0.0
6,43,0,-4.012711531933397,0.5696804427547856,-5.129285199732777,-2.8961378641340176,-4.582391974688183,0.0
64,6,51,-3.9589239402733485,0.6499407243170348,-5.232807759934737,-2.6850401206119603,-4.608864664590383,0.0
6,24,51,-4.063087525611899,0.5601735006907181,-5.161027586965707,-2.9651474642580915,-4.623261026302617,0.0
104,24,18,-3.8095353454864798,0.8313162257810641,-5.438915148017365,-2.1801555429555943,-4.640851571267544,0.0
70,24,5,-3.8497122367317833,0.792740733213374,-5.403484073829996,-2.2959403996335706,-4.6424529699451575,0.0
36,43,10,-4.047067537402182,0.6093275671589281,-5.24134956903368,-2.8527855057706826,-4.65639510456111,0.0
24,45,17,-3.941533905756029,0.7186362205064193,-5.350060897948611,-2.5330069135634474,-4.660170126262448,0.0
68,24,0,-3.9438794777608766,0.7410197732921087,-5.396278233413409,-2.491480722108344,-4.684899251052985,0.0
104,45,40,-3.895817869346523,0.7971980620161601,-5.458326070898196,-2.3333096677948495,-4.693015931362683,0.0
6,24,43,-4.233784892776504,0.48440453708683007,-5.183217785466692,-3.2843520000863173,-4.718189429863334,0.0
6,104,4,-4.182097132447347,0.5375057511357151,-5.235608404673348,-3.1285858602213454,-4.719602883583062,0.0
38,64,20,-3.9387955959353436,0.8427653983805078,-5.590615776761139,-2.2869754151095485,-4.781560994315852,0.0
64,82,10,-4.248269521321353,0.568729325005394,-5.362978998331925,-3.133560044310781,-4.816998846326747,0.0
38,24,40,-3.5261730289552182,1.2954974590587005,-6.0653480487102716,-0.9869980092001653,-4.821670488013918,0.0
24,45,57,-4.281419346405274,0.6012783558490802,-5.459924923869471,-3.102913768941077,-4.8826977022543545,0.0
64,68,19,-4.266870820489374,0.6288392989666396,-5.499395846463988,-3.0343457945147607,-4.895710119456014,0.0
6,104,7,-4.277835969395514,0.6235798071149427,-5.500052391340802,-3.055619547450226,-4.901415776510456,0.0
6,43,6,-4.331277652004027,0.624222574929852,-5.554753898866537,-3.107801405141517,-4.955500226933879,0.0
38,24,46,-3.8391469941782974,1.1420233506516746,-6.07751276145558,-1.6007812269010153,-4.981170344829972,0.0
24,45,39,-4.223148379276411,0.777470627667151,-5.746990809504027,-2.6993059490487954,-5.0006190069435625,0.0
32,43,58,-3.7497002046673646,1.2787488701335066,-6.256047990129037,-1.2433524192056917,-5.028449074800871,0.0
43,6,6,-4.382410438478874,0.6589830081659234,-5.6740171344840835,-3.090803742473664,-5.041393446644797,0.0
104,45,47,-4.038470920496331,1.0068274267810178,-6.011852676987125,-2.065089164005536,-5.045298347277349,0.0
70,24,51,-4.380257237995221,0.7207456452485583,-5.792918702682395,-2.967595773308047,-5.10100288324378,0.0
6,43,21,-4.43420063303751,0.6680218002237982,-5.7435233614761545,-3.1248779045988657,-5.102222433261308,0.0
38,24,47,-3.9951119043778904,1.1293702178144227,-6.208677531294159,-1.7815462774616218,-5.124482122192314,0.0
6,36,6,-4.245795347451551,0.8891819253759244,-5.988591921188363,-2.5029987737147392,-5.134977272827475,0.0
60,99,20,-4.50635484485818,0.6295198436921662,-5.740213738494825,-3.272495951221534,-5.135874688550346,0.0
38,24,22,-3.854764453972088,1.2895857373696282,-6.382352499216559,-1.3271764087276163,-5.144350191341716,0.0
64,24,13,-4.368471348530816,0.8244548587131986,-5.984402871608685,-2.752539825452947,-5.192926207244015,0.0
64,68,12,-4.4471031270192976,0.7516052388592462,-5.92024939518342,-2.973956858855175,-5.198708365878543,0.0
68,24,5,-4.555197308581976,0.6634590106088558,-5.855576969375333,-3.2548176477886184,-5.218656319190831,0.0
104,45,22,-4.268128754912474,0.9521720844419492,-6.134386040418694,-2.4018714694062533,-5.220300839354423,0.0
64,24,27,-4.590571897884535,0.671195699628967,-5.90611546915731,-3.27502832661176,-5.2617675975135025,0.0
43,6,51,-4.545926346175633,0.7629808855668399,-6.041368881886639,-3.050483810464627,-5.308907231742473,0.0
24,43,12,-4.665236892547948,0.6647732977823574,-5.968192556201368,-3.362281228894527,-5.330010190330305,0.0
64,6,20,-4.743369959466327,0.6144422179959672,-5.947676706738423,-3.5390632121942316,-5.357812177462295,0.0
36,6,12,-4.421939953769171,0.9690632561395733,-6.321303935802735,-2.5225759717356073,-5.391003209908744,0.0
38,24,9,-3.859067911199863,1.552686435866072,-6.902333325497365,-0.8158024969023621,-5.411754347065935,0.0
32,45,21,-4.26079607589468,1.1548878952549924,-6.524376350594465,-1.997215801194895,-5.415683971149672,0.0
38,45,6,-4.5921173991480275,0.8312496927907289,-6.221366797017856,-2.962868001278199,-5.423367091938756,0.0
6,43,51,-4.678718064948152,0.7597844843356175,-6.167895654245962,-3.1895404756503414,-5.438502549283769,0.0
104,82,43,-4.691087322657871,0.7683021528693101,-6.196959542281719,-3.1852151030340226,-5.459389475527181,0.0
32,45,7,-4.192624103128916,1.3650494940544846,-6.868121111475706,-1.5171270947821265,-5.557673597183401,0.0
24,43,7,-4.651864723436354,0.9238881165401484,-6.462685431855045,-2.8410440150176637,-5.575752839976502,0.0
32,43,18,-3.894401562909612,1.6944294831702587,-7.2154833499233195,-0.573319775895905,-5.5888310460798705,0.0
24,43,33,-5.08733481624128,0.6439537215247069,-6.349484110429706,-3.8251855220528546,-5.7312885377659875,0.0
104,6,43,-5.1724047209785695,0.6789609898713935,-6.5031682611265005,-3.8416411808306385,-5.851365710849963,0.0
104,68,42,-5.094396275914582,0.7583372114729781,-6.580737210401619,-3.6080553414275456,-5.85273348738756,0.0
38,24,57,-4.720685412728246,1.2374443382929414,-7.146076315782411,-2.295294509674081,-5.958129751021187,0.0
104,68,12,-5.167924810317026,0.7957067861807856,-6.727510111231366,-3.608339509402686,-5.9636315964978115,0.0
36,104,10,-5.239616371322534,0.7284656023276566,-6.667408951884742,-3.8118237907603274,-5.968081973650191,0.0
38,24,31,-4.738205223739265,1.2466624312051588,-7.181663588901376,-2.2947468585771538,-5.9848676549444235,0.0
64,24,21,-5.30838712412304,0.7284995744497859,-6.73624629004462,-3.8805279582014593,-6.036886698572825,0.0
64,24,55,-5.4129013083400235,0.644071711239558,-6.675281862369557,-4.15052075431049,-6.056973019579582,0.0
104,43,44,-4.93076686884656,1.1322259336964229,-7.149929698891549,-2.7116040388015716,-6.062992802542983,0.0
6,104,10,-5.284084343839396,0.8133741884420149,-6.878297753185745,-3.689870934493047,-6.097458532281411,0.0
24,43,43,-5.495910990714222,0.6532773412717069,-6.776334579606767,-4.215487401821677,-6.149188331985929,0.0
38,24,8,-5.070359913941075,1.0896304756595279,-7.206035646233749,-2.9346841816484,-6.159990389600603,0.0
24,6,20,-5.482607645985223,0.7176537232543173,-6.889208943563685,-4.076006348406762,-6.2002613692395405,0.0
32,43,53,-4.4863246584754854,1.7195589618886737,-7.856660223777286,-1.115989093173685,-6.205883620364159,0.0
6,6,39,-5.238791486548947,0.9672546341285315,-7.134610569440868,-3.342972403657025,-6.206046120677478,0.0
104,43,50,-5.322110068481137,0.9336534267002056,-7.15207078481354,-3.4921493521487337,-6.255763495181342,0.0
68,24,51,-5.530339230637958,0.8662736847528193,-7.228235652753484,-3.8324428085224325,-6.396612915390778,0.0
6,24,20,-5.559282378302334,0.8554925779456088,-7.2360478310757275,-3.8825169255289405,-6.414774956247943,0.0
32,43,38,-5.079461192884688,1.3812590414171122,-7.786728914062228,-2.3721934717071482,-6.4607202343018,0.0
104,43,30,-5.443707738652558,1.195519058898553,-7.786925094093721,-3.100490383211394,-6.63922679755111,0.0
104,45,8,-5.6106316926427615,1.1005117695578384,-7.767634760976124,-3.4536286243093985,-6.711143462200599,0.0
24,45,21,-5.918195623036618,0.800699439547701,-7.487566524550111,-4.348824721523124,-6.718895062584319,0.0
104,24,53,-5.853050309728157,0.896110689755084,-7.609427261648122,-4.096673357808193,-6.749160999483242,0.0
104,45,41,-5.504315728713155,1.2857030152420563,-8.024293638587585,-2.9843378188387244,-6.790018743955211,0.0
32,43,32,-5.0746701732857895,1.7248941912297497,-8.4554627880961,-1.6938775584754802,-6.79956436451554,0.0
104,68,41,-6.129575198565696,0.8577291322979899,-7.810724297869756,-4.448426099261637,-6.987304330863687,0.0
104,68,52,-6.184250156212947,0.9008709334295794,-7.949957185734922,-4.418543126690972,-7.085121089642526,0.0
104,68,39,-6.210040325783124,0.9332557964997421,-8.03922168692262,-4.38085896464363,-7.143296122282866,0.0
68,24,20,-6.445939576098518,0.8886348710415461,-8.187663923339949,-4.7042152288570875,-7.3345744471400645,0.0
104,43,34,-6.424284605356105,0.9469905132361718,-8.280386011299,-4.568183199413208,-7.371275118592276,0.0
32,43,3,-5.618634452181382,1.7551473289558888,-9.058723216934924,-2.17854568742784,-7.3737817811372715,0.0
104,43,27,-6.129631125489923,1.2758111142850248,-8.630220909488571,-3.6290413414912748,-7.405442239774948,0.0
104,45,15,-6.153547562386401,1.2681131496376752,-8.639049335676244,-3.6680457890965577,-7.421660712024076,0.0
32,43,46,-5.710353535803512,1.87087960603914,-9.377277563640227,-2.043429507966798,-7.581233141842652,0.0
104,43,26,-6.687620720945279,1.0068424474055278,-8.661031917860115,-4.714209524030445,-7.694463168350807,0.0
32,43,47,-5.701247947571015,2.015241125709842,-9.651120553962306,-1.7513753411797244,-7.716489073280857,0.0
104,24,11,-6.777535708612011,0.9424045606047431,-8.624648647397308,-4.9304227698267145,-7.719940269216754,0.0
64,104,18,-6.877198651786725,0.9915927610364943,-8.820720463418255,-4.933676840155196,-7.868791412823219,0.0
104,43,24,-6.853409152987424,1.105456998059829,-9.020104869184689,-4.686713436790159,-7.9588661510472525,0.0
64,104,58,-6.988875916701983,0.9783870282586734,-8.906514492088982,-5.071237341314983,-7.967262944960656,0.0
104,24,32,-7.094062492469718,0.923213578723016,-8.90356110676683,-5.284563878172607,-8.017276071192734,0.0
104,43,28,-7.009136691742867,1.010135657055384,-8.98900257957142,-5.029270803914314,-8.019272348798252,0.0
104,24,47,-7.081696574458883,1.0164436169533242,-9.073926063687399,-5.089467085230368,-8.098140191412208,0.0
104,45,56,-6.7578817787527825,1.3801286280684537,-9.462933889766951,-4.052829667738614,-8.138010406821236,0.0
104,68,25,-7.351425912811631,0.9640362369430164,-9.240936937219942,-5.461914888403318,-8.315462149754648,0.0
104,24,13,-7.362135524362065,1.065669297761111,-9.450847347973843,-5.273423700750287,-8.427804822123177,0.0
104,68,55,-7.471736723327112,0.9840840407855437,-9.400541443266778,-5.542932003387446,-8.455820764112655,0.0
104,45,7,-7.2864138434105685,1.2520617052294367,-9.740454785660265,-4.8323729011608725,-8.538475548640005,0.0
104,45,51,-7.468966260650963,1.2106634043394475,-9.84186653315628,-5.0960659881456465,-8.679629664990411,0.0
104,43,6,-7.47388016709419,1.27621820847505,-9.975267855705289,-4.972492478483092,-8.750098375569241,0.0
32,43,49,-6.82222398483508,2.094217057520805,-10.926889417575858,-2.717558552094302,-8.916441042355885,0.0
104,45,55,-7.574195289864693,1.3431204876349778,-10.20671144562925,-4.941679134100136,-8.91731577749967,0.0
104,24,22,-7.801050286334318,1.117764489164781,-9.99186868509729,-5.610231887571347,-8.918814775499099,0.0
104,43,45,-8.042821288542438,1.0378320013460733,-10.076972011180741,-6.008670565904135,-9.080653289888511,0.0
104,24,49,-8.227701458530609,1.0292191712732501,-10.244971034226179,-6.210431882835039,-9.256920629803858,0.0
104,45,0,-8.129695860910948,1.2963113672781073,-10.670466140776037,-5.588925581045858,-9.426007228189055,0.0
104,24,41,-8.272060767462884,1.2284421387141482,-10.679807359342615,-5.864314175583154,-9.500502906177033,0.0
32,43,31,-7.316111318193491,2.201779823850264,-11.63159977294001,-3.0006228634469734,-9.517891142043755,0.0
64,104,50,-8.475562281762864,1.0948931320654467,-10.62155282061114,-6.329571742914588,-9.570455413828311,0.0
104,24,14,-8.429609609789791,1.1706934510209017,-10.724168773790758,-6.135050445788824,-9.600303060810694,0.0
104,24,35,-8.576503978612607,1.1762773615552051,-10.882007607260809,-6.271000349964405,-9.752781340167811,0.0
104,43,41,-8.446573810110056,1.351466877541303,-11.09544889009101,-5.7976987301291025,-9.798040687651358,0.0
111,104,24,-8.513665761267134,1.3727654561368405,-11.204286055295341,-5.823045467238927,-9.886431217403974,0.0
32,43,33,-7.6280516390091035,2.2739740947283678,-12.085040864676705,-3.1710624133415024,-9.90202573373747,0.0
111,104,28,-8.702668290834858,1.3128882190929085,-11.275929200256957,-6.129407381412757,-10.015556509927766,0.0
111,104,13,-8.484494429805787,1.5802866561202076,-11.581856275801394,-5.38713258381018,-10.064781085925995,0.0
32,43,2,-7.630163543299344,2.483364332720496,-12.497557635431516,-2.7627694511671717,-10.11352787601984,0.0
64,104,23,-9.00585097590649,1.12845561098641,-11.217623973439853,-6.794077978373127,-10.134306586892901,0.0
111,104,1,-8.788919555843117,1.3598821690591354,-11.454288607199022,-6.123550504487212,-10.148801724902253,0.0
104,24,12,-9.070247863042002,1.1292263149918882,-11.283531440426103,-6.856964285657902,-10.19947417803389,0.0
104,24,16,-9.075945830697089,1.1674374974468444,-11.364123325692905,-6.787768335701274,-10.243383328143933,0.0
32,43,52,-8.085513566445359,2.252907080079954,-12.50121144340207,-3.6698156894886482,-10.338420646525313,0.0
111,104,11,-8.901896766404064,1.454765194342925,-11.753236547316197,-6.050556985491932,-10.35666196074699,0.0
104,43,35,-9.360899678169764,1.2254568717543872,-11.762795146808362,-6.959004209531165,-10.586356549924151,0.0
111,104,27,-8.930476467253719,1.6734856403044247,-12.21050832225039,-5.650444612257047,-10.603962107558143,0.0
104,24,52,-10.179099451907863,1.1542691807010284,-12.441467046081879,-7.916731857733847,-11.333368632608892,0.0
111,104,32,-9.978831690542057,1.3726919949105296,-12.669308000566694,-7.2883553805174195,-11.351523685452587,0.0
104,43,5,-10.261573229031061,1.2139593268348305,-12.64093350962733,-7.882212948434793,-11.475532555865891,0.0
64,104,27,-10.420285777445446,1.4014987267332912,-13.167223281842697,-7.673348273048196,-11.821784504178737,0.0
104,43,7,-10.486308135299181,1.4616100286788154,-13.35106379150966,-7.621552479088702,-11.947918163977997,0.0
64,104,3,-10.677639998845684,1.3343620928999669,-13.29298970092962,-8.062290296761748,-12.012002091745652,0.0
104,43,4,-10.576917738631524,1.4455962679925194,-13.410286423896862,-7.743549053366186,-12.022514006624043,0.0
104,99,9,-10.86437462265264,1.175944738778902,-13.169226310659289,-8.559522934645992,-12.040319361431543,0.0
111,104,31,-10.929015943774502,1.548891089041314,-13.964842478295477,-7.893189409253527,-12.477907032815816,0.0
64,104,49,-11.548793947773298,1.36387081475216,-14.221980744687531,-8.875607150859064,-12.912664762525457,0.0
64,104,22,-11.365619846106453,1.5564356517802698,-14.41623372359578,-8.315005968617125,-12.922055497886722,0.0
111,104,41,-11.270506354742679,1.7246989991840045,-14.650916393143328,-7.89009631634203,-12.995205353926684,0.0
64,104,42,-11.736181922329553,1.2961894936293406,-14.27671332984306,-9.195650514816046,-13.032371415958893,0.0
111,104,19,-11.482233387539582,1.6328746004598196,-14.682667604440828,-8.281799170638335,-13.115107987999401,0.0
111,104,37,-11.755270591644873,1.5157733155079582,-14.72618629004047,-8.784354893249276,-13.271043907152832,0.0
111,104,35,-11.907745771068809,1.3725886972010972,-14.59801961758296,-9.217471924554658,-13.280334468269906,0.0
104,24,43,-11.87567407619803,1.5115825386938537,-14.838375852037982,-8.912972300358076,-13.387256614891882,0.0
111,104,57,-11.872512114626597,1.6749014554976205,-15.155318967401932,-8.589705261851261,-13.547413570124217,0.0
64,104,37,-12.068429478575661,1.5248125386055058,-15.057062054242452,-9.07979690290887,-13.593242017181167,0.0
111,104,36,-11.952693426517625,1.915982419758523,-15.70801896924433,-8.19736788379092,-13.868675846276147,0.0
64,104,33,-12.940939053331652,1.4085022636018605,-15.7016034899913,-10.180274616672005,-14.349441316933513,0.0
111,104,10,-12.607056094151483,1.7449929154362744,-16.02724220840658,-9.186869979896386,-14.352049009587757,0.0
64,104,2,-13.227314646415243,1.4299852252879188,-16.030085687979565,-10.424543604850921,-14.657299871703161,0.0
64,104,36,-13.352750998111514,1.388205647272692,-16.07363406676599,-10.631867929457037,-14.740956645384205,0.0
64,104,8,-13.270138684301092,1.5445046248663619,-16.29736774903916,-10.242909619563022,-14.814643309167453,0.0
64,104,54,-13.277827963924658,1.5986145362332185,-16.411112454941765,-10.14454347290755,-14.876442500157877,0.0
64,104,39,-13.187900527973419,1.7341571110553258,-16.586848465641857,-9.78895259030498,-14.922057639028745,0.0
104,99,30,-13.967528593643161,1.5437500461051066,-16.99327868400917,-10.941778503277153,-15.511278639748268,0.0
104,99,40,-14.287808462299989,1.4485782655544002,-17.127021862786613,-11.448595061813364,-15.736386727854388,0.0
104,99,11,-14.47420730214668,1.7920355727043848,-17.986597024647274,-10.961817579646087,-16.266242874851066,0.0
111,104,51,-14.43188431640034,1.9572715964932663,-18.268136645527143,-10.595631987273538,-16.389155912893607,0.0
104,99,13,-14.974882385829478,1.7183471140722608,-18.34284272941111,-11.606922042247847,-16.69322949990174,0.0
111,104,43,-15.077951644631622,1.7622220945034,-18.531906949858286,-11.623996339404957,-16.84017373913502,0.0
104,99,17,-15.28426865020138,1.63842703670456,-18.495585642142316,-12.072951658260443,-16.92269568690594,0.0
64,104,43,-16.231506868512675,1.680730444918628,-19.525738540553185,-12.937275196472164,-17.9122373134313,0.0
104,99,41,-16.95783913664123,1.957630247821811,-20.79479442237198,-13.12088385091048,-18.91546938446304,0.0
104,99,14,-17.970168037598658,1.867508955059776,-21.630485589515818,-14.309850485681498,-19.837676992658434,0.0
104,99,5,-17.982824683174268,1.891783697326039,-21.690720729933304,-14.274928636415233,-19.874608380500305,0.0
104,99,54,-18.41379394007112,1.8282379852211208,-21.997140391104516,-14.830447489037724,-20.242031925292242,0.0
104,99,7,-18.788700794259253,2.0824593748082196,-22.870321168883365,-14.707080419635142,-20.871160169067473,0.0
104,99,51,-20.229384131221295,2.0876840887632606,-24.321244945197286,-16.137523317245304,-22.317068219984556,0.0
104,99,0,-20.45885522399366,1.9588728549445384,-24.298246019684953,-16.619464428302365,-22.417728078938197,0.0
