drug_row,drug_col,cell_line,mean_synergy,std,ci_low,ci_high,conservative_score,topk_probability
111,45,17,6.281083027161428,0.7731053401600406,4.765796560447749,7.796369493875108,5.507977687001388,0.74
64,45,0,5.582292305821033,0.6757429459810784,4.257836131698119,6.906748479943947,4.906549359839955,0.39
64,45,57,5.4718517179444905,0.6535681118824689,4.190858218654851,6.75284521723413,4.818283606062022,0.33
111,64,53,5.325484344383945,0.6045078314394796,4.140648994762564,6.510319694005325,4.720976512944465,0.25
64,45,39,5.34860350504522,0.7150602623412786,3.9470853908563135,6.750121619234125,4.633543242703941,0.28
64,45,28,5.350186082462381,0.7482931581541453,3.883531492480256,6.816840672444505,4.601892924308236,0.33
64,45,6,5.0555752038182336,0.7200246147168685,3.6443269589731715,6.466823448663296,4.335550589101365,0.14
111,99,58,4.987536444005669,0.6721875218333155,3.670048901212371,6.305023986798967,4.315348922172354,0.09
111,6,19,4.984102187060085,0.7412864928047068,3.5311806611628596,6.43702371295731,4.242815694255378,0.11
111,64,47,4.733355633442421,0.6520357033910953,3.455365654795874,6.0113456120889674,4.081319930051325,0.03
111,45,31,4.718241570521567,0.6422972189328461,3.4593390214131885,5.977144119629945,4.075944351588721,0.02
111,99,17,4.782082691194722,0.7716409493108537,3.2696664305454486,6.294498951843995,4.010441741883868,0.03
6,6,1,4.651066590937017,0.8820642131036381,2.9222207332538863,6.379912448620147,3.7690023778333788,0.08
111,45,12,4.287818642945291,0.5818461641205607,3.147400161268992,5.428237124621591,3.7059724788247306,0.0
111,64,30,4.275215425382998,0.6158278676402784,3.068192804808053,5.482238045957944,3.65938755774272,0.0
99,45,53,4.240627217851143,0.5941160120940415,3.076159834146822,5.405094601555465,3.646511205757102,0.0
111,64,7,4.364593403527513,0.7322530859715846,2.929377355023207,5.799809452031819,3.6323403175559283,0.03
111,45,24,4.104841833809146,0.5992013956802966,2.930407098275764,5.279276569342527,3.5056404381288493,0.0
111,45,55,4.110865195179374,0.6343051974564039,2.8676270081648227,5.354103382193927,3.4765599977229704,0.0
111,64,2,4.003164308778763,0.5749332854384407,2.8762950693194194,5.130033548238107,3.428231023340323,0.0
111,36,1,3.994634152349656,0.6186147226852954,2.782149295886477,5.207119008812835,3.3760194296643604,0.0
111,6,1,3.9201485086682726,0.5444519214590618,2.8530227426085113,4.987274274728033,3.3756965872092106,0.0
41,99,17,3.9445632378716993,0.5726318332406105,2.822204844720103,5.066921631023296,3.3719314046310886,0.0
99,45,57,3.884539004803758,0.5484950651747139,2.809488677061319,4.959589332546197,3.336043939629044,0.0
36,6,58,4.269400541799096,0.9532134464658061,2.401102186726116,6.1376988968720765,3.3161870953332904,0.04
64,45,25,3.984013639090728,0.7213894401965821,2.570090336305427,5.397936941876029,3.262624198894146,0.0
36,6,18,4.107852913708152,0.8529323620136349,2.436105484161428,5.779600343254876,3.254920551694517,0.03
64,70,50,3.9549406029792693,0.7140258761541979,2.5554498857170413,5.354431320241497,3.2409147268250713,0.0
111,64,51,3.9923737163101167,0.7564813897920517,2.5096701923176954,5.475077240302538,3.235892326518065,0.0
64,99,17,3.961120178750903,0.733754717607987,2.5229609322392488,5.3992794252625576,3.227365461142916,0.0
111,45,7,3.857216051952013,0.7399620445322984,2.4068904446687083,5.3075416592353175,3.1172540074197146,0.0
111,64,15,3.7109688089116353,0.6277633557820055,2.4805526315789046,4.9413849862443655,3.08320545312963,0.0
111,64,44,3.6091352613976313,0.5333930792857509,2.5636848259975595,4.654585696797703,3.07574218211188,0.0
36,70,18,3.72715621459953,0.6540535780021206,2.4452112017153738,5.009101227483686,3.0731026365974095,0.0
111,99,18,3.5786157743193248,0.5277113083708486,2.544301609912462,4.612929938726188,3.0509044659484763,0.0
111,36,36,3.593069835316039,0.5425454000706943,2.5296808511774778,4.6564588194546,3.0505244352453444,0.0
99,45,21,3.695716912306603,0.6509927235636467,2.4197711741218555,4.971662650491351,3.0447241887429564,0.0
111,99,50,3.551198149258774,0.5068464481333849,2.55777911091734,4.544617187600208,3.044351701125389,0.0
6,6,28,4.010602401278144,0.9817379840347663,2.086395952570002,5.934808849986285,3.028864417243377,0.05
111,64,35,3.4208940005662716,0.44605827452148383,2.5466197825041634,4.29516821862838,2.9748357260447875,0.0
64,45,42,3.6069697061731842,0.6437598911827732,2.345200319454949,4.86873909289142,2.963209814990411,0.0
111,45,8,3.5288225832332913,0.583967315463572,2.3842466449246906,4.673398521541892,2.9448552677697193,0.0
111,6,47,3.537319698095262,0.5945255250669383,2.3720496689640633,4.702589727226461,2.942794173028324,0.0
111,99,43,3.575676952300713,0.636314223506054,2.3285010742288472,4.822852830372579,2.939362728794659,0.0
111,99,36,3.577445299458137,0.6511006333284035,2.301288058134466,4.853602540781807,2.9263446661297334,0.0
111,6,4,3.398735675460053,0.5540660569655457,2.3127662038075836,4.484705147112523,2.8446696184945073,0.0
111,36,43,3.4630340444275647,0.6189557307573704,2.2498808121431186,4.67618727671201,2.8440783136701944,0.0
99,6,17,3.3416955052735715,0.5177541713046762,2.326897329516406,4.356493681030737,2.8239413339688952,0.0
36,70,53,3.479398583555403,0.6810578385986629,2.1445252199020235,4.814271947208782,2.79834074495674,0.0
70,6,53,3.500479328683666,0.729845513533283,2.0699821221584314,4.930976535208901,2.770633815150383,0.0
99,45,47,3.3587517327862457,0.5973349720721474,2.187975187524837,4.529528278047654,2.7614167607140985,0.0
111,64,54,3.260730319991797,0.5153417397240411,2.2506605101326764,4.270800129850918,2.7453885802677562,0.0
111,6,26,3.318300471975362,0.573713590045446,2.193821835486288,4.442779108464436,2.744586881929916,0.0
70,6,18,3.465328306393881,0.7385578685861507,2.0177548839650257,4.912901728822736,2.72677043780773,0.0
111,43,53,3.2989432787247037,0.5781646095068653,2.1657406440912474,4.43214591335816,2.7207786692178386,0.0
111,70,27,3.393881574027995,0.6812926763601627,2.058547928362076,4.729215219693914,2.7125888976678323,0.0
64,70,4,3.312084824004441,0.6343163392670651,2.0688247990409936,4.555344848967889,2.677768484737376,0.0
36,6,47,3.628252045080277,0.9606501183835189,1.7453778130485802,5.511126277111974,2.6676019266967583,0.01
99,45,0,3.3111186981939307,0.6477243975239576,2.0415788790469738,4.580658517340888,2.663394300669973,0.0
111,64,37,3.1642845588857567,0.5107476510531852,2.1632191628215134,4.16534995495,2.6535369078325717,0.0
111,64,41,3.1838429637485235,0.5421608078369232,2.121207780388154,4.246478147108893,2.6416821559116004,0.0
111,36,24,3.0853167437638054,0.4665541681933722,2.170870574104796,3.9997629134228148,2.6187625755704333,0.0
6,36,26,3.491155106579076,0.8776552001489254,1.770950914287182,5.21135929887097,2.6134999064301505,0.01
111,70,21,3.2725917386012267,0.6713765823846496,1.9566936371273136,4.588489840075139,2.6012151562165773,0.0
70,6,23,3.0768577738131953,0.47981758008168784,2.1364153168530873,4.017300230773303,2.5970401937315075,0.0
36,70,1,3.1959877848474547,0.6015388649060966,2.016971609631505,4.375003960063404,2.594448919941358,0.0
111,45,26,3.1813067268326085,0.5906305916731303,2.0236707671532734,4.338942686511944,2.5906761351594785,0.0
111,99,30,3.0747189001673845,0.4886602305914115,2.116944848208218,4.032492952126551,2.586058669575973,0.0
45,6,19,3.266034990979299,0.6890761071264185,1.9154458210115186,4.6166241609470795,2.5769588838528805,0.0
64,99,19,3.1997327199718835,0.6307158202349115,1.963529712311457,4.43593572763231,2.569016899736972,0.0
64,70,14,3.207413918901362,0.6827701432657151,1.8691844381005605,4.545643399702163,2.524643775635647,0.0
70,6,38,3.219598014723308,0.7119154670958642,1.824243699215414,4.614952330231201,2.507682547627444,0.0
36,6,26,3.4402428462277173,0.9355253380231325,1.6066131837023776,5.2738725087530565,2.5047175082045845,0.0
36,99,50,2.9547046304430498,0.47172006373456565,2.030133305523301,3.8792759553627985,2.482984566708484,0.0
64,45,29,3.0957869336628954,0.6139202932181693,1.8925031589552834,4.2990707083705075,2.481866640444726,0.0
111,45,41,2.955383408601943,0.4758827036926861,2.0226533093642782,3.8881135078396074,2.4795007049092566,0.0
36,70,9,3.207279825110713,0.7803155053825847,1.677861434560847,4.736698215660579,2.4269643197281283,0.0
6,36,57,3.243274559703629,0.8181969147622522,1.639608606769615,4.8469405126376435,2.425077644941377,0.0
6,70,1,3.092714390007253,0.6733087720134838,1.773029196860825,4.4123995831536815,2.4194056179937693,0.0
74,99,53,2.905045673331088,0.48634275425981677,1.9518138749818472,3.8582774716803288,2.418702919071271,0.0
111,36,14,2.9323979311941444,0.5171821287241225,1.9187209588948644,3.9460749034934244,2.415215802470022,0.0
111,64,6,3.1566046591562404,0.74463286819987,1.6971242374844953,4.616085080827986,2.4119717909563705,0.0
36,6,45,3.1488895566984447,0.7425242997102152,1.693541929266423,4.604237184130467,2.4063652569882295,0.01
111,70,19,3.1028378295282106,0.7047639649425117,1.7215004582408877,4.484175200815534,2.398073864585699,0.0
70,6,58,3.002721605742485,0.6257301025050522,1.7762906048325824,4.229152606652387,2.3769915032374325,0.0
64,99,53,2.8146380896482595,0.43874740043957633,1.9546931847866897,3.674582994509829,2.375890689208683,0.0
6,70,52,3.205801696027428,0.8499014584593362,1.5399948374471288,4.871608554607727,2.3559002375680915,0.0
36,99,1,2.871496845793768,0.5288668004429133,1.8349179169256578,3.908075774661878,2.3426300453508544,0.0
111,36,7,2.9893312816104705,0.6573363249367875,1.7009520847343669,4.277710478486574,2.331994956673683,0.0
70,6,49,2.8507727807029357,0.5356283249730343,1.8009412637557887,3.9006042976500828,2.3151444557299015,0.0
111,36,18,2.7775386445780215,0.47178888474550135,1.8528324304768389,3.702244858679204,2.30574975983252,0.0
111,6,51,2.8969716904567386,0.5950127367601367,1.7307467264068708,4.063196654506607,2.301958953696602,0.0
6,45,50,2.8482754864088284,0.5577224681446468,1.7551394488453207,3.941411523972336,2.290553018264182,0.0
111,99,48,2.893389651810328,0.6050852882725278,1.7074224867961734,4.0793568168244825,2.2883043635378,0.0
99,45,4,2.873635547548,0.5881078487600268,1.7209441639783476,4.026326931117652,2.2855276987879733,0.0
6,6,49,3.0276725098464685,0.7455133048460424,1.5664664323482254,4.488878587344711,2.282159205000426,0.0
37,75,47,2.861010216050351,0.5817050007403968,1.7208684145991735,4.0011520175015285,2.2793052153099547,0.0
36,6,23,3.0876137810281765,0.8086098163954235,1.5027385408931464,4.672489021163207,2.279003964632753,0.0
99,45,24,2.831255861789835,0.5546914242413228,1.7440606702768424,3.918451053302828,2.2765644375485126,0.0
45,6,50,2.8679835220585574,0.5936575773562504,1.7044146704403067,4.031552373676808,2.274325944702307,0.0
111,6,38,2.8988475933473015,0.6253819668038808,1.6730989384116952,4.1245962482829075,2.2734656265434205,0.0
111,43,3,2.772996367824964,0.5017249506664756,1.7896154645186717,3.7563772711312557,2.2712714171584882,0.0
6,6,23,3.158310733999055,0.8913182035759063,1.4113270549902788,4.905294413007831,2.2669925304231486,0.0
37,75,30,2.7100846182032585,0.4596637842688833,1.8091436010362472,3.61102563537027,2.250420833934375,0.0
70,6,2,2.918980493251267,0.6704361463619274,1.6049256463818893,4.233035340120645,2.2485443468893394,0.0
6,70,2,2.8728941741519636,0.6355476965787771,1.6272206888575604,4.1185676594463665,2.2373464775731864,0.0
111,6,15,2.7953126262484016,0.566055474893522,1.6858438954570985,3.9047813570397047,2.2292571513548793,0.0
36,99,19,2.8745645764851386,0.6458995036747873,1.6086015492825556,4.140527603687722,2.2286650728103514,0.0
99,45,2,2.7612027963245804,0.5348617489697562,1.7128737683438582,3.809531824305303,2.226341047354824,0.0
6,36,4,3.101995153581119,0.8798939855429853,1.3774029419168679,4.82658736524537,2.222101168038134,0.0
99,43,53,2.711718858219232,0.4975125490055455,1.7365942621683628,3.686843454270101,2.2142063092136866,0.0
99,6,58,2.629196233412401,0.4156715579533648,1.8144799798238058,3.443912487000996,2.213524675459036,0.0
64,70,31,2.800543287062693,0.6103725764620016,1.60421303719717,3.996873536928216,2.1901707106006914,0.0
74,75,17,2.7287445157320667,0.5477067683167619,1.6552392498312134,3.80224978163292,2.1810377474153047,0.0
45,6,58,2.800143423854839,0.6458558062039081,1.5342660436951792,4.066020804014499,2.154287617650931,0.0
70,6,16,2.7763263583413558,0.6238616552691686,1.5535575140137854,3.999095202668926,2.1524647030721873,0.0
70,6,45,2.665518074346537,0.5337176702411122,1.6194314406739572,3.7116047080191166,2.131800404105425,0.0
6,36,38,3.0966692598243206,0.970926045130063,1.1936542113693973,4.999684308279244,2.125743214694258,0.0
111,36,5,2.7386877094072646,0.6239968746488135,1.5156538350955902,3.961721583718939,2.114690834758451,0.0
70,45,39,2.631629507271208,0.5442970970162687,1.5648071971193214,3.6984518174230945,2.0873324102549393,0.0
99,45,8,2.564109047303608,0.48544600180284125,1.612634883770039,3.5155832108371765,2.0786630455007664,0.0
64,70,36,2.63934545833938,0.5680620851305536,1.525943771483495,3.752747145195265,2.0712833732088263,0.0
111,6,45,2.6148208253304386,0.5459698216340403,1.5447199749277196,3.6849216757331575,2.0688510036963983,0.0
111,36,6,2.6229229316700837,0.568015943944738,1.5096116815383973,3.73623418180177,2.054906987725346,0.0
99,43,17,2.5697208718581157,0.5163928424930915,1.5575909005716564,3.581850843144575,2.0533280293650242,0.0
111,45,34,2.476513471373761,0.45272254509202,1.5891772829934019,3.3638496597541203,2.023790926281741,0.0
36,70,3,2.860115381855906,0.8464383893570704,1.2010961387160481,4.519134624995764,2.0136769924988354,0.0
70,6,4,2.6614149355243533,0.6562894313512735,1.3750876500758573,3.947742220972849,2.0051255041730798,0.0
111,36,40,2.4511878736621857,0.4521664926282522,1.5649415481108115,3.33743419921356,1.9990213810339335,0.0
74,41,53,2.3996488966059655,0.40164902723056384,1.6124168032340602,3.1868809899778707,1.9979998693754015,0.0
6,45,57,2.605727939254765,0.6112992811057876,1.4075813482874213,3.8038745302221084,1.9944286581489774,0.0
64,70,24,2.5316009915819744,0.5377315591903311,1.4776471355689254,3.5855548475950236,1.9938694323916433,0.0
111,99,5,2.5345912175276,0.5428228306501534,1.4706584694532996,3.598523965601901,1.991768386877447,0.0
6,6,2,2.832143261256181,0.8448777895394513,1.1761827937588565,4.488103728753505,1.9872654717167297,0.0
6,64,1,2.4939007353701195,0.5144481985945655,1.485582266124771,3.502219204615468,1.979452536775554,0.0
70,45,43,2.5945440538419056,0.6173274009830546,1.3845823479151185,3.8045057597686927,1.9772166528588508,0.0
6,45,47,2.5446149799576974,0.5689858485241176,1.4294027168504269,3.659827243064968,1.9756291314335797,0.0
64,43,21,2.5654909304522526,0.5965324577821149,1.3962873131993074,3.734694547705198,1.9689584726701377,0.0
45,6,1,2.5707999321062904,0.6036962990488078,1.387555185970627,3.7540446782419536,1.9671036330574827,0.0
36,70,14,2.6480876855895157,0.6816832459940196,1.3119885234412372,3.984186847737794,1.966404439595496,0.0
36,99,47,2.3945527501325983,0.4334866968243813,1.5449188243568108,3.2441866759083857,1.961066053308217,0.0
6,70,14,2.5794616907325443,0.6348610400506951,1.3351340522331818,3.8237893292319067,1.9446006506818492,0.0
36,70,22,2.5635835947662455,0.6195374343847962,1.349290223372045,3.777876966160446,1.9440461603814492,0.0
64,70,8,2.465333185671004,0.5360719056915104,1.4146322505156437,3.5160341208263644,1.9292612799794937,0.0
41,117,17,2.473999161481971,0.5492745918002804,1.3974209615534214,3.5505773614105207,1.9247245696816906,0.0
64,45,11,2.4794193870021117,0.5657028356366368,1.3706418291543037,3.58819694484992,1.913716551365475,0.0
6,6,5,2.7580242472977305,0.8461540097505469,1.0995623881866587,4.416486106408803,1.9118702375471837,0.0
64,70,47,2.46703394272233,0.5675124572991331,1.354709526416029,3.579358359028631,1.8995214854231968,0.0
43,45,3,2.3299891841635354,0.44266865373379355,1.4623586228453,3.197619745481771,1.8873205304297418,0.0
70,43,27,2.3537378685358767,0.46715844363117004,1.4381073190187834,3.26936841805297,1.8865794249047068,0.0
36,70,15,2.4366402602552197,0.5569113803335217,1.3450939548015173,3.528186565708922,1.879728879921698,0.0
70,43,50,2.3078601123342657,0.44488197633572396,1.4358914387162467,3.1798287859522847,1.8629781359985418,0.0
68,70,41,2.3840399594918393,0.5362920072403845,1.3329076253006857,3.435172293682993,1.8477479522514548,0.0
6,70,45,2.5261779156655186,0.6837730868188937,1.185982665500487,3.8663731658305505,1.8424048288466248,0.0
43,45,31,2.3051423595775113,0.4673498179150946,1.389136716463926,3.2211480026910966,1.8377925416624168,0.0
64,99,47,2.304181585769919,0.4716829002944592,1.379683101192779,3.228680070347059,1.83249868547546,0.0
99,6,26,2.2145138000884437,0.3824245518576486,1.4649616784474524,2.9640659217294347,1.832089248230795,0.0
6,70,42,2.325694040776358,0.4992912576631405,1.3470831757566029,3.304304905796114,1.8264027831132177,0.0
111,99,1,2.4784318014455624,0.659801982309353,1.1852199161192305,3.7716436867718945,1.8186298191362094,0.0
111,43,8,2.2035147264957686,0.3873780787510833,1.4442536921436453,2.962775760847892,1.8161366477446852,0.0
6,70,4,2.5083081303058274,0.7010991499447051,1.1341537964142054,3.8824624641974497,1.8072089803611222,0.0
111,36,8,2.2443858700427373,0.46324946984903226,1.336416909138634,3.1523548309468405,1.781136400193705,0.0
64,99,16,2.280519988681757,0.5055942016957972,1.2895553533579944,3.2714846240055193,1.7749257869859596,0.0
111,45,32,2.2311493938823976,0.45862632362072514,1.3322417995857765,3.130056988179019,1.7725230702616726,0.0
70,45,58,2.243712956223804,0.47482078956038226,1.313064208685455,3.174361703762153,1.7688921666634219,0.0
36,70,10,2.4374919730266997,0.6781652144872763,1.1082881526316382,3.7666957934217615,1.7593267585394234,0.0
70,45,6,2.4506068442376283,0.6989454061515812,1.0806738481805291,3.8205398402947273,1.7516614380860471,0.0
111,45,9,2.194257368547393,0.4496226334540218,1.3129970069775103,3.0755177301172756,1.744634735093371,0.0
111,99,0,2.4201074826595446,0.691384304931901,1.0649942449930188,3.7752207203260704,1.7287231777276437,0.0
111,6,23,2.0744827457264803,0.34988985280858437,1.388698634221655,2.7602668572313056,1.724592892917896,0.0
37,75,12,2.2342609919728154,0.5140442911095066,1.2267341813981825,3.2417878025474485,1.720216700863309,0.0
45,6,3,2.345741780918241,0.6331718996226056,1.1047248576579343,3.586758704178548,1.7125698812956354,0.0
70,43,53,2.1369642690779314,0.42528997415622594,1.3033959197317286,2.970532618424134,1.7116742949217054,0.0
111,6,2,2.168662932402903,0.4656170776962524,1.2560534601182485,3.081272404687558,1.7030458547066507,0.0
6,36,10,2.6489493238481687,0.9526594190730483,0.7817368624649941,4.516161785231343,1.6962899047751203,0.0
45,6,28,2.344454374722915,0.6490847638619727,1.0722482375534488,3.6166605118923814,1.6953696108609426,0.0
37,99,47,2.165545645201803,0.4710407246095784,1.2423058249670293,3.0887854654365765,1.6945049205922245,0.0
80,45,19,2.290064881192984,0.5964064844719045,1.1211081716280513,3.4590215907579167,1.6936583967210797,0.0
64,99,36,2.1861634529250322,0.4963550221213676,1.2133076095671518,3.1590192962829127,1.6898084308036645,0.0
6,36,31,2.576186093054058,0.8924739770515931,0.8269370980329356,4.325435088075181,1.6837121160024648,0.0
64,70,30,2.15580391346626,0.48025944863324765,1.2144953941450947,3.0971124327874255,1.6755444648330124,0.0
6,36,42,2.446533418460651,0.775891423717104,0.9257862279751274,3.967280608946175,1.6706419947435471,0.0
70,45,47,2.1877891534340073,0.5252094098433212,1.1583787101410976,3.2171995967269167,1.662579743590686,0.0
43,45,0,2.2081443358539996,0.547813424258953,1.1344300243064518,3.281858647401547,1.6603309115950466,0.0
36,45,43,2.2137520433548126,0.5549990985953646,1.125953810107898,3.301550276601727,1.658752944759448,0.0
111,45,20,2.316642482109573,0.6692591481048891,1.0048945518239905,3.628390412395156,1.647383334004684,0.0
6,36,16,2.5702359917088287,0.9273802603337169,0.7525706814547435,4.387901301962914,1.6428557313751118,0.0
41,75,33,2.2614281276095274,0.6234437482125768,1.039478381112877,3.4833778741061776,1.6379843793969506,0.0
43,45,51,2.305825458389838,0.6726719042240624,0.9873885261106758,3.624262390669,1.6331535541657756,0.0
45,6,46,2.1779791239998376,0.5458379457064395,1.1081367504152162,3.247821497584459,1.632141178293398,0.0
6,70,34,2.1978409692376886,0.5670550116429521,1.0864131464175024,3.3092687920578747,1.6307859575947363,0.0
6,70,31,2.2273615058888856,0.6051373637667219,1.0412922729061107,3.4134307388716607,1.6222241421221637,0.0
6,70,40,2.22487078853382,0.6027461210377872,1.0434883912997572,3.4062531857678833,1.622124667496033,0.0
111,6,44,2.0533373359867024,0.43606277397386217,1.1986542989979325,2.9080203729754723,1.6172745620128404,0.0
36,70,5,2.117449923531999,0.5140392347383484,1.1099330234448361,3.124966823619162,1.6034106887936506,0.0
99,45,38,2.193783166402818,0.5926673989122134,1.0321550645348798,3.355411268270756,1.6011157674906045,0.0
99,43,50,1.9807973230992113,0.38487324597132627,1.2264457609954118,2.735148885203011,1.595924077127885,0.0
64,70,22,2.159532772555725,0.5680350275978124,1.0461841184640128,3.2728814266474373,1.5914977449579126,0.0
6,70,47,2.3589308750807945,0.7705347514204953,0.8486827622966238,3.869178987864965,1.5883961236602993,0.0
6,64,58,2.1972270359261468,0.6122901804286288,0.9971382822860344,3.3973157895662593,1.584936855497518,0.0
6,70,36,2.267100422954743,0.6902275986112835,0.9142543296766272,3.619946516232859,1.5768728243434595,0.0
6,70,25,2.2252325201811147,0.6496432376223431,0.9519317744413223,3.498533265920907,1.5755892825587716,0.0
74,41,47,1.9989889529151192,0.4358779794698814,1.1446681131541516,2.853309792676087,1.5631109734452378,0.0
117,99,58,2.036870261027431,0.47703871130140996,1.1018743868766676,2.9718661351781948,1.5598315497260211,0.0
64,70,11,2.0124172967947245,0.4547242747678433,1.1211577182497516,2.9036768753396975,1.5576930220268812,0.0
70,82,18,2.092205034758745,0.5346951577512445,1.0442025255663059,3.1402075439511843,1.5575098770075004,0.0
111,80,19,2.0811393339866004,0.5256292515927552,1.0509060008648003,3.1113726671084008,1.5555100823938453,0.0
64,99,24,2.0953116062720527,0.5500507655290652,1.017212105835085,3.1734111067090205,1.5452608407429875,0.0
111,99,35,2.163761392232149,0.619371770855263,0.9497927213558337,3.3777300631084644,1.5443896213768862,0.0
68,70,3,2.1176114248511624,0.5753156739341503,0.9899927039402279,3.245230145762097,1.542295750917012,0.0
111,36,44,2.0062909056133775,0.47776012591301903,1.06988105882386,2.942700752402895,1.5285307797003584,0.0
70,6,44,2.070638834428318,0.5445082614589909,1.003402641968696,3.13787502688794,1.5261305729693273,0.0
64,99,28,2.024340055665869,0.502738369733087,1.0389728509890181,3.0097072603427195,1.5216016859327817,0.0
43,45,36,2.0102621234880087,0.49042951777720384,1.0490202686446892,2.971503978331328,1.519832605710805,0.0
111,43,38,1.9105934920287861,0.39818333726157107,1.1301541509961068,2.6910328330614655,1.512410154767215,0.0
36,82,1,2.109211616478199,0.602453475764806,0.9284028039791792,3.2900204289772184,1.506758140713393,0.0
36,70,44,2.0575270188822934,0.5548173838367606,0.9700849465622425,3.144969091202344,1.502709635045533,0.0
70,43,7,2.041052344813172,0.5453297949457749,0.972205946719453,3.109898742906891,1.495722549867397,0.0
70,6,0,1.985816111685662,0.4908004765173853,1.023847177711587,2.947785045659737,1.4950156351682768,0.0
82,6,50,2.040677571100763,0.54807154766267,0.9664573376819301,3.1148978045195963,1.4926060234380931,0.0
111,43,4,2.0512444975764805,0.5592860264016171,0.9550438858293111,3.14744510932365,1.4919584711748635,0.0
70,6,7,2.23599024047093,0.744156501348732,0.7774434978274152,3.694536983114445,1.4918337391221979,0.0
111,64,20,2.197848612572074,0.706274521614583,0.8135505502074913,3.5821466749366566,1.4915740909574908,0.0
70,43,40,1.9114962749572202,0.4201164446625161,1.0880680434186887,2.7349245064957515,1.4913798302947041,0.0
74,37,53,1.863338183345064,0.3771847697206561,1.124056034692578,2.60262033199755,1.486153413624408,0.0
6,82,1,2.1122687541422756,0.6337349661594415,0.8701482204697704,3.3543892878147807,1.4785337879828342,0.0
64,43,24,1.9492972679798786,0.47263459882135056,1.0229334542900315,2.8756610816697257,1.476662669158528,0.0
117,6,53,1.906335388774072,0.4376471406026099,1.0485469931929565,2.7641237843551876,1.468688248171462,0.0
36,64,19,2.0775560870925682,0.609062147039727,0.8837942788947033,3.271317895290433,1.4684939400528412,0.0
68,70,37,2.007011768004772,0.550184938032949,0.9286492894601921,3.0853742465493523,1.4568268299718232,0.0
6,6,42,2.303581854374449,0.8521229910486406,0.6334207919191133,3.973742916829784,1.4514588633258083,0.0
36,70,31,2.090728489414398,0.6509596793560324,0.8148475178765744,3.3666094609522212,1.4397688100583654,0.0
70,43,2,1.9751203566419997,0.5355353093015466,0.9254711504109685,3.024769562873031,1.439585047340453,0.0
111,43,5,1.8275289898599183,0.39759134487344006,1.048249953907976,2.6068080258118607,1.4299376449864782,0.0
74,41,57,1.8136749389566764,0.38783984510472747,1.0535088425514108,2.573841035361942,1.425835093851949,0.0
111,36,39,1.9782883335021846,0.5564904588469793,0.8875670341621051,3.0690096328422642,1.4217978746552054,0.0
6,82,50,1.9959853210950147,0.5803780826249454,0.8584442791501217,3.1335263630399077,1.4156072384700693,0.0
111,117,58,1.7624840523653804,0.3629601498825988,1.0510821585954868,2.4738859461352742,1.3995239024827817,0.0
111,99,37,2.0483773818832365,0.6533735357557184,0.7677652518020284,3.3289895119644446,1.395003846127518,0.0
70,82,7,2.01018982722406,0.6178109593559333,0.7992803468864307,3.221099307561689,1.3923788678681266,0.0
111,36,30,1.8283687019288737,0.4506132379559878,0.9451667555351376,2.71157064832261,1.377755463972886,0.0
82,6,17,2.009113631557427,0.6333533588161939,0.767741048277687,3.250486214837167,1.375760272741233,0.0
6,36,9,2.345355690731932,0.9734225958874576,0.43744740279251526,4.253263978671349,1.3719330948444746,0.0
36,80,1,1.8436506904081316,0.47643144060243203,0.9098450668273648,2.7774563139888984,1.3672192498056996,0.0
45,6,45,1.9098525758977334,0.5679065543336346,0.7967557294038097,3.0229494223916573,1.3419460215640988,0.0
80,99,47,1.7810026399948329,0.46193369638286197,0.8756125950844235,2.6863926849052424,1.319068943611971,0.0
6,6,54,2.185149249206159,0.8691771183191732,0.4815620973005794,3.8887364011117382,1.3159721308869856,0.0
64,43,28,1.6874458757127748,0.37160269186438105,0.959104599658588,2.4157871517669616,1.3158431838483937,0.0
99,43,39,1.7584453144763639,0.4446035080095138,0.8870224387777168,2.629868190175011,1.31384180646685,0.0
64,82,53,1.8031625254760855,0.49245721536436177,0.8379463833619364,2.7683786675902344,1.3107053101117236,0.0
99,6,21,1.6997155301520264,0.39245795851716675,0.9304979314583796,2.468933128845673,1.3072575716348596,0.0
6,45,4,1.835300530331665,0.5331516296051515,0.790323336305568,2.8802777243577617,1.3021489007265135,0.0
74,37,17,1.7969034723776505,0.49796066539758876,0.8209005681983765,2.772906376556924,1.2989428069800617,0.0
111,70,24,1.64536105077029,0.3479809821908177,0.9633183256762874,2.3274037758642927,1.2973800685794723,0.0
64,43,30,1.8462828820443082,0.5594780999187113,0.7497058062036341,2.9428599578849823,1.2868047821255968,0.0
6,6,19,2.3904597864993122,1.1203540952945135,0.19456575972206602,4.586353813276558,1.2701056912047988,0.0
111,70,38,1.8271876315371138,0.5577849565729249,0.733929116654181,2.920446146420047,1.269402674964189,0.0
111,36,9,1.701431573872122,0.4332876129983873,0.8521878523952828,2.5506752953489613,1.2681439608737346,0.0
68,70,8,1.8103571727687497,0.5442247331026053,0.7436766958876433,2.877037649649856,1.2661324396661444,0.0
80,99,50,1.6399299193134242,0.37706815828520834,0.900876329074416,2.3789835095524325,1.262861761028216,0.0
111,43,33,1.7295795529101627,0.47182594533082134,0.804800700061753,2.6543584057585727,1.2577536075793414,0.0
64,99,0,1.721224388786064,0.46473108177504935,0.8103514685069674,2.632097309065161,1.2564933070110147,0.0
64,43,57,1.7771929175983892,0.5215293540341401,0.7549953836914745,2.799390451505304,1.255663563564249,0.0
6,36,37,2.1401452346000203,0.8854496237016044,0.4046639721448757,3.8756264970551646,1.2546956108984157,0.0
70,43,52,1.8115044789811905,0.5640326759135127,0.7060004341907056,2.9170085237716754,1.2474718030676777,0.0
36,45,45,1.7689903523115162,0.5234897042604862,0.7429505319609633,2.795030172662069,1.24550064805103,0.0
36,45,7,1.8100147171768717,0.5726728632489652,0.6875759052088999,2.9324535291448433,1.2373418539279064,0.0
36,45,27,1.862540013966686,0.6257339390050013,0.6361014935168834,3.0889785344164884,1.2368060749616845,0.0
6,6,35,2.1392977548673318,0.9092762234453481,0.35711635691444954,3.921479152820214,1.2300215314219836,0.0
82,45,17,1.8945369394328588,0.6667543118431467,0.5876984882202914,3.2013753906454263,1.2277826275897121,0.0
70,43,23,1.6808588259414827,0.4537223449051603,0.7915630299273686,2.570154621955597,1.2271364810363226,0.0
64,80,53,1.5343437065603909,0.3559100681750779,0.8367599729372381,2.2319274401835436,1.178433638385313,0.0
36,45,38,1.7305670566930471,0.5568117017536205,0.6392161212559511,2.8219179921301434,1.1737553549394266,0.0
64,82,21,1.6585946848785638,0.4961433498831149,0.6861537191076585,2.631035650649469,1.1624513349954488,0.0
70,6,11,1.6323846832869329,0.47178278222596914,0.7076904301240333,2.5570789364498325,1.1606019010609638,0.0
70,43,5,1.4744079776305368,0.3141848733617778,0.8586056258414523,2.0902103294196213,1.160223104268759,0.0
45,6,4,1.7465870249612525,0.5900104979047942,0.590166449067856,2.9030076008546493,1.1565765270564583,0.0
111,70,4,1.6522431474340706,0.5031186951350715,0.6661305049693306,2.6383557898988106,1.1491244522989992,0.0
64,6,38,1.724858348703085,0.5812129417188597,0.5856809829341201,2.86403571447205,1.1436454069842252,0.0
68,6,18,1.5036936719983303,0.36293232697310324,0.7923463111310479,2.2150410328656127,1.140761345025227,0.0
70,43,28,1.5446071325824147,0.4053160020025581,0.7501877686574009,2.3390264965074286,1.1392911305798565,0.0
117,6,47,1.5605021673792818,0.42380166152574633,0.729850910788819,2.3911534239697447,1.1367005058535355,0.0
41,75,52,1.8118719072489928,0.6861384022098181,0.4670406389177493,3.1567031755802364,1.1257335050391748,0.0
64,43,40,1.588193160132466,0.46317081961869744,0.6803783536798189,2.496007966585113,1.1250223405137685,0.0
117,6,57,1.4266355556544141,0.30255805165571703,0.8336217744092088,2.0196493368996196,1.1240775039986972,0.0
64,80,51,1.6334148203540688,0.5126987736914305,0.6285252239188652,2.638304416789272,1.1207160466626385,0.0
64,99,23,1.462896326680586,0.344464377042538,0.7877461476772114,2.1380465056839606,1.118431949638048,0.0
6,70,12,1.6649054372905174,0.5476083178889799,0.5915931342281169,2.738217740352918,1.1172971194015375,0.0
111,80,58,1.5151742055655435,0.4015868338408409,0.7280640112374954,2.3022843998935913,1.1135873717247027,0.0
111,43,14,1.629893878317227,0.5308120369596803,0.5895022858762538,2.6702854707582,1.0990818413575467,0.0
99,6,46,1.562947700612411,0.4656905548510912,0.6501942131042724,2.4757011881205497,1.0972571457613198,0.0
6,6,40,1.9283237322983162,0.8318112814641091,0.2979736206286625,3.55867384396797,1.096512450834207,0.0
111,36,56,1.528023130461133,0.43475905142645443,0.6758953896652823,2.3801508712569834,1.0932640790346784,0.0
68,6,50,1.4489015599886952,0.3564088708214904,0.7503401731785739,2.147462946798816,1.0924926891672047,0.0
80,70,50,1.6616083598397893,0.571625372641661,0.5412226294621336,2.781994090217445,1.0899829871981281,0.0
41,99,33,1.4625926526664597,0.3726810484705405,0.7321377976642003,2.193047507668719,1.0899116041959191,0.0
99,6,42,1.395139754434501,0.3059778299488641,0.7954232077347274,1.9948563011342746,1.089161924485637,0.0
80,99,48,1.4991861590659226,0.4187467630426936,0.6784425035022431,2.319929814629602,1.080439396023229,0.0
99,6,43,1.5478744861404063,0.4695313557162071,0.6275930289366405,2.468155943344172,1.0783431304241993,0.0
36,70,12,1.6914737141318599,0.6157170398617069,0.4846683160029144,2.8982791122608056,1.075756674270153,0.0
111,6,25,1.4607664448002027,0.3917591843235194,0.6929184435261047,2.2286144460743005,1.0690072604766834,0.0
111,99,54,1.519096342552781,0.45787567179413435,0.6216600258362777,2.4165326592692846,1.0612206707586467,0.0
36,70,32,1.4964294086153025,0.4387784872969384,0.6364235735133033,2.3564352437173017,1.057650921318364,0.0
6,64,26,1.6198697212040332,0.5670794833302755,0.5083939338766932,2.731345508531373,1.0527902378737577,0.0
68,70,54,1.6043227259721557,0.5603434093394467,0.5060496436668402,2.7025958082774713,1.0439793166327092,0.0
64,43,14,1.4770957811997645,0.43348078399813367,0.6274734445634225,2.3267181178361067,1.0436149972016309,0.0
68,70,24,1.5463238647032607,0.5056844683874063,0.5551823066639443,2.537465422742577,1.0406393963158544,0.0
70,24,30,1.4929240619845359,0.46896080016943603,0.5737608936524412,2.4120872303166303,1.0239632618150998,0.0
99,45,32,1.4498420339012088,0.43630065635527077,0.5946927474448781,2.3049913203575394,1.013541377545938,0.0
111,6,56,1.4811930223049816,0.46906853944368276,0.5618186849953635,2.4005673596146,1.012124482861299,0.0
36,68,53,1.4891741219780499,0.4773289348288375,0.5536094097135285,2.4247388342425715,1.0118451871492125,0.0
80,99,3,1.4258740792876354,0.4162110993898696,0.610100324483491,2.24164783409178,1.0096629798977659,0.0
6,70,33,1.617793056456518,0.6113322519040039,0.4195818427246705,2.8160042701883654,1.006460804552514,0.0
36,68,50,1.4204890531580732,0.41654741388988936,0.60405612193389,2.2369219843822563,1.003941639268184,0.0
82,43,30,1.5624849350989582,0.5624686155172183,0.4600464486852105,2.664923421512706,1.00001631958174,0.0
70,43,43,1.469925288846377,0.4728891990321128,0.543062458743436,2.396788118949318,0.9970360898142642,0.0
111,6,22,1.5134144805232077,0.5168229347808422,0.500441528352757,2.5263874326936584,0.9965915457423655,0.0
43,45,54,1.3428003800847506,0.35187333392355585,0.6531286455945811,2.03247211457492,0.9909270461611948,0.0
36,117,4,1.3926761225198432,0.4074384131807199,0.5940968326856322,2.191255412354054,0.9852377093391234,0.0
80,6,50,1.423625899284717,0.44017810275309116,0.5608768178886584,2.2863749806807756,0.983447796531626,0.0
45,6,0,1.5256887468302696,0.54352658697633,0.4603766363566626,2.5910008573038765,0.9821621598539395,0.0
70,45,8,1.4545504380264684,0.48053315537165064,0.5127054534980332,2.3963954225549036,0.9740172826548178,0.0
64,43,8,1.3850016590701866,0.4133011923576326,0.5749313220492267,2.1950719960911464,0.971700466712554,0.0
80,6,53,1.4362152754026014,0.4684408092667647,0.5180712892397427,2.35435926156546,0.9677744661358367,0.0
36,99,8,1.2828382299169092,0.31868606903593877,0.6582135346064693,1.9074629252273492,0.9641521608809704,0.0
99,6,8,1.253963625112955,0.294310476709078,0.677115090763162,1.8308121594627478,0.9596531484038768,0.0
64,80,7,1.4423007588909105,0.4835451042266472,0.494552354606682,2.390049163175139,0.9587556546642633,0.0
99,6,5,1.3036382944505132,0.3455345161464356,0.6263906428034994,1.9808859460975268,0.9581037783040776,0.0
111,70,1,1.3838339152825179,0.4311047756811743,0.5388685549474163,2.2287992756176194,0.9527291396013435,0.0
82,6,46,1.466425127333501,0.5137763391266107,0.45942350264534393,2.473426752021658,0.9526487882068903,0.0
80,70,1,1.5238727959265777,0.5741620644075942,0.3985151496876931,2.649230442165462,0.9497107315189834,0.0
6,6,55,1.9839209037434078,1.0411737543583623,-0.056779654798982504,4.024621462285798,0.9427471493850454,0.0
36,64,4,1.436467246765508,0.513168126701787,0.43065771843000533,2.4422767751010106,0.923299120063721,0.0
64,6,3,1.4033062216549084,0.48404345746684513,0.45458104501989194,2.352031398289925,0.9192627641880633,0.0
74,75,47,1.365014024240794,0.4469204142236726,0.48905001236239565,2.240978036119192,0.9180936100171213,0.0
70,6,19,1.5584646131816349,0.6459876974079213,0.29232872626210926,2.8246005001011607,0.9124769157737136,0.0
70,43,47,1.224647085385023,0.31410730811042314,0.6089967614885937,1.8402974092814524,0.9105397772746,0.0
36,117,18,1.2947918374858924,0.3859133764810672,0.5384016195830007,2.051182055388784,0.9088784610048253,0.0
70,6,32,1.3787378130336836,0.4724871228800298,0.4526630521888252,2.304812573878542,0.9062506901536538,0.0
99,45,34,1.2407566825964176,0.3382985065465262,0.5776916097652263,1.903821755427609,0.9024581760498913,0.0
36,70,19,1.5988179135228007,0.6966435786501272,0.23339649936855156,2.96423932767705,0.9021743348726735,0.0
70,43,54,1.2425367200502084,0.3503455203325072,0.5558595001984943,1.9292139399019226,0.8921911997177012,0.0
82,45,7,1.425279272669408,0.5368785339083836,0.3729973462089762,2.4775611991298394,0.8884007387610243,0.0
68,70,47,1.3759395282367366,0.4895214529364622,0.41647748048127065,2.3354015759922024,0.8864180753002744,0.0
6,68,53,1.3939145462899445,0.510933240857456,0.39248539420933093,2.3953436983705583,0.8829813054324885,0.0
6,45,31,1.4186945100574533,0.5392759223297071,0.36171370229122735,2.4756753178236792,0.8794185877277462,0.0
80,99,1,1.2349534092040695,0.3573236421560697,0.5345990705781729,1.935307747829966,0.8776297670479998,0.0
70,43,57,1.2155973774732227,0.3414189448919777,0.5464162454849464,1.884778509461499,0.874178432581245,0.0
111,43,42,1.2788802159858708,0.4064596062179723,0.48221938779864515,2.0755410441730966,0.8724206097678985,0.0
6,6,52,1.9910623960678782,1.122595247565167,-0.20922428915984903,4.191349081295606,0.8684671485027111,0.0
70,45,46,1.3387648547325666,0.4795559826363525,0.3988351287653157,2.2786945806998173,0.8592088720962141,0.0
43,45,37,1.2373681938703764,0.38280090061138655,0.48707842867205886,1.987657959068694,0.8545672932589898,0.0
111,70,25,1.27136781959563,0.41801527396158145,0.4520578826309303,2.0906777565603294,0.8533525456340485,0.0
36,45,37,1.3546765413177515,0.504126188990672,0.36658921089603447,2.3427638717394688,0.8505503523270795,0.0
45,6,40,1.3235337645186809,0.4778452964676196,0.38695698344214646,2.2601105455952153,0.8456884680510612,0.0
111,70,8,1.3120513326342487,0.47501086613265514,0.3810300350142446,2.243072630254253,0.8370404665015936,0.0
111,80,43,1.2400778059753559,0.4044608528222927,0.4473345344436622,2.0328210775070494,0.8356169531530632,0.0
64,80,0,1.2437320624497548,0.4086226700152224,0.4428316292199189,2.0446324956795907,0.8351093924345323,0.0
111,99,39,1.4916393242808428,0.6622253985884022,0.19367754304757434,2.7896011055141114,0.8294139256924405,0.0
38,6,53,1.150958034852903,0.3241478152043761,0.5156283170523258,1.7862877526534802,0.8268102196485269,0.0
36,80,53,1.4198588343708534,0.6001841462187116,0.2434979077821786,2.596219760959528,0.8196746881521417,0.0
111,117,21,1.3172124925088473,0.49818033551869406,0.34077903489220696,2.2936459501254878,0.8190321569901533,0.0
36,117,0,1.210775786913905,0.3972248820486669,0.4322150180985179,1.9893365557292921,0.8135509048652382,0.0
111,68,18,1.1509292213180078,0.3379136761037957,0.48861841615456825,1.8132400264814472,0.813015545214212,0.0
111,43,32,1.1266381372334835,0.3164892149112615,0.506319276007411,1.7469569984595559,0.810148922322222,0.0
70,82,13,1.4225595973971048,0.614457420960621,0.21822305231428785,2.6268961424799215,0.8081021764364839,0.0
117,6,43,1.1701445355913562,0.36475963907339465,0.4552156430075027,1.8850734281752097,0.8053848965179615,0.0
64,80,47,1.2008746516040278,0.4002730241827614,0.41633952420581555,1.9854097790022402,0.8006016274212664,0.0
99,6,40,1.1033002737400819,0.31212927491446607,0.4915268949077284,1.7150736525724355,0.7911709988256158,0.0
6,64,4,1.3645297814583748,0.5757716909960304,0.23601726710615512,2.4930422958105947,0.7887580904623444,0.0
111,117,18,1.2010980831234885,0.41473466142491217,0.3882181467306607,2.0139780195163164,0.7863634216985764,0.0
80,70,9,1.1664219663986803,0.38604457245281304,0.40977460439116675,1.923069328406194,0.7803773939458674,0.0
99,43,38,1.2030113649231235,0.4231012287444411,0.37373295658401895,2.032289773262228,0.7799101361786824,0.0
117,6,6,1.1823042611923384,0.40730243460839416,0.3839914893598859,1.980617033024791,0.7750018265839442,0.0
117,6,15,1.1358090629214226,0.36399746449958814,0.4223740325022298,1.8492440933406153,0.7718115984218344,0.0
6,38,1,1.1589646662667479,0.39266918258331773,0.38933306840344517,1.9285962641300505,0.7662954836834301,0.0
74,37,12,1.1853207757023536,0.42114768845258477,0.3598713063352875,2.01077024506942,0.7641730872497688,0.0
6,6,48,1.7978802360658073,1.0361060559332251,-0.23288763356331388,3.8286481056949286,0.7617741801325821,0.0
45,6,14,1.2423552192290215,0.48310700211634516,0.29546549508098496,2.1892449433770578,0.7592482171126763,0.0
37,75,37,1.274654794661053,0.5275812959454487,0.2405954546079736,2.3087141347141324,0.7470734987156042,0.0
36,6,25,1.5567012857173153,0.8153661381102804,-0.041416344978834285,3.154818916413465,0.7413351476070349,0.0
82,45,27,1.2739379884103181,0.5349207986628963,0.22549322303104136,2.322382753789595,0.7390171897474218,0.0
70,82,12,1.3098562704676056,0.5752281055745329,0.18240918354152114,2.4373033573936898,0.7346281648930727,0.0
6,45,18,1.168788955192326,0.4402806644056485,0.305838852957255,2.031739057427397,0.7285082907866776,0.0
82,6,13,1.220998548895036,0.4928839323876391,0.2549460414152632,2.1870510563748087,0.7281146165073968,0.0
80,99,40,1.0872776436556446,0.3604384591253581,0.38081826376994277,1.7937370235413463,0.7268391845302865,0.0
64,99,26,1.1609674301507478,0.4390562149852539,0.30041724877965015,2.0215176115218454,0.7219112151654938,0.0
45,6,42,1.16085367380431,0.4440373682311437,0.29054043207126845,2.0311669155373515,0.7168163055731663,0.0
36,82,13,1.2775871949437012,0.5607982238533846,0.17842267619106744,2.376751713696335,0.7167889710903166,0.0
80,99,30,1.1223917584865684,0.4057448969402104,0.32713176048375603,1.9176517564893807,0.7166468615463579,0.0
111,68,17,1.195240608811019,0.4793323927198531,0.2557491190801069,2.134732098541931,0.7159082160911658,0.0
36,70,39,1.2956242491691996,0.5813964017550125,0.15608730172937513,2.435161196609024,0.7142278474141871,0.0
99,70,24,1.0846275460901498,0.37085793612025764,0.35774599129444484,1.8115091008858548,0.7137696099698921,0.0
68,70,11,1.2094666381024133,0.4999086564745448,0.22964567141230552,2.189287604792521,0.7095579816278685,0.0
36,64,18,1.116761106797374,0.4075632541249943,0.3179371287123852,1.9155850848823626,0.7091978526723797,0.0
99,43,14,1.1637586840813707,0.4619195247542072,0.25839641556312454,2.069120952599617,0.7018391593271636,0.0
41,117,33,1.0931709907397893,0.39894741254739446,0.3112340621468962,1.8751079193326823,0.6942235781923949,0.0
70,82,15,1.1660795283297305,0.47746616698820116,0.23024584103285628,2.1019132156266047,0.6886133613415293,0.0
64,80,36,1.046017786489693,0.35885419348423064,0.3426635672606009,1.749372005718785,0.6871635930054623,0.0
36,99,2,1.0084150445387081,0.3253581673287964,0.37071303657426713,1.6461170525031492,0.6830568772099117,0.0
36,82,38,1.3386293025753606,0.6597335062099867,0.045551630403786625,2.6317069747469346,0.6788957963653739,0.0
111,117,17,1.154206325968316,0.47859503688752464,0.21616005366876767,2.0922525982678644,0.6756112890807913,0.0
68,24,18,1.189762243884044,0.5146155035691394,0.1811158568885307,2.198408630879557,0.6751467403149046,0.0
99,6,12,1.0374336794680108,0.36349950322293445,0.32497465315105933,1.7498927057849623,0.6739341762450763,0.0
45,6,29,1.1236000636808372,0.45047757577762293,0.24066401515669633,2.0065361122049783,0.6731224879032143,0.0
111,117,50,0.9949734366369001,0.33319157664043686,0.34191794642164386,1.6480289268521564,0.6617818599964632,0.0
99,43,55,1.088846220253195,0.43197363499994856,0.24217789565329584,1.9355145448530942,0.6568725852532464,0.0
36,68,14,1.0504528696501267,0.3962533405523292,0.27379632216756156,1.827109417132692,0.6541995290977975,0.0
82,43,13,1.3130339500234482,0.6603829175407383,0.01868343164360131,2.6073844684032954,0.65265103248271,0.0
43,45,15,1.1039589236868723,0.45167452812646186,0.21867684855900704,1.9892409988147377,0.6522843955604105,0.0
111,80,48,1.012025953460927,0.36566011641537083,0.2953321252868002,1.728719781635054,0.6463658370455563,0.0
36,117,12,0.9631062661591954,0.3247502474673243,0.32659578112323984,1.599616751195151,0.6383560186918711,0.0
6,82,47,1.1672635584275004,0.5308767691204125,0.126745090951492,2.2077820259035086,0.6363867893070879,0.0
36,99,41,0.9484592226512135,0.3131249358590439,0.3347343483674875,1.5621840969349394,0.6353342867921696,0.0
64,6,45,1.130926837189643,0.49576441706276025,0.15922857974663296,2.102625094632653,0.6351624201268828,0.0
80,6,4,0.9455788304193886,0.3158355553145518,0.3265411420028671,1.5646165188359102,0.6297432751048369,0.0
64,99,15,1.1466500782417115,0.5195583393421399,0.12831573313111733,2.1649844233523057,0.6270917388995716,0.0
38,6,50,1.0439155382670429,0.4192303716757182,0.22222400978263523,1.8656070667514504,0.6246851665913247,0.0
111,6,20,1.1794154529484389,0.5572411609723719,0.08722277744259,2.2716081284542877,0.622174291976067,0.0
70,24,58,1.1281956994190372,0.5072985892201102,0.1338904645476212,2.122500934290453,0.620897110198927,0.0
111,70,28,1.1468803485011054,0.5260720122519407,0.11577920448730183,2.177981492514909,0.6208083362491648,0.0
64,43,41,0.9084410919101118,0.2932142475127452,0.3337411667851312,1.4831410170350923,0.6152268443973665,0.0
111,6,29,1.1261295726267573,0.5114020727568206,0.123781510023389,2.1284776352301256,0.6147274998699367,0.0
36,64,45,1.1971262625852916,0.5824543438023911,0.05551574873260501,2.3387367764379783,0.6146719187829005,0.0
36,45,2,1.1085866299299394,0.4947325368038025,0.13891085779448642,2.078262402065392,0.6138540931261369,0.0
117,6,14,0.9861140827971426,0.3759286525041614,0.2492939238889863,1.7229342417052989,0.6101854302929812,0.0
64,80,50,0.9606221566169019,0.3508718663526127,0.27291329856578095,1.6483310146680228,0.6097502902642892,0.0
82,6,27,1.096438687246518,0.4872160111922959,0.14149530530961796,2.051382069183418,0.6092226760542221,0.0
36,117,45,0.9642741409516139,0.35666365930895305,0.26521336870606593,1.6633349131971618,0.6076104816426608,0.0
99,18,53,0.8872544348662574,0.28725917788607164,0.324226446209557,1.4502824235229579,0.5999952569801859,0.0
99,6,2,0.9791317992087339,0.38026994521752305,0.23380270658238878,1.7244608918350792,0.598861853991211,0.0
117,6,51,1.055489799265183,0.4625715563320764,0.14884954885431334,1.9621300496760528,0.5929182429331066,0.0
36,117,38,0.9550121227387687,0.36212493611788843,0.24524724794770736,1.66477699752983,0.5928871866208802,0.0
36,80,4,0.9009809939506483,0.31746975592827964,0.27874027233122023,1.5232217155700765,0.5835112380223687,0.0
64,43,0,1.072271818193277,0.489262258518605,0.11331779149681132,2.031225844889743,0.583009559674672,0.0
64,80,25,0.8421328956496976,0.2641553495624041,0.32438841050738554,1.3598773807920097,0.5779775460872936,0.0
36,82,4,1.157220524114111,0.5799740574400912,0.020471371531532112,2.2939696766966895,0.5772464666740197,0.0
36,117,31,0.8763315209259847,0.2992890155926921,0.2897250503643082,1.462937991487661,0.5770425053332926,0.0
70,45,45,1.2010090733237597,0.6296900113276457,-0.03318334887842589,2.4352014955259453,0.571319061996114,0.0
111,68,30,0.9514569308871709,0.3831067053743501,0.2005677883534447,1.702346073420897,0.5683502255128208,0.0
64,80,1,0.9695552129355954,0.4084628741432702,0.16896797961478582,1.770142446256405,0.5610923387923252,0.0
99,32,50,0.9512160315115952,0.39129314098386536,0.18428147518321902,1.7181505878399714,0.5599228905277298,0.0
117,6,28,0.8791927147039302,0.319991219091084,0.25200992528540556,1.506375504122455,0.5592014956128462,0.0
36,45,12,1.1576878731249196,0.6052590238148267,-0.028619813552140716,2.34399555980198,0.552428849310093,0.0
6,70,39,1.216886997398476,0.6648751646316899,-0.08626832527963635,2.5200423200765885,0.552011832766786,0.0
70,82,30,1.0738841912637376,0.5342104692047511,0.02683167162242528,2.12093671090505,0.5396737220589864,0.0
6,45,48,1.1009407330253347,0.5657413976325192,-0.007912406334402933,2.209793872385072,0.5351993353928155,0.0
99,70,1,0.8307973109099237,0.29595101852363254,0.25073331460360393,1.4108613072162435,0.5348462923862911,0.0
36,99,30,0.8683317718507864,0.33592366453389283,0.20992138936435645,1.5267421543372164,0.5324081073168936,0.0
70,43,46,0.9159355131137449,0.3842826778962769,0.16274146443704218,1.6691295617904476,0.531652835217468,0.0
36,45,33,0.9897598389825255,0.46404006711032975,0.08024130744627922,1.899278370518772,0.5257197718721958,0.0
38,36,42,0.8530852372617773,0.33417631659857433,0.19809965672857166,1.5080708177949829,0.5189089206632029,0.0
45,6,33,1.06566970621358,0.5479792329799785,-0.008369590427177886,2.139709002854338,0.5176904732336015,0.0
36,117,25,0.8044421034879071,0.2902572772115927,0.23553784015318535,1.373346366822629,0.5141848262763145,0.0
36,45,54,0.9385456335459547,0.428924299441014,0.09785400664156718,1.7792372604503421,0.5096213341049407,0.0
80,99,35,0.8782179484209786,0.3701539796900601,0.1527161482284608,1.6037197486134964,0.5080639687309185,0.0
36,82,36,1.0691015681503742,0.5636072491357036,-0.03556864015560479,2.173771776456353,0.5054943190146706,0.0
6,70,13,1.3102895755580641,0.8071747484369107,-0.27177293137828085,2.8923520824944093,0.5031148271211534,0.0
74,70,17,0.9462820947843448,0.4442295407054126,0.07559219500173608,1.8169719945669534,0.5020525540789322,0.0
70,82,25,0.9451468151416086,0.4477153057737895,0.06762481582498125,1.822668814458236,0.4974315093678191,0.0
36,99,39,0.9177211579045516,0.4271639913136267,0.08047973492984328,1.7549625808792597,0.49055716659092485,0.0
82,45,57,0.8864891410044117,0.3996290617279341,0.10321618001766086,1.6697621019911626,0.48686007927647756,0.0
64,6,14,0.9218098403109928,0.4353361311650762,0.06855102322744344,1.775068657394542,0.4864737091459166,0.0
37,99,37,0.8937399309245239,0.408385136739734,0.09330506291464524,1.6941747989344025,0.4853547941847899,0.0
70,82,3,0.9854700742998737,0.5082285149970234,-0.010657815094292089,1.9815979636940395,0.4772415593028503,0.0
80,99,51,1.0260533230209303,0.5542208126690576,-0.06021946981042259,2.1123261158522832,0.4718325103518727,0.0
80,45,17,1.1460917309960397,0.6788498796578123,-0.18445403313327247,2.4766374951253516,0.4672418513382274,0.0
70,24,24,1.0129815671833833,0.5464136464414202,-0.05798917984180041,2.0839523142085667,0.46656792074196307,0.0
36,82,14,0.9334273731372301,0.4679628880787472,0.016220112502885686,1.8506346337715747,0.4654644850584829,0.0
80,99,0,0.9468117993436704,0.48305106444641355,3.171302869986459e-05,1.893591885658641,0.4637607348972569,0.0
111,82,27,0.8440942119675863,0.3803928561870879,0.09852421384089405,1.5896642100942784,0.46370135578049837,0.0
99,43,42,0.763336525691436,0.29983728827615563,0.17565544067017091,1.351017610712701,0.4634992374152803,0.0
74,41,33,0.718666682504273,0.2617309354593419,0.2056740490039629,1.231659316004583,0.4569357470449311,0.0
74,70,47,0.7739914506435995,0.31971555769350823,0.14734895756432342,1.4006339437228756,0.4542758929500913,0.0
82,6,36,1.0539782374779705,0.6088823065882626,-0.13943108343502408,2.2473875583909653,0.4450959308897079,0.0
36,6,11,1.1952986973179192,0.7506333287172774,-0.2759426269679446,2.666540021603783,0.44466536860064176,0.0
82,43,24,0.8602575837078502,0.42513549580973753,0.026992011920764725,1.6935231554949357,0.4351220878981127,0.0
80,45,2,0.7848711705659205,0.3526406613497282,0.09369547432045322,1.4760468668113877,0.43223050921619227,0.0
36,68,58,0.824009958215511,0.3948001456047062,0.05020167283028687,1.5978182436007353,0.4292098126108048,0.0
36,99,22,0.8753597189383816,0.4521136581600633,-0.010783051055342496,1.7615024889321056,0.4232460607783183,0.0
111,117,43,0.8514409991636427,0.43333691627946097,0.002100643255899204,1.7007813550713862,0.4181040828841817,0.0
6,64,23,0.759827712024167,0.3446243752807866,0.08436393647382523,1.4352914875745086,0.4152033367433804,0.0
64,117,0,0.8563589424640199,0.4419007441299175,-0.0097665160306184,1.7224844009586582,0.4144581983341024,0.0
68,82,18,0.9468454759083478,0.5328430077181704,-0.0975268192192662,1.9912177710359618,0.4140024681901774,0.0
6,45,49,0.8551030583476297,0.44574406864922284,-0.018555316204847072,1.7287614329001064,0.40935898969840684,0.0
111,117,40,0.7932145642888363,0.38503007512188236,0.03855561704994692,1.5478735115277256,0.40818448916695393,0.0
82,45,58,0.8362631819891102,0.42876761133224833,-0.004121336222096539,1.6766477002003168,0.40749557065686187,0.0
38,36,58,0.7675144290071686,0.36311039273598633,0.055818059244635454,1.4792107987697016,0.40440403627118227,0.0
38,6,42,0.7828255775163672,0.38280613515109574,0.0325255526202195,1.5331256024125148,0.4000194423652714,0.0
117,99,36,0.8455890212096445,0.45178363274513306,-0.03990689897081623,1.7310849413901053,0.39380538846451146,0.0
80,6,38,0.7623004074648171,0.3755325842883491,0.026256542259652793,1.4983442726699814,0.38676782317646796,0.0
6,82,36,1.0235643859119246,0.639057719821226,-0.22898874493767818,2.276117516761527,0.3845066660906986,0.0
111,60,21,0.8004289632592545,0.4266103589631855,-0.03572734030858904,1.636585266827098,0.373818604296069,0.0
111,117,53,0.7857797852917355,0.4196338724633371,-0.03670260473640519,1.6082621753198763,0.3661459128283984,0.0
38,82,53,0.6385153195822879,0.2752218149433172,0.09908056229338613,1.1779500768711897,0.3632935046389707,0.0
82,45,39,0.8615916570072146,0.5023359603685242,-0.12298682531509286,1.846170139329522,0.3592556966386904,0.0
6,82,14,0.8699122488112364,0.5176709370891637,-0.14472278788352433,1.884547285505997,0.35224131172207274,0.0
99,70,18,0.8630817248369572,0.5122830632047078,-0.14099307904427005,1.8671565287181844,0.3507986616322494,0.0
38,6,22,0.7453215778914674,0.4008833277342485,-0.04040974446765966,1.5310529002505944,0.34443825015721885,0.0
36,45,10,0.8994814491372507,0.5568101821957886,-0.19186650796649496,1.9908294062409964,0.3426712669414621,0.0
117,99,57,0.7903272571757842,0.45250339694551656,-0.09657940083742822,1.6772339151889968,0.33782386023026767,0.0
64,82,47,0.6984564130314387,0.36262192132030613,-0.012282552756361365,1.4091953788192386,0.33583449171113255,0.0
64,117,30,0.7790139816268532,0.4434922907018852,-0.09023090814884172,1.6482588714025481,0.33552169092496803,0.0
36,68,57,0.6840223325535771,0.35004130675080886,-0.002058628678008212,1.3701032937851625,0.3339810258027683,0.0
80,45,3,0.8030562451378407,0.47228647967651494,-0.1226252550281286,1.72873774530381,0.33076976546132575,0.0
99,6,56,0.6619206939113973,0.3321895826719489,0.010829111874377406,1.313012275948417,0.32973111123944837,0.0
82,6,49,0.7919291546642901,0.4687963325028142,-0.12691165704122576,1.710769966369806,0.32313282216147593,0.0
82,6,3,0.8621924729467757,0.5413494057752744,-0.19885236237276194,1.9232373082663132,0.32084306717150135,0.0
111,80,35,0.6529249215725209,0.33499049810835013,-0.0036564547198453257,1.3095062978648873,0.3179344234641708,0.0
36,82,30,0.7483671623135062,0.43571727939079613,-0.10563870529245423,1.6023730299194665,0.31264988292271007,0.0
117,6,22,0.6053989854483611,0.2933796553944625,0.030374860875214682,1.1804231100215077,0.31201933005389865,0.0
99,70,9,0.717647014135085,0.40744565811964845,-0.08094647577942593,1.516240504049596,0.3102013560154366,0.0
99,32,21,0.7283428125688545,0.4221414497507921,-0.099054428942698,1.555740054080407,0.3062013628180624,0.0
111,60,57,0.7299909707963491,0.42729331686092253,-0.10750393025105909,1.5674858718437572,0.3026976539354266,0.0
117,45,36,0.6579464061866344,0.3695210240123889,-0.06631480087764785,1.3822076132509165,0.28842538217424546,0.0
64,117,47,0.6453045255349613,0.35790967444480326,-0.05619843637685307,1.3468074874467757,0.28739485109015805,0.0
80,70,46,0.7316295879980595,0.4456215421227936,-0.14178863456261592,1.6050478105587351,0.28600804587526596,0.0
64,99,2,0.7625553543878131,0.4778820025829194,-0.17409337067470898,1.6992040794503351,0.28467335180489367,0.0
38,36,47,0.6611090585799294,0.3766574951695519,-0.07713963195239226,1.399357749112251,0.28445156341037753,0.0
111,117,30,0.6777548012783933,0.3948445338072837,-0.09614048498388272,1.4516500875406693,0.2829102674711096,0.0
38,99,16,0.8981852508127118,0.6214636354801033,-0.3198834747282907,2.1162539763537143,0.27672161533260853,0.0
32,6,1,0.6669275518870358,0.3905851891255728,-0.09861941879908687,1.4324745225731585,0.276342362761463,0.0
99,45,29,0.7906454322473996,0.5177941023644178,-0.2242310083868594,1.8055218728816587,0.2728513298829818,0.0
99,32,40,0.6936343243203056,0.42180870769569023,-0.1331107427632473,1.5203793914038584,0.27182561662461535,0.0
64,43,5,0.7321347809013559,0.4629352252225013,-0.17521826053474665,1.6394878223374585,0.26919955567885456,0.0
80,70,18,0.890046588307193,0.6295690978555655,-0.3439088434897154,2.1240020201041014,0.2604774904516275,0.0
64,99,56,0.6568581338847904,0.3979418446937511,-0.12310788171496168,1.4368241494845426,0.2589162891910393,0.0
36,60,1,0.6122190398902682,0.3607513715278197,-0.09485364830425846,1.319291728084795,0.25146766836244844,0.0
36,45,20,0.7541073871672487,0.5034258885556043,-0.23260735440173574,1.740822128736233,0.25068149861164435,0.0
82,6,16,0.7625589040324067,0.5120688233747186,-0.24109598978204183,1.7662137978468553,0.2504900806576881,0.0
99,43,45,0.7713649804520788,0.521834242555527,-0.25143013495675404,1.7941600958609116,0.24953073789655178,0.0
36,117,54,0.5729106029685185,0.32817737764016214,-0.0703170572061993,1.2161382631432363,0.24473322532835634,0.0
82,6,30,0.6865613812736443,0.4424500579244091,-0.18064073225819754,1.5537634948054861,0.2441113233492352,0.0
6,82,16,0.7192408145705304,0.48141941608788086,-0.22434124096171615,1.6628228701027767,0.2378213984826495,0.0
36,80,16,0.5859450915013568,0.3527000834832672,-0.10534707212584693,1.2772372551285605,0.23324500801808956,0.0
64,43,51,0.8370924001187573,0.6065510344395456,-0.3517476273827521,2.025932427620267,0.23054136567921168,0.0
64,80,48,0.5649135799602895,0.33448683023077275,-0.0906806072920251,1.2205077672126041,0.2304267497295167,0.0
70,43,6,0.623566568800262,0.3986779597527266,-0.1578422323150821,1.404975369915606,0.22488860904753538,0.0
6,64,55,0.7143894967807753,0.4934568440902478,-0.25278591763611036,1.6815649111976612,0.22093265269052753,0.0
117,6,48,0.5806543186991734,0.36005590652696107,-0.12505525809367024,1.2863638954920171,0.22059841217221232,0.0
64,82,16,0.653802249527292,0.43356219058070167,-0.1959796440108832,1.5035841430654673,0.22024005894659038,0.0
36,117,48,0.5342978144047636,0.3168463532580378,-0.0867210379809904,1.1553166667905177,0.21745146114672587,0.0
80,6,18,0.587937535215086,0.3749359620320547,-0.14693695036774124,1.322812020797913,0.21300157318303126,0.0
70,82,2,0.7065824440090189,0.4948297868268365,-0.2632839381715806,1.6764488261896184,0.21175265718218245,0.0
64,80,16,0.5889117415987617,0.3773149278845718,-0.15062551705499905,1.3284490002525224,0.21159681371418987,0.0
64,6,22,0.7297198822317131,0.5185797903373893,-0.2866965068295698,1.746136271292996,0.2111400918943238,0.0
80,70,25,0.6264750544580768,0.4184089211073062,-0.19360643091224328,1.4465565398283968,0.20806613335077062,0.0
6,68,23,0.5303561577099639,0.3230475620802008,-0.10281706396722967,1.1635293793871575,0.20730859562976311,0.0
68,6,23,0.5516955310363839,0.34735088732050096,-0.1291122081117979,1.2325032701845657,0.20434464371588296,0.0
36,82,16,0.7383192330535739,0.5358327250375311,-0.31191290801998695,1.7885513741271348,0.20248650801604284,0.0
111,117,48,0.6389794691984602,0.43787316947390276,-0.2192519429703892,1.4972108813673095,0.2011062997245574,0.0
117,6,35,0.5485141017825181,0.3495205774451707,-0.13654623001001642,1.2335744335750527,0.19899352433734746,0.0
36,45,30,0.6593750989174125,0.46287427659169644,-0.24785848320231252,1.5666086810371376,0.19650082232571608,0.0
36,104,50,0.5539921195886299,0.36020231662177055,-0.1520044209900403,1.2599886601673003,0.19378980296685938,0.0
82,43,25,0.6991027372671086,0.5073539250433894,-0.29531095581793454,1.6935164303521517,0.1917488122237192,0.0
36,117,22,0.5433897041768061,0.35316585878133744,-0.14881537903461528,1.2355947873882274,0.19022384539546866,0.0
80,70,39,0.8040741455687397,0.6179960796781818,-0.40719817060049657,2.015346461737976,0.18607806589055786,0.0
82,6,31,0.6031465292251494,0.42562486320263976,-0.2310782026520245,1.4373712611023235,0.17752166602250968,0.0
117,6,42,0.4134172887129885,0.2391007796972011,-0.055220239493525614,0.8820548169195026,0.1743165090157874,0.0
82,45,14,0.5731101957958342,0.40244288256422084,-0.21567785403003858,1.361898245621707,0.17066731323161338,0.0
104,32,18,0.6984897831534794,0.5283566547173844,-0.337089260092594,1.734068826399553,0.17013312843609507,0.0
6,38,16,0.5393006393950398,0.37455596587515827,-0.19482905372027037,1.27343033251035,0.16474467351988153,0.0
36,117,35,0.498557393406154,0.34032592774608106,-0.1684814249761648,1.1655962117884728,0.15823146566007296,0.0
99,82,58,0.37985047263825944,0.222695310225842,-0.05663233540439083,0.8163332806809097,0.15715516241241745,0.0
75,18,47,0.5203675606676192,0.36672198225535263,-0.19840752455287192,1.2391426458881103,0.15364557841226661,0.0
38,6,25,0.4813482491402718,0.327741317419924,-0.16102473300277925,1.123721231283323,0.15360693172034778,0.0
6,32,1,0.565589261358841,0.41219844390346616,-0.24231968869195264,1.3734982114096348,0.15339081745537486,0.0
104,82,30,0.6148568801675048,0.46496073399250026,-0.29646615845779567,1.5261799187928053,0.14989614617500457,0.0
117,6,30,0.4926283612959935,0.3467380803953841,-0.18697827627895935,1.1722349988709464,0.1458902809006094,0.0
64,43,37,0.4881071395927769,0.34464014222072187,-0.1873875391598379,1.1636018183453918,0.14346699737205504,0.0
38,6,28,0.49195007106720645,0.35211185733966166,-0.19818916931853037,1.1820893114529434,0.1398382137275448,0.0
111,60,48,0.5535715559616242,0.4144236707355918,-0.25869883868013566,1.365841950603384,0.13914788522603244,0.0
36,68,45,0.5463766032693551,0.40753831572438637,-0.25239849555044214,1.3451517020891524,0.13883828754496874,0.0
24,43,18,0.5572593029238909,0.41863652202627955,-0.26326828024761695,1.3777868860953988,0.13862278089761138,0.0
111,38,16,0.5935261199861015,0.45619995468653113,-0.3006257911994995,1.4876780311717024,0.13732616529957037,0.0
6,82,15,0.6723900157997235,0.5402942180724445,-0.3865866516222677,1.7313666832217147,0.13209579772727897,0.0
80,45,31,0.5882103736735674,0.460199553852573,-0.31378075187747567,1.4902014992246104,0.12801081982099444,0.0
68,6,45,0.516734948347218,0.39549144149405524,-0.25842827698113024,1.2918981736755661,0.12124350685316276,0.0
64,99,54,0.511318214479123,0.3924368303594782,-0.2578579730254543,1.2804944019837001,0.11888138411964477,0.0
68,6,47,0.45453021612619154,0.3401695208379228,-0.21220204471613707,1.1212624769685202,0.11436069528826875,0.0
36,64,15,0.706943251739066,0.5939976043852121,-0.45729205285594976,1.871178556334082,0.11294564735385393,0.0
38,36,28,0.5155245850433136,0.4041964310329976,-0.27670041978136173,1.307749589867989,0.11132815401031593,0.0
82,43,31,0.5585403662364308,0.464295313748385,-0.3514784487104038,1.4685591811832652,0.09424505248804577,0.0
80,99,15,0.5839060132261712,0.4919134013813996,-0.38024425348137203,1.5480562799337143,0.09199261184477159,0.0
45,6,34,0.49484325607963064,0.40314359480035633,-0.29531818972906776,1.285004701888329,0.09169966127927431,0.0
6,38,26,0.4820876480777939,0.3953184301749449,-0.29273647506509803,1.2569117712206859,0.08676921790284903,0.0
36,64,9,0.5403018995109673,0.4581688057289977,-0.3577089597178682,1.4383127587398028,0.08213309378196959,0.0
111,24,18,0.3362893827182768,0.2593016098934273,-0.17194177267284072,0.8445205381093943,0.07698777282484948,0.0
64,117,54,0.4141753679263708,0.3398386541460039,-0.2519083941997968,1.0802591300525384,0.07433671378036688,0.0
64,68,18,0.4006279983054986,0.32930108124229873,-0.24480212092940684,1.046058117540404,0.07132691706319988,0.0
64,99,46,0.42703467411387236,0.35944869881047153,-0.27748477555465184,1.1315541237823965,0.06758597530340082,0.0
64,43,56,0.4068022466897547,0.3414491043559019,-0.26243799784781313,1.0760424912273225,0.06535314233385275,0.0
117,99,42,0.46199008065521896,0.3977241550915046,-0.31754926332413,1.2415294246345678,0.06426592556371435,0.0
80,6,31,0.3659068303409585,0.30264823096769955,-0.2272837023557326,0.9590973630376496,0.06325859937325895,0.0
64,6,49,0.5001341240062818,0.4402435873170753,-0.36274330713518577,1.3630115551477493,0.059890536689206464,0.0
104,32,38,0.7010379304453952,0.6429060305343594,-0.559057889401949,1.9611337502927393,0.058131899911035845,0.0
104,82,3,0.48532035526047657,0.4312803746599348,-0.35998917907299566,1.3306298895939488,0.05403998060054177,0.0
111,60,36,0.4277714823699064,0.37476441997237747,-0.3067667807759534,1.1623097455157663,0.05300706239752895,0.0
70,43,20,0.49523695768356263,0.4444942590764255,-0.37597179010623133,1.3664457054733565,0.05074269860713715,0.0
6,64,31,0.5852214120906517,0.5357573018221023,-0.46486289948066883,1.6353057236619724,0.049464110268549355,0.0
6,38,54,0.3577024785498368,0.3087209224244079,-0.24739052940200273,0.9627954865016763,0.04898155612542887,0.0
104,80,58,0.3703606417566977,0.32715281528111473,-0.27085887619428717,1.0115801597076826,0.04320782647558297,0.0
64,6,5,0.5134207745681739,0.4802052983165183,-0.42778161013220195,1.4546231592685497,0.03321547625165561,0.0
38,36,54,0.3421024505930495,0.3178001184452252,-0.28078578155959194,0.9649906827456909,0.02430233214782429,0.0
36,80,54,0.2989648539667783,0.2756386580817362,-0.24128691587342466,0.8392166238069813,0.02332619588504209,0.0
64,82,44,0.4022313564552319,0.39375591539859073,-0.3695302377260059,1.1739929506364697,0.008475441056641164,0.0
43,45,32,0.31395094944644625,0.3081924012120835,-0.2901061569292374,0.91800805582213,0.005758548234362726,0.0
99,70,47,0.4356309180579858,0.43014262902554296,-0.4074486348320784,1.2787104709480501,0.005488289032442861,0.0
36,64,42,0.3820866102173958,0.3787810340173795,-0.36032421645666796,1.1244974368914595,0.0033055762000163136,0.0
64,80,38,0.2932127055948377,0.2927804366826716,-0.2806369503031987,0.8670623614928741,0.0004322689121660783,0.0
80,99,26,0.38785521074143653,0.38875220030050334,-0.37409910184754996,1.149809523330423,-0.0008969895590668076,0.0
111,32,58,0.4299426075908435,0.43281676990154566,-0.418378261416186,1.278263476597873,-0.002874162310702144,0.0
117,45,31,0.3294002718766756,0.33389413381812183,-0.3250322304068432,0.9838327741601944,-0.004493861941446242,0.0
111,68,40,0.2879362000024954,0.2936419683632648,-0.28760205798950356,0.8634744579944944,-0.005705768360769359,0.0
36,45,34,0.3809002516562413,0.3900031780809221,-0.383505977382366,1.1453064806948485,-0.009102926424680802,0.0
64,117,6,0.4681689244273891,0.478094946203969,-0.4688971701323901,1.4052350189871683,-0.009926021776579863,0.0
64,6,42,0.37429816345766087,0.3850292113655561,-0.3803590908188291,1.1289554177341508,-0.010731047907895253,0.0
36,6,27,0.9325636638353518,0.9461884599743722,-0.9219657177144176,2.787093045385121,-0.013624796139020345,0.0
70,24,34,0.4255249787271167,0.43978514985446787,-0.4364539149876403,1.2875038724418737,-0.014260171127351173,0.0
36,68,24,0.26075969126806,0.2779155534436572,-0.2839547934815081,0.805474176017628,-0.017155862175597225,0.0
82,6,41,0.39703857353625427,0.4158185821665439,-0.41796584751017174,1.2120429945826803,-0.018780008630289613,0.0
38,36,14,0.3934972638072907,0.41512638676307756,-0.42015045424834124,1.2071449818629227,-0.02162912295578684,0.0
70,82,42,0.3444815377169632,0.36739906776928993,-0.3756206351108451,1.0645837105447715,-0.022917530052326718,0.0
43,45,52,0.38755186403057656,0.4119066779506204,-0.4197852247526394,1.1948889528137925,-0.02435481392004385,0.0
117,6,40,0.22563858562321998,0.25326775502672283,-0.27076621422915675,0.7220433854755968,-0.02762916940350285,0.0
36,104,53,0.35488802196764047,0.3830431480645364,-0.39587654823885077,1.1056525921741316,-0.02815512609689591,0.0
38,6,14,0.4042049154589392,0.43394657823641436,-0.44633037788443286,1.2547402088023114,-0.029741662777475142,0.0
82,45,5,0.4660322046414983,0.49599021336435883,-0.506108613552645,1.4381730228356417,-0.02995800872286053,0.0
64,82,19,0.5103145827183095,0.5403160115274307,-0.5487047998754546,1.5693339653120737,-0.030001428809121156,0.0
82,45,12,0.5591631738680645,0.5914968423127825,-0.6001706370649893,1.7184969848011182,-0.03233366844471808,0.0
80,99,6,0.45142456894734445,0.48835608727419444,-0.5057533621100767,1.4086025000047655,-0.03693151832684999,0.0
104,6,53,0.3518987357933407,0.3897912857259383,-0.4120921842294984,1.1158896558161797,-0.03789254993259761,0.0
36,117,11,0.2674665728353163,0.3066750349247853,-0.3336164956172629,0.8685496412878955,-0.03920846208946904,0.0
111,82,25,0.26268315785248403,0.30282690673866247,-0.3308575793552944,0.8562238950602625,-0.04014374888617844,0.0
111,82,48,0.3174862755126508,0.3619145093725834,-0.3918661628576126,1.0268387138829143,-0.04442823385993261,0.0
82,6,26,0.5206100446165572,0.5658483749661435,-0.588452770317084,1.6296728595501984,-0.04523833034958624,0.0
70,75,57,0.3969138321913073,0.4431614553336589,-0.4716826202626641,1.2655102846452788,-0.04624762314235159,0.0
36,32,50,0.36359035201359563,0.4108950309347049,-0.441763908618426,1.1689446126456173,-0.04730467892110929,0.0
111,60,12,0.3402257579190821,0.3884438570960489,-0.4211242019891737,1.101575717827338,-0.04821809917696679,0.0
64,82,55,0.3745296505175311,0.4236933294439363,-0.455909275192584,1.2049685762276463,-0.04916367892640516,0.0
68,6,8,0.25157721630160307,0.3094622514519309,-0.3549687965441815,0.8581232291473877,-0.057885035150327835,0.0
36,80,31,0.271545431554452,0.32989197999320746,-0.37504284923223463,0.9181337123411386,-0.058346548438755474,0.0
38,36,3,0.3244904375199178,0.38546732228393293,-0.43102551415659074,1.0800063891964262,-0.06097688476401514,0.0
6,68,4,0.35769085667633066,0.41923050843406984,-0.4640009398544462,1.1793826532071074,-0.06153965175773918,0.0
64,117,35,0.28025264403057276,0.3426291098788491,-0.3913004113319714,0.951805699393117,-0.06237646584827633,0.0
80,45,50,0.4489822584727562,0.5163964240111845,-0.5631547325891654,1.4611192495346779,-0.06741416553842827,0.0
38,36,35,0.25068468261730176,0.31983714180933426,-0.3761961153289934,0.8775654805635968,-0.0691524591920325,0.0
111,36,13,0.5792036029853798,0.6491686578973493,-0.693166966493425,1.8515741724641845,-0.06996505491196958,0.0
99,70,0,0.35907133287986887,0.4311783250108058,-0.48603818414131045,1.2041808499010482,-0.07210699213093691,0.0
70,82,8,0.3797522117754861,0.4543187221123039,-0.5107124835646295,1.2702169071156018,-0.07456651033681777,0.0
6,68,15,0.2930281797738706,0.368365450671435,-0.42896810354214204,1.0150244630898833,-0.07533727089756442,0.0
64,6,56,0.3626999484080989,0.4395515337260975,-0.4988210576950522,1.22422095451125,-0.07685158531799863,0.0
111,68,24,0.2340994221828915,0.31195534276172165,-0.37733304963008296,0.8455318939958659,-0.07785592057883015,0.0
117,70,1,0.3261871528244173,0.4069247685993606,-0.47138539363032944,1.123759699279164,-0.08073761577494332,0.0
6,6,20,0.7330187348176465,0.8162056160676694,-0.8667442726749854,2.3327817423102784,-0.08318688125002294,0.0
38,6,41,0.29758429296478434,0.3818692671335933,-0.4508794706170585,1.0460480565466272,-0.08428497416880898,0.0
64,82,52,0.3141843669489038,0.3994707746402044,-0.4687783513458969,1.0971470852437044,-0.08528640769130064,0.0
117,70,12,0.44954211602795185,0.535037309044217,-0.5991310096987135,1.498215241754617,-0.08549519301626513,0.0
6,68,8,0.21424166062173178,0.30014004487443385,-0.3740328273321586,0.8025161485756221,-0.08589838425270208,0.0
6,43,1,0.41776228253615394,0.5049885734678671,-0.5720153214608654,1.4075398865331734,-0.08722629093171314,0.0
64,80,49,0.20994446705195882,0.29916087174623957,-0.37641084157067073,0.7962997756745883,-0.08921640469428074,0.0
38,6,11,0.23949412639256992,0.32919769580216485,-0.4057333573796731,0.884721610164813,-0.08970356940959492,0.0
36,43,1,0.3398299911129008,0.4329880399749412,-0.5088265672379839,1.1884865494637855,-0.09315804886204038,0.0
70,45,49,0.41289964284873526,0.5060802186754144,-0.579017585755077,1.4048168714525475,-0.09318057582667916,0.0
82,6,8,0.30936702152754225,0.40266570806429064,-0.47985776627846743,1.098591809333552,-0.09329868653674839,0.0
64,82,48,0.3308127225218853,0.4269219384780765,-0.5059542768951446,1.1675797219389152,-0.09610921595619121,0.0
80,99,2,0.2666635825656274,0.3644815490899764,-0.4477202536507263,0.9810474187819811,-0.09781796652434899,0.0
38,36,31,0.2848164944287012,0.3841103029910721,-0.4680396994338,1.0376726882912024,-0.09929380856237086,0.0
104,6,1,0.4381271090334374,0.5382442850059341,-0.6168316895781936,1.4930859076450682,-0.10011717597249675,0.0
117,43,27,0.41435632678842266,0.5147174796735284,-0.5944899333716931,1.4232025869485385,-0.10036115288510578,0.0
43,45,20,0.3755967770257997,0.476397996378501,-0.5581432958760622,1.3093368499276616,-0.10080121935270131,0.0
38,36,45,0.2853883881494903,0.39240165791515896,-0.48371886136422126,1.054495637663202,-0.10701326976566866,0.0
80,45,15,0.46870729115420945,0.5782219886005603,-0.6646078065028886,1.6020223888113074,-0.10951469744635084,0.0
64,82,23,0.18406860683999965,0.2959997936723543,-0.39609098875781473,0.764228202437814,-0.11193118683235465,0.0
6,38,36,0.2569294169801423,0.3699249182670549,-0.4681234228232853,0.9819822567835699,-0.1129955012869126,0.0
6,104,1,0.37957181698483633,0.4963009469198643,-0.5931780389780977,1.3523216729477703,-0.11672912993502799,0.0
38,6,52,0.25004153065745083,0.3674117460447226,-0.4700854915902054,0.9701685529051071,-0.11737021538727177,0.0
80,70,0,0.35245944237612803,0.47456443719451347,-0.5776868545251184,1.2826057392773744,-0.12210499481838544,0.0
68,6,15,0.24181252264614253,0.3652345314984979,-0.47404715909091333,0.9576722043831983,-0.12342200885235535,0.0
36,64,2,0.3450224383843614,0.4718430259654331,-0.5797898925078875,1.2698347692766103,-0.12682058758107168,0.0
64,82,12,0.305511476673921,0.43239524214156766,-0.5419831979235517,1.1530061512713936,-0.12688376546764668,0.0
68,24,42,0.3179138887805463,0.44584438522569153,-0.5559411062618091,1.1917688838229017,-0.1279304964451452,0.0
117,43,43,0.23762118466826318,0.36674241740565783,-0.48119395344682614,0.9564363227833526,-0.12912123273739465,0.0
117,70,50,0.3021265123511119,0.43337627346611046,-0.5472909836424646,1.1515440083446884,-0.1312497611149986,0.0
64,82,40,0.18823451174787678,0.3241975761369525,-0.4471927374805501,0.8236617609763036,-0.1359630643890757,0.0
111,80,30,0.2788400006331531,0.42186444508681076,-0.548014311736996,1.1056943130033021,-0.14302444445365764,0.0
64,82,8,0.20517391619307654,0.3482716512666918,-0.4774385202896393,0.8877863526757924,-0.14309773507361526,0.0
80,45,40,0.3179869677352881,0.46195562211366203,-0.5874460516074894,1.2234199870780658,-0.14396865437837392,0.0
6,32,18,0.2406572145051079,0.38490568686601634,-0.5137579317522841,0.9950723607624999,-0.14424847236090843,0.0
99,70,30,0.2910172212090677,0.43597580197505154,-0.5634953506620333,1.1455297930801687,-0.14495858076598384,0.0
43,6,50,0.21307661849409582,0.3621434740757619,-0.4967245906943975,0.9228778276825891,-0.1490668555816661,0.0
111,80,42,0.1702002791310266,0.3213524139893072,-0.45965045228801554,0.8000510105500687,-0.1511521348582806,0.0
70,75,12,0.6185490189179483,0.7709900625423195,-0.8925915036649978,2.1296895415008947,-0.15244104362437116,0.0
36,82,0,0.36031395266114613,0.5159867355907215,-0.651020049096668,1.3716479544189601,-0.15567278292957537,0.0
70,24,52,0.39751808179036546,0.5575462014072963,-0.6952724729679354,1.4903086365486662,-0.1600281196169308,0.0
6,82,42,0.18576919971817693,0.3469730735074972,-0.4942980243565175,0.8658364237928714,-0.16120387378932025,0.0
117,45,47,0.2177073958389325,0.3798636821700511,-0.5268254212143677,0.9622402128922327,-0.16215628633111862,0.0
117,45,2,0.1377669392976763,0.3030043374685391,-0.4561215621406603,0.731655440736013,-0.1652373981708628,0.0
104,60,38,0.24383965904577676,0.4132091828123188,-0.566050339266368,1.0537296573579216,-0.16936952376654202,0.0
60,45,39,0.21155385892996056,0.38810083638066983,-0.5491237803761523,0.9722314982360735,-0.17654697745070927,0.0
60,99,57,0.18759124004801664,0.3669258451704481,-0.5315834164860616,0.9067658965820948,-0.17933460512243143,0.0
117,99,48,0.372153343489615,0.554979597186734,-0.7156066669963836,1.4599133539756135,-0.18282625369711897,0.0
68,70,10,0.5837487422339179,0.7665859494314016,-0.9187597186516291,2.086257203119465,-0.18283720719748364,0.0
111,38,18,0.10188565544298649,0.28530453065425065,-0.45731122463934476,0.6610825355253177,-0.18341887521126415,0.0
82,6,0,0.3792217833523417,0.5666328366258231,-0.7313785764342715,1.489822143138955,-0.1874110532734814,0.0
82,43,1,0.26562757594337283,0.45418082321271436,-0.6245668375535472,1.1558219894402928,-0.18855324726934153,0.0
111,70,52,0.48901336702823467,0.6797162933523276,-0.8432305679423275,1.8212573019987968,-0.19070292632409297,0.0
104,32,15,0.38189976417299276,0.5742755988404776,-0.7436804095543433,1.507479937900329,-0.19237583466748487,0.0
38,36,55,0.13594338406897466,0.3287617567341255,-0.5084296591299113,0.7803164272678607,-0.19281837266515084,0.0
70,117,12,0.38385295621469995,0.5783223751040961,-0.7496588989893285,1.5173648114187284,-0.19446941888939617,0.0
36,60,50,0.09361680926307851,0.2908644071746303,-0.4764774287991968,0.6637110473253538,-0.19724759791155178,0.0
80,70,8,0.3334707003985087,0.5308439782484872,-0.7069834969685262,1.3739248977655436,-0.1973732778499785,0.0
38,6,31,0.20542474022140064,0.40365439148583127,-0.5857378670908286,0.99658734753363,-0.19822965126443062,0.0
80,6,55,0.1283803186716722,0.3298571072879236,-0.5181396116126581,0.7749002489560025,-0.2014767886162514,0.0
111,45,13,0.4904430954892314,0.6934490432688184,-0.8687170293176527,1.8496032202961155,-0.20300594777958703,0.0
117,43,50,0.0820691111465953,0.2920426196551756,-0.49033442337754884,0.6544726456707395,-0.20997350850858026,0.0
111,70,46,0.3665184923472408,0.5766074609451337,-0.7636321311052212,1.496669115799703,-0.2100889685978929,0.0
74,37,37,0.06299129115499157,0.27403043263311017,-0.47410835680590435,0.6000909391158875,-0.21103914147811859,0.0
117,45,51,0.26594496373485793,0.47865753090589236,-0.672223796840691,1.204113724310407,-0.21271256717103443,0.0
38,36,32,0.0010530674432498485,0.21399657838440206,-0.4183802261901782,0.42048636107667786,-0.21294351094115221,0.0
82,45,48,0.17742020429061467,0.39049092576756156,-0.587942010213806,0.9427824187950353,-0.2130707214769469,0.0
68,6,55,0.13519837257927914,0.348910369530214,-0.5486659516999403,0.8190626968584985,-0.21371199695093485,0.0
64,80,9,0.028967479616730428,0.24278792688660797,-0.4468968570810212,0.504831816314482,-0.21382044726987753,0.0
111,80,56,0.14794542605446576,0.36634963816026633,-0.5700998647396562,0.8659907168485879,-0.21840421210580058,0.0
38,6,17,0.1915062908882643,0.41517910231663546,-0.6222447496523412,1.0052573314288697,-0.22367281142837117,0.0
104,60,58,0.12197044134970168,0.34571606351893663,-0.5556330431474141,0.7995739258468175,-0.22374562216923494,0.0
82,45,41,0.08880353354178572,0.3141729192785387,-0.5269753882441501,0.7045824553277216,-0.22536938573675297,0.0
36,68,10,0.2591447928098791,0.48685027737082065,-0.6950817508369294,1.2133713364566876,-0.22770548456094153,0.0
111,80,2,0.07581285212077891,0.31247063583470014,-0.5366295941152334,0.6882552983567912,-0.2366577837139212,0.0
80,43,24,0.03392665269825343,0.2711765065060108,-0.4975793000535277,0.5654326054500346,-0.23724985380775734,0.0
38,6,7,0.07694204734391938,0.3153063449383605,-0.5410583887352672,0.694942483423106,-0.23836429759444114,0.0
104,80,1,0.15632445786698307,0.39489439852615205,-0.6176685632442749,0.9303174789782411,-0.23856994065916898,0.0
38,36,44,0.1357475140294707,0.3759557097458384,-0.6011256770723725,0.872620705131314,-0.24020819571636773,0.0
74,99,12,0.13079852135200484,0.37144642362541447,-0.5972364689538074,0.8588335116578172,-0.24064790227340963,0.0
111,80,49,0.048091073251640803,0.28938184315264803,-0.5190973393275493,0.615279485830831,-0.24129076990100723,0.0
64,6,21,0.29156730368222344,0.5330887771945295,-0.7532866996190544,1.3364213069835014,-0.24152147351230607,0.0
38,6,55,0.08810902146224076,0.330236175242993,-0.5591538820140255,0.735371924938507,-0.24212715378075222,0.0
38,64,18,0.11316780109280185,0.3593875281679948,-0.5912317541164679,0.8175673563020717,-0.24621972707519296,0.0
64,43,9,0.0916131886330554,0.33938534787251956,-0.573582093197083,0.7568084704631937,-0.24777215923946416,0.0
64,99,9,0.10507604475412612,0.3553418049230961,-0.5913938928951422,0.8015459824033945,-0.25026576016896995,0.0
82,43,55,0.2197110542266938,0.4763018922579628,-0.7138406545989133,1.153262763052301,-0.25659083803126903,0.0
74,117,57,0.015499835772748393,0.2724851526230104,-0.5185710633683519,0.5495707349138487,-0.256985316850262,0.0
111,117,16,0.26311693606200315,0.5203798003780832,-0.7568274726790398,1.2830613448030461,-0.25726286431608003,0.0
32,6,53,0.13458353725414654,0.3924381774280942,-0.6345952905049181,0.9037623650132112,-0.25785464017394766,0.0
111,82,4,0.022311299077601727,0.28340117351737637,-0.533155001016456,0.5777775991716595,-0.26108987443977466,0.0
111,32,16,0.17574079246047541,0.4409628640070018,-0.6885464209932481,1.0400280059141989,-0.2652220715465264,0.0
6,64,27,0.33654216503812756,0.6043278776958785,-0.8479404752457942,1.5210248053220492,-0.2677857126577509,0.0
38,36,37,0.04842910659882344,0.317032890347123,-0.5729553584815376,0.6698135716791845,-0.2686037837482996,0.0
117,24,18,0.0033648636024828657,0.27490781280886695,-0.5354544495028963,0.5421841767078621,-0.27154294920638405,0.0
32,99,17,0.23369783546988684,0.5056931949691233,-0.7574608266695949,1.2248564976093685,-0.2719953594992365,0.0
111,99,51,0.5802959191201128,0.8528344539536918,-1.0912596106291232,2.2518514488693486,-0.27253853483357904,0.0
117,45,54,0.0973979519722747,0.37352598048435226,-0.6347129697770557,0.8295088737216052,-0.2761280285120776,0.0
70,24,5,0.36062049042239025,0.6376740559927944,-0.8892206593234868,1.6104616401682672,-0.2770535655704041,0.0
6,104,46,0.1308949327114307,0.41022272676016314,-0.6731416117384891,0.9349314771613505,-0.2793277940487324,0.0
74,99,37,0.04022526464146915,0.3219312171075777,-0.5907599208893832,0.6712104501723215,-0.2817059524661086,0.0
6,38,30,0.06728566123865903,0.3517677743497824,-0.6221791764869145,0.7567504989642326,-0.28448211311112337,0.0
64,32,18,-0.020410151681323728,0.26609041782968545,-0.5419473706275072,0.5011270672648597,-0.28650056951100916,0.0
38,104,53,0.10468206215752428,0.39166967267276537,-0.6629904962810959,0.8723546205961444,-0.2869876105152411,0.0
104,82,23,0.08164298378128759,0.3724802045360221,-0.6484182171093158,0.8117041846718909,-0.2908372207547345,0.0
6,64,21,0.2906307768092816,0.5866156735177371,-0.8591359432854832,1.4403974969040463,-0.2959848967084555,0.0
64,117,28,0.03454918935031907,0.33128683787978225,-0.6147730128940542,0.6838713915946922,-0.29673764852946316,0.0
6,68,5,0.012545460277924289,0.30984429493963556,-0.5947493578037615,0.61984027835961,-0.29729883466171125,0.0
117,70,47,0.09277962508511894,0.39500219358795596,-0.6814246743472747,0.8669839245175126,-0.302222568502837,0.0
6,38,55,0.08252457377112479,0.3873094450197478,-0.6766019384675809,0.8416510860098304,-0.30478487124862297,0.0
32,99,47,0.13445927174014224,0.43995468779795477,-0.727851916343849,0.9967704598241336,-0.3054954160578125,0.0
111,32,50,0.010070923469571539,0.31581085342072207,-0.6089183492350437,0.6290601961741867,-0.3057399299511505,0.0
117,45,1,-0.01830930445850196,0.2874706529324116,-0.5817517842060287,0.5451331752890247,-0.30577995739091357,0.0
82,6,12,0.19118712514538794,0.4970399464516071,-0.7830111698997619,1.1653854201905378,-0.30585282130621916,0.0
36,68,48,0.05265897999903543,0.365063420452825,-0.6628653240885016,0.7681832840865725,-0.31240444045378957,0.0
80,45,56,0.13928220040449354,0.4585691458274696,-0.7595133254173468,1.0380777262263339,-0.3192869454229761,0.0
104,117,18,-0.01037595184422261,0.3118992611314353,-0.6216985036618358,0.6009465999733906,-0.3222752129756579,0.0
70,117,47,0.12491330615817121,0.44787482358237213,-0.7529213480632782,1.0027479603796206,-0.32296151742420093,0.0
36,60,25,-0.09592419161037322,0.22852938642429863,-0.5438417890019985,0.35199340578125204,-0.32445357803467184,0.0
82,45,37,0.0801798219905452,0.40529624439194456,-0.7142008170176661,0.8745604609987565,-0.3251164224013994,0.0
80,45,48,0.20552562159636148,0.5322787021649916,-0.8377406346470222,1.248791877839745,-0.32675308056863017,0.0
117,68,24,0.06237821521529022,0.39031247649915995,-0.7026342387230633,0.8273906691536437,-0.3279342612838697,0.0
111,82,55,0.0743767073475819,0.40943890012602924,-0.7281235368994354,0.8768769515945991,-0.33506219277844734,0.0
70,117,53,0.06845343381399599,0.4047190475448841,-0.7247958993739767,0.8617027670019688,-0.3362656137308881,0.0
80,70,37,0.11156668483484339,0.45178519306522613,-0.7739322935729998,0.9970656632426866,-0.34021850823038274,0.0
111,117,35,0.04566635934324719,0.3861559659181242,-0.7111993338562762,0.8025320525427705,-0.340489606574877,0.0
82,43,44,0.03546597351557707,0.38026351054204455,-0.7098505071468302,0.7807824541779844,-0.3447975370264675,0.0
104,60,3,-0.021843253097388004,0.32332048754137027,-0.6555514086784737,0.6118649024836977,-0.34516374063875827,0.0
60,45,53,0.08975378962895261,0.43915354327928896,-0.7709871551984537,0.950494734456359,-0.3493997536503364,0.0
80,6,30,-0.12347721591972063,0.22663100391244617,-0.5676739835881152,0.32071955174867384,-0.3501082198321668,0.0
104,117,2,-0.00491829672368133,0.3455819135232052,-0.6822588472291636,0.6724222537818009,-0.35050021024688655,0.0
104,117,46,-0.06801820410612854,0.2825138822037189,-0.6217454132254177,0.48570900501316056,-0.35053208630984745,0.0
104,82,31,0.12314347810471114,0.47957848045986173,-0.8168303435966178,1.06311729980604,-0.3564350023551506,0.0
117,99,28,0.06802800507114616,0.4251079230108136,-0.7651835240300485,0.9012395341723408,-0.3570799179396675,0.0
6,36,6,0.5073192548887026,0.8649519909348728,-1.187986647343648,2.2026251571210533,-0.3576327360461703,0.0
68,6,29,-0.06054000548337583,0.2985334113273819,-0.6456654916850444,0.5245854807182928,-0.3590734168107578,0.0
38,36,0,-0.03348459833137748,0.3269069088625033,-0.6742221397018839,0.6072529430391289,-0.36039150719388074,0.0
82,24,13,0.09856332202899498,0.46262251197916854,-0.8081768014501753,1.0053034455081653,-0.36405918995017356,0.0
6,43,58,0.06908594852201966,0.4342010588673774,-0.78194812685804,0.9201200239020794,-0.36511511034535776,0.0
36,60,46,-0.1119617372529943,0.2539913663271083,-0.6097848152541265,0.38586134074813794,-0.3659531035801026,0.0
117,99,43,0.1755295339523331,0.5420641127755698,-0.8869161270877837,1.2379751949924498,-0.3665345788232367,0.0
80,70,31,0.11491606530568582,0.4863073516238445,-0.8382463438770493,1.068078474488421,-0.37139128631815865,0.0
43,45,46,-0.008987336344850397,0.3624737715868815,-0.7194359286551381,0.7014612559654373,-0.37146110793173187,0.0
74,75,33,-0.02488814452933851,0.34659363347358246,-0.7042116661375601,0.6544353770788831,-0.371481778002921,0.0
74,117,47,-0.09272883736528079,0.2820322747591794,-0.6455120958932724,0.4600544211627108,-0.37476111212446017,0.0
6,82,44,0.028158980472193555,0.4039576106775168,-0.7635979364557394,0.8199158974001265,-0.3757986302053232,0.0
36,32,16,-0.013792673345254691,0.36376901403091794,-0.7267799408458538,0.6991945941553445,-0.37756168737617263,0.0
68,70,39,0.25660885816447626,0.6344375983829668,-0.9868888346661384,1.500106550995091,-0.3778287402184905,0.0
104,60,12,-0.09443290906621657,0.28538690049296794,-0.6537912340324338,0.4649254159000006,-0.3798198095591845,0.0
104,117,1,-0.04134074075199143,0.34173243414574694,-0.7111363116776555,0.6284548301736725,-0.3830731748977384,0.0
64,43,6,0.23237262313980944,0.6162670216799575,-0.9755107393529073,1.4402559856325263,-0.38389439854014806,0.0
32,82,1,-0.049967813576347275,0.3348806865182264,-0.706333959152071,0.6063983319993764,-0.38484850009457366,0.0
111,80,6,-0.01919394594111701,0.37947771604650504,-0.7629702693922669,0.7245823775100328,-0.39867166198762205,0.0
99,70,42,0.050291173051528304,0.4558296562557451,-0.8431349532097321,0.9437172993127887,-0.4055384832042168,0.0
36,32,17,0.01284470161704029,0.418584463197621,-0.8075808462502968,0.8332702494843774,-0.4057397615805807,0.0
6,32,58,-0.0503281214857285,0.3608078981472603,-0.7575116018543586,0.6568553588829016,-0.4111360196329888,0.0
70,32,46,0.07125396801254415,0.4843110710551571,-0.8779957312555637,1.020503667280652,-0.41305710304261295,0.0
60,45,6,-0.05944036726794105,0.35443163059539423,-0.7541263632349138,0.6352456286990316,-0.4138719978633353,0.0
36,43,58,0.06483104048981513,0.4794929372008626,-0.8749751164238756,1.0046371974035058,-0.4146618967110475,0.0
104,32,48,0.10548852989403056,0.5228053742437301,-0.9192100036236804,1.1301870634117415,-0.4173168443496995,0.0
64,32,40,-0.09956165830339479,0.31777318456622133,-0.7223971000531886,0.523273783446399,-0.41733484286961614,0.0
104,60,23,-0.1536278607968047,0.26462997857488724,-0.6723026188035837,0.3650468972099743,-0.4182578393716919,0.0
80,99,46,-0.03937812356529184,0.3900799404219487,-0.8039348067923112,0.7251785596617276,-0.42945806398724057,0.0
64,6,25,-0.044703173926867734,0.38814756117076427,-0.8054723938215657,0.7160660459678302,-0.432850735097632,0.0
38,82,24,-0.24152086193942396,0.1915909261700137,-0.6170390772326508,0.13399735335380286,-0.4331117881094376,0.0
99,6,34,-0.22341088646553672,0.21066947650738263,-0.6363230604200066,0.18950128748893322,-0.43408036297291935,0.0
111,60,4,-0.01789938183823682,0.4172194320216631,-0.8356494686006966,0.7998507049242229,-0.4351188138598999,0.0
68,70,12,0.30560997931138184,0.7430313571102451,-1.1507314806246987,1.7619514392474622,-0.4374213777988633,0.0
104,82,12,0.03280528354860603,0.4723673710112591,-0.8930347636334618,0.9586453307306738,-0.4395620874626531,0.0
36,80,20,-0.051218879096095585,0.39292025744750014,-0.8213425836931958,0.7189048255010047,-0.4441391365435957,0.0
82,6,6,0.13812529945014837,0.5862435603710036,-1.0109120788770187,1.2871626777773153,-0.44811826092085516,0.0
99,82,38,-0.24286941418401178,0.20592626844676837,-0.6464849003396778,0.16074607197165422,-0.4487956826307802,0.0
36,6,20,0.5274918899097605,0.9803677846788098,-1.3940289680607068,2.4490127478802277,-0.4528758947690493,0.0
64,6,11,-0.1691517207569401,0.28661822190359826,-0.7309234356879927,0.39261999417411253,-0.4557699426605384,0.0
80,99,32,-0.1455869766477157,0.3124137911508388,-0.7579180073033597,0.4667440540079283,-0.4580007677985545,0.0
111,80,14,-0.0705900399979649,0.38757025914184723,-0.8302277479159854,0.6890476679200557,-0.45816029913981215,0.0
36,32,42,-0.09826567786812355,0.37183671882318725,-0.8270656467615706,0.6305342910253234,-0.4701023966913108,0.0
38,36,21,-0.18407772406631312,0.28610450467046433,-0.7448425532204233,0.37668710508779696,-0.47018222873677745,0.0
6,82,10,0.0990261726538131,0.5716216958739524,-1.0213523512591336,1.2194046965667598,-0.4725955232201393,0.0
68,45,31,-0.16946906933044337,0.3063069109971776,-0.7698306148849114,0.4308924762240247,-0.475775980327621,0.0
80,45,25,-0.04090391355296993,0.43773517925100336,-0.8988648648849366,0.8170570377789966,-0.47863909280397327,0.0
38,68,58,-0.19027876396471763,0.29072294184660785,-0.760095729984069,0.37953820205463373,-0.4810017058113255,0.0
36,32,57,-0.14815073603421047,0.33403280132764956,-0.8028550266364036,0.5065535545679827,-0.48218353736186004,0.0
82,24,21,-0.04522462664726703,0.438088533342556,-0.9038781519986767,0.8134288987041427,-0.483313159989823,0.0
99,82,4,-0.1922028152725666,0.29354878552422486,-0.7675584349000473,0.3831528043549141,-0.48575160079679147,0.0
6,36,20,0.5758500891895505,1.0645494860994125,-1.5106669035652982,2.662367081944399,-0.48869939690986197,0.0
24,6,41,-0.17251380514210318,0.316937649659266,-0.7937115984742646,0.4486839881900582,-0.4894514548013692,0.0
38,64,50,-0.13699680252075838,0.355536657585694,-0.8338486513887187,0.5598550463472018,-0.4925334601064524,0.0
104,32,45,0.10686691158613595,0.600193729242812,-1.0695127977297754,1.2832466209020474,-0.4933268176566761,0.0
36,68,21,-0.13861992090110362,0.3554734499233672,-0.8353478827509033,0.558108040948696,-0.4940933708244708,0.0
68,6,54,-0.10286924064526023,0.3938924298416751,-0.8748984031349435,0.669159921844423,-0.4967616704869353,0.0
117,45,4,-0.07516778962444305,0.4253495738851415,-0.9088529544393203,0.7585173751904343,-0.5005173635095845,0.0
82,45,33,-0.04775182173224265,0.4533084844551539,-0.9362364512643444,0.840732807799859,-0.5010603061873966,0.0
68,75,53,-0.26693718419441526,0.2458256599024307,-0.7487554776031794,0.2148811092143489,-0.5127628440968459,0.0
38,82,8,-0.25550167224484127,0.25790505248552714,-0.7609955751164745,0.24999223062679193,-0.5134067247303684,0.0
60,82,25,-0.17626720363223466,0.3371908152220636,-0.8371612014674794,0.48462679420301,-0.5134580188542983,0.0
82,24,53,-0.15640181897149982,0.36080718362910713,-0.8635838988845498,0.5507802609415501,-0.517209002600607,0.0
36,68,11,-0.273439443645363,0.24393921345497718,-0.7515603020171182,0.20468141472639229,-0.5173786571003401,0.0
104,82,42,-0.10928130582997732,0.4114828335019979,-0.9157876594938932,0.6972250478339386,-0.5207641393319752,0.0
104,70,1,-0.21735184445002453,0.31158579674255205,-0.8280600060654265,0.39335631716537744,-0.5289376411925766,0.0
99,32,18,-0.17960160241669998,0.35005086978350086,-0.8657013071923616,0.5064981023589616,-0.5296524722002008,0.0
68,80,24,-0.3210071913536052,0.21055188657325538,-0.7336888890371858,0.09167450632997531,-0.5315590779268606,0.0
117,45,35,-0.16455540475363514,0.36726831734885595,-0.8844013067573928,0.5552904972501225,-0.5318237221024911,0.0
104,32,43,-0.0014121780410443234,0.531352111323882,-1.042862316235853,1.0400379601537644,-0.5327642893649264,0.0
64,60,12,-0.1443638276558259,0.3933813686537012,-0.9153913102170803,0.6266636549054285,-0.5377451963095271,0.0
111,60,5,-0.1774173539828034,0.36636240988418256,-0.8954876773558011,0.5406529693901945,-0.5437797638669859,0.0
82,6,40,-0.20445768828747676,0.3431463233964519,-0.8770244821445226,0.468109105569569,-0.5476040116839287,0.0
60,99,50,-0.26185132889504387,0.2880832122220607,-0.8264944248502828,0.302791767060195,-0.5499345411171046,0.0
64,117,38,-0.3493524524871116,0.2010424168347652,-0.7433955894832514,0.04469068450902819,-0.5503948693218768,0.0
38,6,48,-0.14209933505841424,0.40880688506661433,-0.9433608297889783,0.6591621596721499,-0.5509062201250285,0.0
32,6,57,-0.20677859553493577,0.3450980549367959,-0.8831707832110558,0.4696135921411842,-0.5518766504717316,0.0
36,80,29,-0.27615099912651964,0.28126766398443237,-0.827435620536007,0.2751336222829678,-0.557418663110952,0.0
117,6,32,-0.39438593982401676,0.16358289133011875,-0.7150084068310495,-0.07376347281698403,-0.5579688311541355,0.0
36,68,12,-0.16076825845977938,0.3979112575114029,-0.9406743231821291,0.6191378062625703,-0.5586795159711823,0.0
82,24,12,-0.1549396720503475,0.4070863666108791,-0.9528289506076706,0.6429496065069755,-0.5620260386612266,0.0
99,32,28,-0.14296774738905105,0.42082998549135714,-0.967794518952111,0.6818590241740089,-0.5637977328804082,0.0
38,104,46,-0.13866452655780478,0.4261661007032153,-0.9739500839361068,0.6966210308204972,-0.5648306272610201,0.0
117,75,53,-0.2198552164883273,0.35518206021963356,-0.9160120545188091,0.4763016215421545,-0.5750372767079608,0.0
36,64,33,-0.09143775813474148,0.4863819360510418,-1.0447463527947833,0.8618708365253005,-0.5778196941857833,0.0
117,45,7,-0.11317617067417984,0.467172666002044,-1.0288345960381862,0.8024822546898264,-0.5803488366762238,0.0
104,32,19,-0.04705203066197859,0.5353738465841719,-1.0963847699669553,1.0022807086429981,-0.5824258772461505,0.0
117,43,25,-0.23575415722932705,0.34845599687859985,-0.9187279111113827,0.4472195966527287,-0.5842101541079269,0.0
43,45,29,-0.2102286600391907,0.37486817372554626,-0.9449702805412614,0.52451296046288,-0.585096833764737,0.0
60,99,40,-0.23336668674022257,0.351797182073679,-0.9228891636046334,0.4561557901241883,-0.5851638688139016,0.0
82,43,4,-0.1351186923670652,0.45164195653314965,-1.0203369271720386,0.7500995424379081,-0.5867606489002148,0.0
80,45,42,-0.22173924667986195,0.3662689136907744,-0.9396263175137798,0.49614782415405584,-0.5880081603706364,0.0
82,43,9,-0.3837546232626561,0.20854165819625115,-0.7924962733273083,0.02498702680199616,-0.5922962814589072,0.0
117,45,55,-0.17536687453956443,0.4194835406475297,-0.9975546142087226,0.6468208651295937,-0.5948504151870941,0.0
6,82,40,-0.2178328290108349,0.38030186986339665,-0.9632244939430923,0.5275588359214225,-0.5981346988742315,0.0
99,70,31,-0.0614952320325621,0.5376446336304856,-1.115278713948314,0.9922882498831898,-0.5991398656630478,0.0
64,80,10,-0.23562449590508236,0.3635968668867202,-0.948274355003054,0.47702536319288924,-0.5992213627918026,0.0
117,45,56,-0.21746604074712308,0.382611830547918,-0.9673852286210423,0.5324531471267961,-0.6000778712950411,0.0
60,70,19,-0.12549306066960247,0.47574616850452545,-1.0579555509384724,0.8069694295992673,-0.601239229174128,0.0
6,43,47,-0.2555639543639457,0.35647544185570507,-0.9542558204011276,0.44312791167323623,-0.6120393962196508,0.0
36,68,27,-0.29066672351608797,0.32141685152233124,-0.9206437524998572,0.3393103054676812,-0.6120835750384193,0.0
80,70,35,-0.13943987075768707,0.4746592365519748,-1.0697719743995577,0.7908922328841835,-0.6140991073096619,0.0
117,24,48,-0.26883150681158374,0.34586618028746013,-0.9467292201750056,0.4090662065518381,-0.6146976870990439,0.0
36,117,13,-0.05957478272948452,0.5595850333742838,-1.1563614481430808,1.0372118826841117,-0.6191598161037684,0.0
60,6,57,-0.3737042512230932,0.2488624020344581,-0.8614745592106311,0.1140660567644447,-0.6225666532575513,0.0
38,104,12,-0.24370250738406146,0.3793840474131442,-0.987295240313824,0.4998902255457011,-0.6230865547972056,0.0
111,68,33,-0.360849304489794,0.2630029097440518,-0.8763350075881355,0.1546363986085475,-0.6238522142338458,0.0
117,68,1,-0.37228223681401307,0.2604673165375626,-0.8827981772276358,0.13823370359960963,-0.6327495533515757,0.0
38,82,16,-0.35538893665308624,0.2777700373261051,-0.8998182098122522,0.18904033650607976,-0.6331589739791914,0.0
64,6,33,-0.15612269457974773,0.4800841359067588,-1.097087600956995,0.7848422117974996,-0.6362068304865065,0.0
99,82,40,-0.3939931841452966,0.24335277815631978,-0.8709646293316834,0.08297826104109018,-0.6373459623016164,0.0
99,68,40,-0.3608144556620826,0.28004222326854444,-0.9096972132684297,0.1880683019442645,-0.640856678930627,0.0
60,82,46,-0.388446354738969,0.2529585862378189,-0.884245183765094,0.10735247428715605,-0.6414049409767879,0.0
104,117,7,-0.3486340004370692,0.29405205859462685,-0.9249760352825378,0.22770803440839943,-0.6426860590316961,0.0
41,18,12,-0.26597675270974214,0.37686063032327793,-1.004623588143367,0.4726700827238826,-0.6428373830330201,0.0
80,117,48,-0.2780246555359683,0.3668082877915397,-0.996968899607386,0.4409195885354495,-0.644832943327508,0.0
104,6,13,-0.38082112320765843,0.2647614470213892,-0.8997535593695813,0.13811131295426443,-0.6455825702290476,0.0
104,60,44,-0.294327189573855,0.35232445345050073,-0.9848831183368365,0.39622873918912643,-0.6466516430243557,0.0
104,117,24,-0.41695466108677515,0.23182896643499395,-0.8713394352993633,0.037430113125813014,-0.6487836275217691,0.0
111,80,25,-0.31249918724341214,0.3366060662308188,-0.9722470770558169,0.3472487025689927,-0.649105253474231,0.0
80,117,18,-0.3470903074405598,0.30594298355967486,-0.9467385552175225,0.2525579403364029,-0.6530332910002347,0.0
111,117,54,-0.2558831845661649,0.39756979932293407,-1.0351199912391156,0.5233536221067859,-0.653452983889099,0.0
82,45,22,-0.35246854030635977,0.30574425821725004,-0.9517272864121699,0.24679020579945032,-0.6582127985236098,0.0
104,60,28,-0.3398594457834241,0.32100230295049215,-0.9690239595663886,0.2893050679995405,-0.6608617487339162,0.0
36,6,12,0.36510016140368756,1.029308751800479,-1.6523449921252513,2.3825453149326266,-0.6642085903967916,0.0
104,60,52,-0.2863796857348303,0.37922210615711677,-1.0296550138027791,0.4568956423331185,-0.665601791891947,0.0
82,24,24,-0.37442567601703985,0.2944031472957197,-0.9514558447166506,0.2026044926825708,-0.6688288233127595,0.0
68,45,33,-0.3071933701729649,0.3629788985942975,-1.0186320114177878,0.40424527107185815,-0.6701722687672624,0.0
70,32,33,-0.1529608822439737,0.5183508846773043,-1.16892861621149,0.8630068517235427,-0.671311766921278,0.0
68,45,15,-0.3703692015870102,0.3018853304409549,-0.9620644492512818,0.22132604607726142,-0.6722545320279651,0.0
36,24,3,-0.34195457896711373,0.33302543836092685,-0.9946844381545303,0.31077528022030293,-0.6749800173280406,0.0
104,32,32,-0.09773053160517427,0.5803523330384918,-1.235221104360618,1.0397600411502697,-0.6780828646436661,0.0
60,43,53,-0.3256871459619404,0.35587398679261883,-1.0232001600754734,0.3718258681515925,-0.6815611327545592,0.0
38,82,38,-0.49497350138137985,0.18878346052079278,-0.8649890840021337,-0.12495791876062601,-0.6837569619021726,0.0
111,80,44,-0.3765561585792285,0.3077763485970549,-0.979797801829456,0.22668548467099908,-0.6843325071762834,0.0
104,80,38,-0.40610209878263737,0.28309852586456563,-0.960975209477186,0.14877101191191122,-0.689200624647203,0.0
80,6,34,-0.44991454405115955,0.24805693117263763,-0.9361061291495293,0.03627704104721019,-0.6979714752237972,0.0
99,32,49,-0.2553139009272485,0.4481147858279213,-1.1336188811499741,0.6229910792954773,-0.7034286867551698,0.0
70,32,28,-0.16367837489724943,0.541368831437833,-1.2247612845154021,0.8974045347209032,-0.7050472063350824,0.0
68,32,53,-0.37376179067824433,0.33518258180203636,-1.0307196510102354,0.2831960696537469,-0.7089443724802806,0.0
36,43,46,-0.3651209750802547,0.34439206598809446,-1.04012942441692,0.30988747425641044,-0.7095130410683492,0.0
6,24,14,-0.384766333510571,0.3267190784324406,-1.0251357272381545,0.2556030602170125,-0.7114854119430116,0.0
38,36,12,-0.39155763470479904,0.32359674738874267,-1.0258072595867347,0.24269199017713655,-0.7151543820935418,0.0
104,60,17,-0.2791638719965683,0.436068005742236,-1.1338571632513508,0.5755294192582143,-0.7152318777388043,0.0
36,64,12,-0.20623363664081468,0.5124436775032502,-1.210623244547185,0.7981559712655557,-0.7186773141440648,0.0
6,43,38,-0.3567324902738059,0.36272640428787717,-1.067676242678045,0.35421126213043336,-0.7194588945616831,0.0
117,24,5,-0.4323751528763929,0.28908909422396883,-0.9989897775553718,0.13423947180258605,-0.7214642471003617,0.0
117,24,3,-0.3751623226032009,0.349167516714391,-1.0595306553634072,0.30920601015700544,-0.7243298393175919,0.0
104,117,34,-0.48419722045141117,0.2414999975374026,-0.9575372156247202,-0.010857225278102123,-0.7256972179888137,0.0
80,70,56,-0.3461057446934235,0.3805430126451893,-1.0919700494779945,0.3997585600911475,-0.7266487573386128,0.0
60,45,12,-0.24663363662859827,0.4849333936698411,-1.1971030882214868,0.7038358149642903,-0.7315670302984394,0.0
104,117,45,-0.476306170689022,0.2557859503693364,-0.9776466334129212,0.025034292034877337,-0.7320921210583584,0.0
74,117,53,-0.4750355446791825,0.257189917138548,-0.9791277822707366,0.029056692912371562,-0.7322254618177305,0.0
60,43,31,-0.4632540698402143,0.271172995498141,-0.9947531410165706,0.06824500133614203,-0.7344270653383553,0.0
111,60,54,-0.3614770973944934,0.373411696741067,-1.0933640230069848,0.37040982821799795,-0.7348887941355604,0.0
80,99,38,-0.34505659785679704,0.3902468671018018,-1.1099404573763285,0.4198272616627345,-0.7353034649585988,0.0
70,32,41,-0.16309202768120382,0.5768457414478155,-1.2937096809189221,0.9675256255565146,-0.7399377691290193,0.0
80,6,21,-0.44773148446449756,0.2933598075579075,-1.0227167072779964,0.12725373834900117,-0.7410912920224051,0.0
36,32,49,-0.317186605993331,0.42597292469897435,-1.1520935384033206,0.5177203264166588,-0.7431595306923053,0.0
104,32,33,-0.19402558363835068,0.549892989142725,-1.2718158423580916,0.8837646750813903,-0.7439185727810756,0.0
117,99,35,-0.29740551183227576,0.447925975935871,-1.1753404246665828,0.5805294010020314,-0.7453314877681467,0.0
32,6,28,-0.36737218550671574,0.38193033540523397,-1.1159556429009743,0.38121127188754284,-0.7493025209119497,0.0
104,80,28,-0.4548458848817646,0.29672089866286583,-1.0364188462609816,0.1267270764974524,-0.7515667835446305,0.0
64,117,56,-0.4123662892281224,0.33965233910154635,-1.0780848738671533,0.2533522954109085,-0.7520186283296688,0.0
60,6,9,-0.5767469041892018,0.18135109243631242,-0.9321950453643741,-0.2212987630140295,-0.7580979966255142,0.0
111,32,17,-0.25540119201977207,0.5053455774012944,-1.245878523726309,0.7350761396867649,-0.7607467694210664,0.0
68,99,53,-0.5091011348417328,0.25211914189373225,-1.003254652953448,-0.014947616730017599,-0.761220276735465,0.0
36,43,57,-0.3391967997745847,0.42293642703368733,-1.1681521967606119,0.48975859721144244,-0.7621332268082721,0.0
70,24,29,-0.29037287631836184,0.47503488336394545,-1.221441247711695,0.6406954950749713,-0.7654077596823072,0.0
36,32,28,-0.40961894796411247,0.36238714669404987,-1.11989775548445,0.3006598595562252,-0.7720060946581624,0.0
117,24,31,-0.4447318985633435,0.3292743306916888,-1.0901095867190536,0.20064578959236656,-0.7740062292550323,0.0
104,70,18,-0.30277326974194024,0.4725876940856372,-1.2290451501497892,0.6234986106659086,-0.7753609638275775,0.0
38,104,31,-0.3378597768866141,0.43761099437791745,-1.1955773258673323,0.519857772094104,-0.7754707712645316,0.0
60,6,2,-0.51386710554096,0.2645298872490969,-1.03234568454919,0.0046114734672698665,-0.7783969927900569,0.0
99,82,47,-0.5724731606780594,0.2072921691431328,-0.9787658121985997,-0.16618050915751914,-0.7797653298211922,0.0
36,32,30,-0.45166104449787997,0.3311721821828886,-1.1007585215763416,0.19743643258058158,-0.7828332266807685,0.0
117,70,54,-0.3561805119867066,0.42797466631354664,-1.195010857961258,0.48264983398784483,-0.7841551783002532,0.0
64,80,11,-0.5211902023639429,0.2704807380029859,-1.051332448849795,0.00895204412190942,-0.7916709403669288,0.0
68,75,47,-0.5623388606965455,0.2312673190476996,-1.0156228060300367,-0.10905491536305428,-0.7936061797442451,0.0
68,43,48,-0.37887724971312997,0.41787769747892095,-1.197917536771815,0.44016303734555506,-0.796754947192051,0.0
111,68,1,-0.5854436217872866,0.2114062971282553,-0.999799964158667,-0.17108727941590623,-0.7968499189155419,0.0
64,6,30,-0.4472560897177748,0.35045399170443214,-1.1341459134584617,0.23963373402291216,-0.7977100814222069,0.0
70,32,12,-0.3346240980030586,0.4638374651542285,-1.2437455297053464,0.5744973336992293,-0.7984615631572871,0.0
38,99,47,-0.4177895211820823,0.3842951783592894,-1.1710080707662895,0.3354290284021249,-0.8020846995413717,0.0
82,24,41,-0.44170023214422055,0.36212189777072734,-1.151459151774846,0.268058687486405,-0.803822129914948,0.0
6,64,10,-0.12533500344025011,0.6798297820795287,-1.4578013763161264,1.2071313694356263,-0.8051647855197788,0.0
43,6,14,-0.44383830411606867,0.3614233499331161,-1.1522280699849763,0.2645514617528389,-0.8052616540491848,0.0
36,68,39,-0.4083083159619146,0.3986478400898366,-1.1896580825379943,0.3730414506141652,-0.8069561560517512,0.0
111,32,48,-0.2956294898409183,0.5194689773380439,-1.3137886854234844,0.7225297057416477,-0.8150984671789622,0.0
117,70,39,-0.18357265945588333,0.631582347653155,-1.4214740608560672,1.0543287419443006,-0.8151550071090383,0.0
64,32,31,-0.4718380000680682,0.3447721489461683,-1.147591412002558,0.2039154118664217,-0.8166101490142366,0.0
60,82,52,-0.44558648801553186,0.3741114867273461,-1.1788450020011303,0.2876720259700665,-0.819697974742878,0.0
82,24,58,-0.48861142473001445,0.3312176710565118,-1.1377980600007775,0.16057521054074858,-0.8198290957865262,0.0
99,24,40,-0.4820147883524627,0.3389892693044294,-1.1464337561891442,0.18240417948421894,-0.8210040576568921,0.0
104,80,23,-0.673451316648698,0.14826869934626274,-0.9640579673673729,-0.382844665930023,-0.8217200159949607,0.0
32,6,3,-0.44167143133430825,0.3807149860131315,-1.187872803920046,0.30452994125142946,-0.8223864173474398,0.0
111,38,51,-0.45315617728829083,0.370994836552627,-1.1803060569314399,0.2739937023548581,-0.8241510138409178,0.0
82,45,13,-0.17231509388495939,0.6529467591097247,-1.4520907417400197,1.107460553970101,-0.825261852994684,0.0
38,70,23,-0.21959187545691633,0.6105356123906391,-1.416241675742569,0.9770579248287363,-0.8301274878475555,0.0
6,38,20,-0.538446014568288,0.29964382476774687,-1.1257479111130717,0.04885588197649582,-0.8380898393360349,0.0
104,117,42,-0.5762888805052772,0.2626405257003517,-1.0910643108779663,-0.06151345013258791,-0.8389294062056288,0.0
38,104,38,-0.4085497760711918,0.4318252532586748,-1.2549272724581946,0.43782772031581085,-0.8403750293298666,0.0
6,32,38,-0.5372851497815652,0.31155977209247837,-1.1479423030828229,0.07337200351969242,-0.8488449218740435,0.0
104,82,45,-0.4643703898832716,0.3866204613153947,-1.222146494061445,0.2934057142949019,-0.8509908511986664,0.0
117,45,37,-0.5935694245495879,0.25891083547823224,-1.1010346620869231,-0.08610418701225275,-0.8524802600278202,0.0
111,68,51,-0.23983161661748412,0.6145540634913356,-1.4443575810605018,0.9646943478255336,-0.8543856801088197,0.0
38,82,9,-0.7493712642570943,0.10608823471716937,-0.9573042043027463,-0.5414383242114423,-0.8554594989742637,0.0
60,24,18,-0.5956944514315317,0.26390659068331895,-1.1129513691708368,-0.0784375336922265,-0.8596010421148506,0.0
6,43,14,-0.47955867387829487,0.38249499410334115,-1.2292488623208435,0.27013151456425377,-0.862053667981636,0.0
104,80,24,-0.6644357054346393,0.19765954084620022,-1.0518484054931916,-0.2770230053760868,-0.8620952462808394,0.0
117,82,36,-0.5185487999257357,0.34392019495489945,-1.1926323820373386,0.15553478218586725,-0.8624689948806351,0.0
6,104,17,-0.4566422395193873,0.4100837903715064,-1.2604064686475398,0.34712198960876517,-0.8667260298908936,0.0
80,82,18,-0.5301775883128369,0.33855508672911,-1.1937455583018926,0.13339038167621864,-0.8687326750419468,0.0
68,32,23,-0.47209782201570727,0.40017303395752113,-1.2564369685724488,0.31224132454103415,-0.8722708559732284,0.0
38,104,27,-0.5597893573594556,0.3132628601978223,-1.1737845633471873,0.054205848628276154,-0.8730522175572779,0.0
60,70,39,-0.3485183317967914,0.5306397024618198,-1.3885721486219582,0.6915354850283753,-0.8791580342586112,0.0
36,104,17,-0.447372610931951,0.4332824451003955,-1.296606203328726,0.4018609814648241,-0.8806550560323465,0.0
104,117,23,-0.6776406789164257,0.2030183536790302,-1.0755566521273248,-0.27972470570552643,-0.8806590325954559,0.0
68,45,28,-0.6496960737989712,0.23187616937454245,-1.1041733657730743,-0.19521878182486802,-0.8815722431735137,0.0
111,32,24,-0.4569492798131789,0.4260261737205112,-1.2919605803053809,0.37806202067902306,-0.8829754535336901,0.0
111,68,32,-0.7705619402053863,0.11345529164135718,-0.9929343118224463,-0.5481895685883262,-0.8840172318467434,0.0
64,60,50,-0.5984425451384212,0.29130105975945025,-1.1693926222669437,-0.027492468009898685,-0.8897436048978715,0.0
80,45,30,-0.3442610931108365,0.5480382792862366,-1.4184161205118602,0.7298939342901871,-0.8922993723970731,0.0
64,82,29,-0.5253342362584852,0.3689168618319229,-1.248411285449054,0.19774281293208373,-0.8942510980904081,0.0
64,32,23,-0.6552167226989671,0.24186503542323787,-1.1292721921285134,-0.1811612532694209,-0.897081758122205,0.0
68,82,27,-0.4675606650867719,0.4332773920415138,-1.316784353488139,0.38166302331459506,-0.9008380571282857,0.0
60,43,42,-0.6395878275954685,0.26139375579445157,-1.1519195889525937,-0.1272560662383434,-0.9009815833899201,0.0
36,60,38,-0.6467173204690514,0.25609200660014,-1.1486576534053259,-0.144776987532777,-0.9028093270691914,0.0
38,82,32,-0.7014593062651846,0.20185773944980295,-1.0971004755867984,-0.3058181369435708,-0.9033170457149875,0.0
80,82,36,-0.7057984023713815,0.19989406902323573,-1.0975907776569236,-0.31400602708583947,-0.9056924713946172,0.0
80,117,43,-0.5197858491890067,0.3893971732846036,-1.28300430882683,0.24343261044881637,-0.9091830224736104,0.0
36,24,23,-0.61990977513609,0.289926612024346,-1.1881659347038083,-0.05165361556837189,-0.909836387160436,0.0
36,60,12,-0.6489517956646802,0.2719965261511966,-1.1820649869210256,-0.11583860440833482,-0.9209483218158768,0.0
43,6,42,-0.6057401828156159,0.3171242305913518,-1.2273036747746655,0.01582330914343366,-0.9228644134069677,0.0
43,45,11,-0.395123064953002,0.5290512066704935,-1.4320634300271693,0.6418173001211653,-0.9241742716234955,0.0
60,6,12,-0.6606176409770493,0.2637688102225367,-1.1776045090132212,-0.14363077294087745,-0.9243864511995861,0.0
36,60,36,-0.6617084220824141,0.2655400015858929,-1.1821668251907642,-0.14125001897406397,-0.927248423668307,0.0
70,32,11,-0.45960275262841116,0.4684539490370954,-1.3777724927411181,0.45856698748429586,-0.9280567016655066,0.0
117,43,8,-0.6432328946499795,0.2873923401647333,-1.2065218813728569,-0.07994390792710215,-0.9306252348147128,0.0
38,104,47,-0.5996032414755668,0.33130529266583536,-1.2489616151006042,0.04975513214947058,-0.9309085341414021,0.0
111,60,44,-0.6095925351586088,0.32198448382843864,-1.2406821234623484,0.02149705314513095,-0.9315770189870474,0.0
38,82,26,-0.7003000748656952,0.23537857747457278,-1.161642086715858,-0.23895806301553257,-0.935678652340268,0.0
38,99,48,-0.3687850176928262,0.5680136542768756,-1.4820917800755022,0.7445217446898498,-0.9367986719697017,0.0
64,60,31,-0.6426128053668824,0.297970554161019,-1.2266350915224795,-0.05859051921128522,-0.9405833595279014,0.0
36,60,5,-0.7021259272668382,0.23981601516696233,-1.1721653169940844,-0.23208653753959207,-0.9419419424338005,0.0
60,45,25,-0.5702251095938272,0.3723065484449498,-1.2999459445459287,0.1594957253582744,-0.942531658038777,0.0
111,80,9,-0.6351427309160078,0.3082603457870934,-1.2393330086587109,-0.03095245317330475,-0.9434030767031012,0.0
111,32,47,-0.5430538623271822,0.40695302917263493,-1.3406817995055467,0.2545740748511822,-0.9500068914998172,0.0
64,99,52,-0.49402072908516964,0.4567485702740841,-1.3892479268223745,0.4012064686520352,-0.9507692993592538,0.0
36,68,19,-0.49935467421025104,0.45414472494082286,-1.3894783350942639,0.3907689866737618,-0.9534993991510738,0.0
111,68,41,-0.7698408696249162,0.18614139495862284,-1.1346780037438169,-0.4050037355060154,-0.955982264583539,0.0
111,117,25,-0.6180031505889181,0.3420387168484287,-1.2883990356118384,0.052392734434002164,-0.9600418674373468,0.0
68,32,14,-0.4804121971437462,0.4796805199366488,-1.4205860162195778,0.4597616219320854,-0.960092717080395,0.0
36,24,24,-0.6074731841408468,0.35338172143675883,-1.300101358156894,0.08515498987520043,-0.9608549055776057,0.0
82,43,32,-0.6901161792607726,0.27099138164268427,-1.2212592872804338,-0.15897307124111149,-0.961107560903457,0.0
99,70,15,-0.5522478188794165,0.4094308546866827,-1.3547322940653146,0.2502366563064816,-0.9616786735660993,0.0
104,117,10,-0.5919443308763037,0.37177210631838575,-1.3206176592603398,0.13672899750773237,-0.9637164371946895,0.0
68,75,33,-0.717124900012652,0.2495225754220059,-1.2061891478397835,-0.2280606521855204,-0.9666474754346579,0.0
60,6,5,-0.7020948584893649,0.26622308151560925,-1.223892098259959,-0.1802976187187708,-0.9683179400049742,0.0
6,104,9,-0.6875551660717536,0.2827075560279028,-1.2416619758864431,-0.13344835625706408,-0.9702627220996565,0.0
36,104,28,-0.6006694070389704,0.3700708272586002,-1.3260082284658268,0.12466941438788592,-0.9707402342975706,0.0
60,6,44,-0.8242381485501142,0.14694894353712043,-1.1122580778828703,-0.5362182192173581,-0.9711870920872346,0.0
60,70,38,-0.5869707487326631,0.38628886712862515,-1.3440969283047683,0.17015543083944218,-0.9732596158612883,0.0
99,32,19,-0.44862128102569626,0.5248319943039474,-1.4772919898614332,0.5800494278100408,-0.9734532753296437,0.0
36,82,39,-0.41552931899019196,0.5585584490761692,-1.5103038791794838,0.6792452411990998,-0.9740877680663612,0.0
80,117,1,-0.5693922919626836,0.40492980917308974,-1.3630547179419394,0.22427013401657225,-0.9743221011357733,0.0
80,117,35,-0.6686345768113899,0.30616803299864487,-1.2687239214887338,-0.06854523213404595,-0.9748026098100349,0.0
36,60,0,-0.8150781404808535,0.16641594470916185,-1.1412533921108108,-0.4889028888508963,-0.9814940851900154,0.0
111,117,37,-0.6294880874176539,0.3533919114959278,-1.3221362339496725,0.06316005911436451,-0.9828799989135817,0.0
80,117,45,-0.6385839724173205,0.3497086782118567,-1.3240129817125594,0.04684503687791863,-0.9882926506291771,0.0
80,82,22,-0.8044486013493681,0.1843242387456363,-1.1657241092908153,-0.443173093407921,-0.9887728400950044,0.0
70,32,31,-0.4931744204681819,0.4997069425813235,-1.472600027927576,0.4862511869912121,-0.9928813630495054,0.0
99,32,43,-0.5072302033519183,0.4860798911340621,-1.4599467899746799,0.44548638327084344,-0.9933100944859803,0.0
32,82,0,-0.6463629528323214,0.35005860102218045,-1.332477810835795,0.039751905171152346,-0.9964215538545018,0.0
36,60,15,-0.7371868515621952,0.26009942687456356,-1.2469817282363398,-0.22739197488805063,-0.9972862784367588,0.0
80,45,29,-0.6503020349083175,0.3489959151918714,-1.3343340286843854,0.03372995886775043,-0.9992979501001888,0.0
6,43,23,-0.7125888618392384,0.2878968324368147,-1.2768666534153952,-0.14831107026308166,-1.0004856942760532,0.0
68,45,38,-0.779435017939909,0.22916200369047926,-1.2285925451732482,-0.33027749070656964,-1.0085970216303883,0.0
117,68,15,-0.6927020607182697,0.3181789212852709,-1.3163327464374006,-0.06907137499913873,-1.0108809820035405,0.0
6,38,51,-0.6276518092914594,0.38401500894807666,-1.3803212268296896,0.12501760824677088,-1.011666818239536,0.0
80,70,48,-0.5016391835197052,0.511244595351375,-1.5036785904084002,0.5004002233689899,-1.01288377887108,0.0
6,32,4,-0.6273238925148095,0.3868251142141896,-1.3855011163746211,0.1308533313450021,-1.014149006728999,0.0
80,70,22,-0.6155833222397847,0.399526045628762,-1.3986543716721582,0.16748772719258875,-1.0151093678685468,0.0
6,43,26,-0.59942557223037,0.42137188600691816,-1.4253144688039296,0.2264633243431896,-1.020797458237288,0.0
60,68,24,-0.7996574248566889,0.23082589771283576,-1.252076184373847,-0.3472386653395308,-1.0304833225695247,0.0
60,43,17,-0.6984597176521489,0.3367503896322717,-1.3584904813314014,-0.03842895397289636,-1.0352101072844206,0.0
99,68,57,-0.7111870894369912,0.3240345913320537,-1.3462948884478165,-0.0760792904261659,-1.0352216807690449,0.0
111,117,7,-0.5235735650823311,0.5163733425177944,-1.5356653164172083,0.48851818625254595,-1.0399469076001255,0.0
38,82,34,-0.8965285317845804,0.14618297767480065,-1.1830471680271897,-0.610009895541971,-1.042711509459381,0.0
64,82,56,-0.6680990009237909,0.37531846693357657,-1.403723196113601,0.0675251942660191,-1.0434174678573676,0.0
99,70,34,-0.749232594061705,0.29613830802528385,-1.3296636777912614,-0.16880151033214863,-1.0453709020869888,0.0
64,60,9,-0.8810706407467763,0.16534023446710774,-1.2051375003023075,-0.5570037811912452,-1.046410875213884,0.0
117,99,32,-0.6987047249027442,0.34889681208079826,-1.3825424765811087,-0.014866973224379576,-1.0476015369835423,0.0
68,45,5,-0.7020517269489963,0.34605120906440817,-1.3803120967152362,-0.023791357182756268,-1.0481029360134044,0.0
38,82,12,-0.7587819542937975,0.29055644776469153,-1.3282725919125928,-0.1892913166750021,-1.049338402058489,0.0
80,117,28,-0.6384330801881357,0.41556313964593306,-1.4529368338941646,0.17607067351789307,-1.0539962198340689,0.0
111,117,51,-0.46426756242025186,0.5904246384286885,-1.6214998537404814,0.6929647288999776,-1.0546922008489403,0.0
104,60,40,-0.7322838002474913,0.3228884511008432,-1.3651451644051438,-0.0994224360898387,-1.0551722513483344,0.0
68,45,1,-0.8463049969829491,0.2158908346593126,-1.2694510329152018,-0.42315896105069645,-1.0621958316422617,0.0
117,99,12,-0.5123650528627706,0.550126546539317,-1.5906130840798318,0.5658829783542907,-1.0624915994020876,0.0
104,32,10,-0.4127677933330369,0.6514927719666612,-1.689693626387693,0.8641580397216191,-1.0642605652996981,0.0
111,32,42,-0.6560243177438528,0.40843705584716944,-1.4565609472043048,0.14451231171659928,-1.0644613735910222,0.0
117,70,0,-0.5922193153719709,0.4747379058711939,-1.522705610879511,0.3382669801355691,-1.0669572212431648,0.0
38,82,36,-0.7710657958380753,0.2987377755890583,-1.3565918359926297,-0.1855397556835211,-1.0698035714271337,0.0
104,32,29,-0.6069675433598501,0.46498215651292185,-1.5183325701251769,0.3043974834054767,-1.071949699872772,0.0
32,6,14,-0.6565306817628498,0.4213889859133284,-1.4824530941529734,0.16939173062727386,-1.0779196676761782,0.0
32,6,45,-0.6692409316651047,0.40959032847788346,-1.472037975481756,0.13355611215154684,-1.0788312601429881,0.0
60,45,35,-0.7582814356315908,0.32250387136903186,-1.3903890235148932,-0.12617384774828833,-1.0807853070006226,0.0
36,43,23,-0.7663436103470194,0.3167781353943559,-1.387228755719957,-0.14545846497408177,-1.0831217457413753,0.0
70,32,32,-0.774819448097756,0.308484151646783,-1.3794483853254507,-0.17019051087006143,-1.083303599744539,0.0
117,70,9,-0.7879369302249827,0.2974460738548008,-1.3709312349803922,-0.2049426254695731,-1.0853830040797834,0.0
111,38,41,-0.8016688978445973,0.28438904425436146,-1.3590714245831457,-0.24426637110604887,-1.0860579420989587,0.0
80,45,32,-0.6859686561131574,0.4004028858048737,-1.4707583122907097,0.09882100006439509,-1.086371541918031,0.0
117,99,34,-0.7565714016500409,0.3385973399163169,-1.4202221878860222,-0.09292061541405972,-1.0951687415663578,0.0
68,80,12,-0.8168648425926304,0.27870811185739663,-1.3631327418331276,-0.270596943352133,-1.095572954450027,0.0
117,70,36,-0.6601141689713241,0.43792788970454594,-1.5184528327922342,0.19822449484958593,-1.0980420586758701,0.0
111,82,52,-0.8052011876462828,0.29695777127791056,-1.3872384193509875,-0.22316395594157812,-1.1021589589241934,0.0
43,6,49,-0.7496217997829223,0.3534291333066501,-1.4423429010639564,-0.05690069850188817,-1.1030509330895724,0.0
80,82,4,-0.9033384549492108,0.20245032878895425,-1.300141099375561,-0.5065358105228606,-1.105788783738165,0.0
111,68,25,-0.9207458635332656,0.18610659956772904,-1.2855147986860145,-0.5559769283805167,-1.1068524631009946,0.0
104,80,44,-0.7693514202381598,0.3379546580607169,-1.431742550037165,-0.10696029043915478,-1.1073060782988766,0.0
111,38,33,-0.8428010053543254,0.26580102923553767,-1.3637710226559792,-0.32183098805267163,-1.108602034589863,0.0
104,32,44,-0.6189347374563581,0.4946361423747013,-1.5884215765107728,0.3505521015980565,-1.1135708798310593,0.0
60,82,39,-0.5682035794881771,0.5475879714217156,-1.6414760034747395,0.5050688444983854,-1.1157915509098926,0.0
99,70,14,-0.5031306747744527,0.6130414571232503,-1.7046919307360233,0.6984305811871178,-1.1161721318977031,0.0
68,82,51,-0.7001748211837057,0.42304438680327355,-1.5293418193181219,0.12899217695071052,-1.1232192079869792,0.0
36,64,6,-0.599836950296705,0.5239062313937973,-1.6266931638285476,0.4270192632351376,-1.1237431816905024,0.0
6,32,15,-0.7481045915450151,0.3829752731212647,-1.498736126862694,0.0025269437726638255,-1.1310798646662799,0.0
104,117,32,-0.8821471509916896,0.2490732394404726,-1.3703307002950158,-0.3939636016883633,-1.1312203904321623,0.0
60,43,41,-0.9174459840828805,0.21415366620471463,-1.3371871698441211,-0.49770479832163983,-1.1315996502875951,0.0
117,43,56,-0.8517837395916085,0.28107170302346823,-1.402684277517606,-0.3008832016656108,-1.1328554426150768,0.0
38,6,6,-0.7683360684545821,0.364977136215255,-1.483691255436482,-0.05298088147268232,-1.133313204669837,0.0
104,80,57,-0.8690948281857914,0.2670229508190851,-1.3924598117911984,-0.3457298445803846,-1.1361177790048766,0.0
60,99,5,-0.794380181632513,0.3457347010699135,-1.4720201957295433,-0.11674016753548255,-1.1401148827024266,0.0
99,82,35,-0.9104502486223057,0.23220305555080817,-1.3655682375018898,-0.45533225974272173,-1.142653304173114,0.0
104,80,52,-0.8939643401658576,0.25210836944007464,-1.3880967442684038,-0.3998319360633113,-1.1460727096059322,0.0
104,60,10,-0.6563539033708043,0.4909505193920611,-1.618616921379244,0.30590911463763537,-1.1473044227628655,0.0
80,82,2,-0.9897544728828833,0.15769245657225897,-1.298831687764511,-0.6806772580012557,-1.1474469294551424,0.0
68,32,1,-0.7548118025015996,0.39305947058664636,-1.5252083648514265,0.01558475984822727,-1.147871273088246,0.0
64,60,32,-0.9506849235376701,0.19739860230083486,-1.3375861840473064,-0.5637836630280337,-1.148083525838505,0.0
68,82,2,-0.6595179146254583,0.48932754578539395,-1.6185999043648303,0.2995640751139138,-1.1488454604108522,0.0
82,43,43,-0.6265343884330212,0.5279848383030074,-1.6613846715069156,0.40831589464087314,-1.1545192267360287,0.0
111,38,2,-0.8736473632573535,0.28193057377190267,-1.4262312878502827,-0.3210634386644242,-1.155577937029256,0.0
117,68,53,-0.8526435683993214,0.3045912518609582,-1.4496424220467996,-0.25564471475184336,-1.1572348202602796,0.0
64,6,51,-0.54197694436128,0.6162440866105022,-1.7498153541178643,0.6658614653953044,-1.1582210309717822,0.0
32,82,28,-0.8611940537197809,0.30006764392108753,-1.4493266358051125,-0.27306147163444927,-1.1612616976408683,0.0
70,32,35,-0.7247995361883147,0.4404728595688278,-1.5881263409432171,0.1385272685665878,-1.1652723957571425,0.0
6,104,22,-0.8169351017118771,0.3485550307317848,-1.5001029619461752,-0.1337672414775789,-1.165490132443662,0.0
32,6,44,-0.8247548600668041,0.3414786382064342,-1.494052990951415,-0.1554567291821931,-1.1662334982732383,0.0
38,70,41,-0.5479998232251644,0.6185655870614725,-1.7603883738656505,0.6643887274153217,-1.166565410286637,0.0
38,68,53,-0.8766877936438398,0.29029508292636386,-1.445666156179513,-0.3077094311081666,-1.1669828765702035,0.0
111,117,56,-0.7750870400037962,0.392209974742889,-1.5438185904998587,-0.006355489507733791,-1.1672970147466852,0.0
80,117,40,-0.8170283465321574,0.3507284732845974,-1.5044561541699681,-0.12960053889434653,-1.1677568198167547,0.0
82,24,48,-0.8264945476407717,0.34793863839334843,-1.5084542788917346,-0.1445348163898088,-1.1744331860341202,0.0
38,43,40,-0.7151104278921437,0.4608201393065371,-1.6183179009329565,0.18809704514866898,-1.1759305671986808,0.0
36,99,13,-0.6376924223116665,0.5403780327168757,-1.6968333664367428,0.42144852181340986,-1.1780704550285421,0.0
80,82,24,-0.9417684019791666,0.23907102365161262,-1.4103476083363273,-0.47318919562200584,-1.1808394256307793,0.0
70,32,0,-0.7170369359562442,0.46513545405636586,-1.628702425906721,0.19462855399423284,-1.18217239001261,0.0
99,82,3,-0.8314470757776034,0.3510405358953102,-1.5194865261324113,-0.1434076254227954,-1.1824876116729135,0.0
117,70,26,-0.676126272886782,0.5109282541726518,-1.6775456510651794,0.32529310529161537,-1.1870545270594337,0.0
38,68,9,-0.815475001844227,0.3726269880830714,-1.545823898487047,-0.08512610520140718,-1.1881019899272984,0.0
36,32,8,-0.7954226798738377,0.39782051574753086,-1.5751508907389982,-0.015694469008677325,-1.1932431956213687,0.0
36,60,51,-0.9241537593194735,0.2695620429200203,-1.4524953634427131,-0.3958121551962338,-1.1937158022394938,0.0
82,43,22,-0.848129619962935,0.3477001979049668,-1.5296220078566698,-0.16663723206920011,-1.1958298178679019,0.0
60,70,25,-0.7300959736942432,0.4670266966637342,-1.6454682991551621,0.18527635176667578,-1.1971226703579774,0.0
32,6,36,-0.8169602848715461,0.38171105772948927,-1.5651139580213451,-0.06880661172174718,-1.1986713426010354,0.0
36,24,40,-0.8226375902096724,0.3786999698625906,-1.56488953114035,-0.08038564927899494,-1.2013375600722629,0.0
70,99,37,-0.6880359021824746,0.5150487827754617,-1.6975315164223796,0.3214597120574304,-1.2030846849579362,0.0
6,24,57,-0.8596796071162138,0.3486767491407788,-1.5430860354321403,-0.17627317880028737,-1.2083563562569926,0.0
104,80,14,-0.9772138305315297,0.23198200927135515,-1.4318985687033856,-0.5225290923596736,-1.2091958398028848,0.0
36,32,25,-0.8870550138104212,0.3234070337644177,-1.52093279998868,-0.25317722763216244,-1.2104620475748389,0.0
32,82,41,-0.7388327653946398,0.4761649984010098,-1.672116162260619,0.19445063147133934,-1.2149977637956497,0.0
70,24,51,-0.5230924184344352,0.6943499826448102,-1.8840183844182632,0.8378335475493928,-1.2174424010792455,0.0
64,60,42,-0.9007856561542896,0.31691291859175585,-1.5219349765941312,-0.2796363357144481,-1.2176985747460454,0.0
43,6,45,-0.8255108709488428,0.3969076107004109,-1.6034497879216483,-0.04757195397603742,-1.2224184816492536,0.0
64,68,40,-0.8944415180791279,0.3280806991024087,-1.537479688319849,-0.2514033478384068,-1.2225222171815366,0.0
117,24,55,-0.9064428609206452,0.31685169199682156,-1.5274721772344155,-0.28541354460687496,-1.2232945529174668,0.0
36,24,57,-0.8091015359153665,0.41779708230255325,-1.6279838172283707,0.009780745397637847,-1.2268986182179198,0.0
36,104,11,-0.9303893699734077,0.2978307210298421,-1.5141375831918982,-0.34664115675491725,-1.2282200910032497,0.0
111,32,1,-0.8596232777861385,0.36862117177963427,-1.5821207744742216,-0.1371257810980553,-1.2282444495657727,0.0
68,43,53,-0.9447486089820022,0.2871565425397109,-1.5075754323598356,-0.3819217856041688,-1.2319051515217132,0.0
104,6,6,-0.7945430105220925,0.4379441675872455,-1.6529135789930938,0.06382755794890871,-1.232487178109338,0.0
60,6,51,-0.9508182684317444,0.28448713006906884,-1.5084130433671192,-0.39322349349636954,-1.2353053985008133,0.0
38,64,5,-0.794734481263593,0.4418833345116709,-1.6608258169064678,0.07135685437928185,-1.2366178157752639,0.0
80,43,31,-0.8936354057034328,0.3438279435870846,-1.5675381751341186,-0.21973263627274708,-1.2374633492905174,0.0
36,60,34,-1.1162360719783062,0.12145532833935906,-1.3542885155234499,-0.8781836284331624,-1.2376914003176653,0.0
6,24,1,-0.9249620238862396,0.3145734269385557,-1.5415259406858088,-0.30839810708667037,-1.2395354508247953,0.0
74,68,53,-1.0367257747446874,0.20307596344002446,-1.4347546630871353,-0.6386968864022395,-1.239801738184712,0.0
99,24,53,-1.0096881560766686,0.2303999351802713,-1.4612720290300003,-0.5581042831233369,-1.2400880912569399,0.0
111,117,14,-0.7540674292428415,0.4863863719095961,-1.7073847181856499,0.19924985969996678,-1.2404538011524378,0.0
104,70,7,-0.8710737662069324,0.3734667331360092,-1.6030685631535104,-0.13907896926035446,-1.2445404993429416,0.0
80,82,9,-1.0109148944526498,0.2338061715865472,-1.4691749907622822,-0.5526547981430173,-1.244721066039197,0.0
36,104,41,-0.887550667148177,0.3578118634999796,-1.588861919608137,-0.18623941468821692,-1.2453625306481566,0.0
82,43,5,-0.8948687972640534,0.35801622949066425,-1.5965806070657553,-0.19315698746235155,-1.2528850267547176,0.0
43,6,27,-0.7934207182896218,0.46068083349214395,-1.696355151934224,0.10951371535498033,-1.2541015517817657,0.0
68,32,33,-0.9113582650652874,0.34298653005471036,-1.5836118639725196,-0.23910466615805515,-1.2543447951199977,0.0
111,82,43,-0.8479140059641095,0.4068777770766776,-1.6453944490343977,-0.05043356289382139,-1.254791783040787,0.0
104,82,16,-0.7156264101212518,0.5403154345448341,-1.7746446618291265,0.34339184158662295,-1.255941844666086,0.0
111,38,28,-0.9477749955759811,0.30868008309271955,-1.5527879584377113,-0.34276203271425076,-1.2564550786687008,0.0
36,24,48,-0.8499885884036595,0.4069037817750566,-1.6475200006827704,-0.05245717612454859,-1.2568923701787162,0.0
68,82,28,-0.9349617704131509,0.32455135698690185,-1.5710824301074786,-0.29884111071882324,-1.2595131274000528,0.0
104,82,5,-0.8153503474881021,0.44726759084154727,-1.6919948255375348,0.061294130561330595,-1.2626179383296494,0.0
6,68,20,-0.8680080070535886,0.39505375394564846,-1.6423133647870596,-0.09370264932011763,-1.263061760999237,0.0
6,32,36,-0.8662829073173268,0.39802405788300294,-1.6464100607680126,-0.0861557538666411,-1.2643069652003298,0.0
80,117,41,-0.9189764215057411,0.3508835160608225,-1.6067081129849532,-0.231244730026529,-1.2698599375665636,0.0
38,99,17,-0.6720010688388077,0.6021878604904556,-1.8522892754001008,0.5082871377224852,-1.2741889293292634,0.0
32,82,7,-0.842114006960358,0.43439237049182133,-1.693523053124328,0.009295039203611855,-1.2765063774521792,0.0
111,32,15,-0.9172897513241209,0.36028842815831685,-1.623455070514422,-0.21112443213381993,-1.277578179482438,0.0
6,24,34,-1.0488095852841421,0.22935389872051834,-1.4983432267763581,-0.5992759437919262,-1.2781634840046605,0.0
68,32,31,-0.902172018288541,0.37823983007161305,-1.6435220852289025,-0.16082195134817945,-1.280411848360154,0.0
82,24,28,-1.0036530783342867,0.2792726149917269,-1.5510274037180714,-0.456278752950502,-1.2829256933260136,0.0
64,68,57,-0.9218146374053888,0.36237031965546096,-1.6320604639300922,-0.21156881088068535,-1.28418495706085,0.0
6,24,48,-0.9208737803874283,0.3640520643531118,-1.6344158265195274,-0.20733173425532914,-1.28492584474054,0.0
111,24,27,-0.9008086310077965,0.3860596041209403,-1.6574854550848395,-0.14413180693075356,-1.2868682351287368,0.0
43,6,22,-0.849113752563906,0.43981179509894325,-1.7111448709578347,0.012917365830022787,-1.2889255476628492,0.0
104,32,52,-0.6630984659090385,0.6272679980445673,-1.8925437420763904,0.5663468102583135,-1.2903664639536059,0.0
60,43,28,-1.0804484407691894,0.20993087322968004,-1.4919129522993624,-0.6689839292390165,-1.2903793139988695,0.0
80,117,33,-0.9369983780597669,0.3540747274834365,-1.6309848439273025,-0.2430119121922314,-1.2910731055432034,0.0
104,80,19,-0.9151656679684168,0.37667863856524775,-1.6534557995563024,-0.17687553638053122,-1.2918443065336644,0.0
70,117,52,-0.7287152450770974,0.5647041227652304,-1.835535325696949,0.3781048355427542,-1.2934193678423278,0.0
111,68,6,-0.8610249253375223,0.4353936371923155,-1.7143964542344605,-0.007653396440583937,-1.296418562529838,0.0
36,32,43,-0.893443670240553,0.4031157198803799,-1.6835504812060975,-0.10333685927500846,-1.296559390120933,0.0
99,82,48,-0.9508133578397296,0.34579068601164276,-1.6285631024225493,-0.27306361325690987,-1.2966040438513724,0.0
104,117,55,-1.0121632629017028,0.29512954060694463,-1.5906171624913141,-0.4337093633120913,-1.3072928035086475,0.0
80,117,7,-0.8904365417618515,0.4191894052516949,-1.7120477760551736,-0.06882530746852955,-1.3096259470135463,0.0
68,45,35,-1.073139363540384,0.23691339461325756,-1.5374896169823689,-0.6087891100983993,-1.3100527581536416,0.0
68,82,11,-0.9407638310728447,0.37002208121237834,-1.6660071102491063,-0.21552055189658315,-1.310785912285223,0.0
6,43,41,-0.927197482451909,0.38544874310743177,-1.6826770189424751,-0.17171794596134282,-1.3126462255593407,0.0
36,60,42,-1.098797093231564,0.2180458223695551,-1.526166905075892,-0.6714272813872361,-1.3168429156011192,0.0
60,82,56,-1.1240613805121262,0.19500350745283013,-1.5062682551196733,-0.7418545059045791,-1.3190648879649562,0.0
68,82,13,-0.6901632202915807,0.630577331844466,-1.9260947907067338,0.5457683501235725,-1.3207405521360467,0.0
38,43,58,-0.8174446369636608,0.5053353149483207,-1.8079018542623695,0.17301258033504785,-1.3227799519119814,0.0
104,80,15,-1.0454172526743386,0.2814966050295221,-1.597150598532202,-0.4936839068164752,-1.3269138577038606,0.0
70,75,37,-0.7881936517616689,0.5416444866099004,-1.8498168455170738,0.2734295419937359,-1.3298381383715694,0.0
68,32,55,-0.8858890596560948,0.4445670581657966,-1.7572404936610562,-0.014537625651133368,-1.3304561178218914,0.0
38,82,48,-0.9911912306456571,0.3401565920830003,-1.6578981511283377,-0.3244843101629765,-1.3313478227286573,0.0
6,43,11,-0.9757304617798103,0.3569946013699883,-1.6754398804649873,-0.27602104309463327,-1.3327250631497987,0.0
6,104,52,-0.9158210056645695,0.4173958098186239,-1.7339167929090724,-0.09772521842006665,-1.3332168154831934,0.0
38,104,56,-0.9304330990664876,0.403588017985118,-1.721465614317319,-0.13940058381565634,-1.3340211170516056,0.0
117,68,34,-1.1669704894197335,0.16848066011467341,-1.4971925832444932,-0.8367483955949736,-1.3354511495344068,0.0
60,99,43,-0.8434830285926331,0.49212994783757913,-1.808057726354288,0.12109166916902192,-1.3356129764302123,0.0
117,24,17,-0.9688753778571463,0.37325999898024326,-1.7004649758584232,-0.23728577985586952,-1.3421353768373896,0.0
68,99,17,-0.9051284380206827,0.4372541393007488,-1.7621465510501504,-0.04811032499121504,-1.3423825773214315,0.0
117,70,5,-0.8609234223158241,0.48876977600088833,-1.8189121832775652,0.09706533864591704,-1.3496931983167124,0.0
68,24,28,-0.9647936445433649,0.38617816339474564,-1.7217028447970664,-0.20788444428966346,-1.3509718079381106,0.0
38,104,9,-1.0281606756150397,0.3271104910033588,-1.6692972379816229,-0.3870241132484564,-1.3552711666183985,0.0
38,104,11,-0.897326448332137,0.4600736637945501,-1.7990708293694553,0.0044179327051812045,-1.3574001121266872,0.0
24,6,34,-1.1057219499079152,0.2525725411141273,-1.6007641304916047,-0.6106797693242256,-1.3582944910220425,0.0
104,80,56,-1.1595742729637823,0.19939876991178157,-1.5503958619908742,-0.7687526839366905,-1.358973042875564,0.0
6,32,2,-0.9935547750365822,0.3670833340163145,-1.7130381097085585,-0.27407144036460585,-1.3606381090528967,0.0
38,104,36,-0.8696672277768283,0.4925780980660137,-1.835120299986215,0.09578584443255855,-1.362245325842842,0.0
74,117,37,-1.1183411290846208,0.24581711616205862,-1.6001426767622557,-0.6365395814069859,-1.3641582452466794,0.0
80,43,41,-1.0825642152321464,0.28639754619942626,-1.6439034057830217,-0.521225024681271,-1.3689617614315726,0.0
68,82,9,-1.14985543128329,0.22004144309350632,-1.5811366597465624,-0.7185742028200177,-1.3698968743767963,0.0
43,6,40,-1.0639176677756348,0.30667139551959294,-1.6649936029940369,-0.4628417325572326,-1.3705890632952278,0.0
38,99,56,-0.8770260741894738,0.4955597057001173,-1.8483230973617037,0.09427094898275612,-1.372585779889591,0.0
70,32,36,-0.8326225125479537,0.5410290539847518,-1.893039458358067,0.22779443326215965,-1.3736515665327054,0.0
111,60,45,-0.995998004526172,0.37883263793797234,-1.7385099748845978,-0.2534860341677463,-1.3748306424641443,0.0
99,24,32,-1.1297518872905692,0.24781798769873584,-1.6154751431800913,-0.6440286314010469,-1.377569874989305,0.0
68,45,16,-1.0865348718515606,0.2910524478706844,-1.656997669678102,-0.5160720740250192,-1.377587319722245,0.0
117,68,38,-1.0442170823951722,0.33353445454811914,-1.6979446133094855,-0.39048955148085873,-1.3777515369432913,0.0
36,24,47,-1.0408316029191353,0.3392393769351947,-1.7057407817121168,-0.37592242412615373,-1.38007097985433,0.0
104,6,42,-1.0806947506617477,0.30095367285633806,-1.6705639494601703,-0.4908255518633251,-1.3816484235180857,0.0
24,6,47,-1.0904579312958032,0.2913775834358518,-1.6615579948300727,-0.5193578677615337,-1.381835514731655,0.0
64,117,46,-1.0832454617249407,0.29881199220749305,-1.668916966451627,-0.49757395699825435,-1.3820574539324337,0.0
104,60,25,-1.0816283943871865,0.30069013729916,-1.67098106349354,-0.49227572528083297,-1.3823185316863464,0.0
68,82,56,-1.0687081847595366,0.31650458998391606,-1.6890571811280122,-0.44835918839106104,-1.3852127747434526,0.0
43,6,2,-0.975125828032272,0.4217981000388245,-1.801850104108368,-0.148401551956176,-1.3969239280710966,0.0
104,70,58,-1.1230402518989233,0.2793510459181997,-1.6705683018985948,-0.5755122018992519,-1.4023912978171231,0.0
60,6,31,-1.167386174371486,0.23606032237256347,-1.6300644062217104,-0.7047079425212616,-1.4034464967440494,0.0
68,32,32,-1.1770828402648579,0.23165673173637427,-1.6311300344681514,-0.7230356460615643,-1.4087395720012321,0.0
104,82,8,-0.9082980089458158,0.505045303434848,-1.8981868036781178,0.08159078578648626,-1.4133433123806638,0.0
68,45,49,-1.201604473515382,0.2140858585322252,-1.6212127562385432,-0.7819961907922206,-1.415690332047607,0.0
60,45,45,-1.1422879330023714,0.2740596551543482,-1.6794448571048939,-0.6051310088998489,-1.4163475881567196,0.0
117,70,31,-0.8621879361614307,0.5568141314714412,-1.9535436338454555,0.2291677615225941,-1.419002067632872,0.0
80,43,50,-1.072984199158728,0.34676288670897265,-1.7526394571083141,-0.3933289412091415,-1.4197470858677006,0.0
117,68,12,-1.057063246699452,0.36568544717353935,-1.773806723159589,-0.3403197702393149,-1.4227486938729914,0.0
32,82,22,-1.0668383752586401,0.3614330911123675,-1.7752472338388805,-0.35842951667839984,-1.4282714663710077,0.0
80,82,40,-1.2514863211263962,0.17849334640491693,-1.6013332800800333,-0.9016393621727591,-1.4299796675313132,0.0
117,82,14,-1.0078896550889507,0.4253116942244282,-1.8415005757688299,-0.17427873440907138,-1.4332013493133788,0.0
6,24,5,-1.0725703776869435,0.36663012558021446,-1.7911654238241639,-0.35397533154972316,-1.439200503267158,0.0
36,60,31,-1.2054779705046157,0.23544926576026018,-1.6669585313947257,-0.7439974096145057,-1.440927236264876,0.0
104,80,54,-1.2306174837933463,0.21184164171195213,-1.6458271015487727,-0.8154078660379201,-1.4424591255052985,0.0
38,70,35,-0.9438423446232319,0.5057339802586431,-1.9350809459301725,0.047396256683708615,-1.4495763248818752,0.0
68,45,56,-1.210013923149452,0.24551041299506088,-1.6912143326197713,-0.7288135136791327,-1.455524336144513,0.0
60,82,49,-1.1608786262296273,0.2947318821895604,-1.7385531153211657,-0.5832041371380889,-1.4556105084191877,0.0
6,104,45,-1.053061802190931,0.40356164436864833,-1.8440426251534818,-0.26208097922838036,-1.4566234465595793,0.0
60,82,38,-1.1037567982591217,0.3536657703161484,-1.7969417080787724,-0.4105718884394709,-1.45742256857527,0.0
60,99,28,-1.2076032854718428,0.25160161203895043,-1.7007424450681856,-0.7144641258755,-1.4592048975107932,0.0
36,43,11,-1.0262998851026937,0.4334969876827825,-1.8759539809609473,-0.17664578924443997,-1.4597968727854762,0.0
36,24,29,-1.176657715252763,0.28651213998752917,-1.7382215096283202,-0.6150939208772059,-1.4631698552402923,0.0
36,60,21,-1.2589733100009042,0.20485067091491213,-1.660480624994132,-0.8574659950076764,-1.4638239809158162,0.0
24,6,55,-1.1037295279935428,0.36250858270309405,-1.814246350091607,-0.3932127058954785,-1.466238110696637,0.0
32,99,33,-1.054581678816169,0.41423714140797774,-1.8664864759758055,-0.24267688165653267,-1.4688188202241468,0.0
36,24,55,-1.0504379078698522,0.42153782232700904,-1.87665203963079,-0.22422377610891453,-1.4719757301968612,0.0
43,6,12,-0.9746124918696218,0.5081735401060832,-1.970632630477545,0.0214076467383012,-1.4827860319757051,0.0
60,70,52,-1.0287045902260838,0.45491051694988494,-1.9203292034478583,-0.1370799770043094,-1.483615107175969,0.0
64,60,7,-1.089798352216607,0.3943747866996985,-1.862772934148016,-0.31682377028519804,-1.4841731389163055,0.0
6,43,12,-1.0016415496484994,0.4892532618848294,-1.960577942942765,-0.042705156354233775,-1.490894811533329,0.0
111,38,19,-1.036723087687094,0.4545402515439175,-1.9276219807131723,-0.14582419466101582,-1.4912633392310115,0.0
80,82,38,-1.2274678714834046,0.26520095903764446,-1.7472617511971877,-0.7076739917696215,-1.4926688305210492,0.0
6,6,39,-0.5390491829609566,0.9545979051767545,-2.4100610771073954,1.331962711185482,-1.493647088137711,0.0
68,43,52,-1.148262258439861,0.3488506127671975,-1.8320094594635679,-0.46451505741615395,-1.4971128712070585,0.0
68,45,51,-0.7800203401689594,0.7175893489599784,-2.186495464130517,0.6264547837925982,-1.4976096891289377,0.0
6,104,33,-1.1615548976710646,0.33755932896796415,-1.8231711824482741,-0.4999386128938549,-1.4991142266390287,0.0
68,80,52,-1.2140208173929379,0.2854953002116968,-1.7735916058078636,-0.6544500289780122,-1.4995161176046348,0.0
60,99,8,-1.2292597769661222,0.2707440778203615,-1.7599181694940307,-0.6986013844382137,-1.5000038547864838,0.0
60,43,49,-1.281111224024894,0.2201036545804862,-1.712514387002647,-0.8497080610471411,-1.5012148786053803,0.0
68,80,27,-1.1132530307461395,0.3884636658535072,-1.8746418158190137,-0.35186424567326535,-1.5017166965996467,0.0
111,24,24,-1.1915124109876867,0.3110708184934636,-1.8012112152348752,-0.5818136067404981,-1.5025832294811503,0.0
104,82,15,-0.9320931105118613,0.5712076112670519,-2.0516600285952826,0.1874738075715603,-1.5033007217789132,0.0
6,104,16,-1.0949211811030342,0.40863300195783364,-1.895841864940388,-0.2940004972656802,-1.5035541830608679,0.0
60,45,26,-1.2049088233985144,0.30068323654986556,-1.794247967036251,-0.6155696797607778,-1.5055920599483799,0.0
36,104,45,-1.064057248328865,0.4448843689815429,-1.936030611532689,-0.19208388512504104,-1.508941617310408,0.0
111,60,26,-1.1447535673287856,0.3653598827993365,-1.8608589376154852,-0.4286481970420861,-1.5101134501281221,0.0
60,70,33,-1.047231526383477,0.4649504370719069,-1.9585343830444146,-0.13592866972253947,-1.512181963455384,0.0
68,32,8,-1.1337246210027907,0.38228367948804776,-1.8830006327993642,-0.38444860920621715,-1.5160083004908385,0.0
60,43,4,-1.181342284858003,0.3362871021465544,-1.8404650050652496,-0.5222195646507565,-1.5176293870045574,0.0
64,68,1,-1.2013623600512118,0.3190656605029976,-1.826731054637087,-0.5759936654653365,-1.5204280205542093,0.0
43,6,36,-1.0788878339748647,0.44493192228169126,-1.9509544016469795,-0.20682126630274977,-1.5238197562565559,0.0
68,80,32,-1.3626870337052757,0.16391348903802622,-1.683957472219807,-1.0414165951907444,-1.526600522743302,0.0
111,32,51,-0.9944759002986897,0.5339408088804825,-2.0409998857044354,0.05204808510705583,-1.5284167091791723,0.0
70,32,19,-0.97180743560827,0.561393217467268,-2.072138141844115,0.12852327062757518,-1.533200653075538,0.0
99,43,20,-1.108788228178007,0.4294751267016756,-1.9505594765132912,-0.2670169798427229,-1.5382633548796827,0.0
60,117,54,-1.4455809328540374,0.0977002777593317,-1.6370734772623274,-1.2540883884457474,-1.543281210613369,0.0
111,68,7,-1.1590860218115435,0.38605121043245066,-1.9157463942591468,-0.4024256493639402,-1.5451372322439942,0.0
60,43,37,-1.3363302533918493,0.2088238718894058,-1.7456250422950848,-0.927035464488614,-1.545154125281255,0.0
104,70,23,-1.294359230167669,0.25105118318617764,-1.7864195492125772,-0.8022989111227607,-1.5454104133538467,0.0
60,99,41,-1.2649392816952967,0.2843176109250133,-1.8222017991083228,-0.7076767642822707,-1.5492568926203099,0.0
104,60,4,-1.1106619755397966,0.4413423362840036,-1.9756929546564437,-0.24563099642314956,-1.5520043118238003,0.0
68,80,54,-1.368403791811885,0.18453011973680872,-1.7300828264960302,-1.0067247571277398,-1.5529339115486938,0.0
117,24,25,-1.3202821730273913,0.23632338680367534,-1.783476011162595,-0.8570883348921876,-1.5566055598310666,0.0
36,60,20,-1.3569580711921017,0.2014605169303869,-1.75182068437566,-0.9620954580085432,-1.5584185881224886,0.0
60,117,25,-1.4288565311912398,0.13464977978072323,-1.6927700995614572,-1.1649429628210224,-1.5635063109719631,0.0
111,24,28,-1.2519561610005843,0.31248947524532233,-1.8644355324814161,-0.6394767895197525,-1.5644456362459067,0.0
38,104,37,-1.2239869499370584,0.3411597901428473,-1.892660138617039,-0.5553137612570777,-1.5651467400799057,0.0
6,104,14,-1.2067877156171813,0.3621481712775439,-1.9165981313211673,-0.4969772999131953,-1.5689358868947252,0.0
60,82,41,-1.252964447393498,0.3169691711036376,-1.8742240227566276,-0.6317048720303683,-1.5699336184971355,0.0
60,68,39,-1.1763785827253657,0.39618998021189905,-1.9529109439406878,-0.39984622151004356,-1.5725685629372648,0.0
24,6,46,-1.2803256590556389,0.2941985852871928,-1.8569548862185368,-0.703696431892741,-1.5745242443428316,0.0
60,70,32,-1.3366999283493712,0.24143905874772847,-1.809920483494919,-0.8634793732038235,-1.5781389870970997,0.0
6,104,7,-1.1191315040976617,0.4630031252842325,-2.0266176296547576,-0.2116453785405661,-1.582134629381894,0.0
36,104,2,-1.249088735735609,0.3335067916238746,-1.9027620473184033,-0.5954154241528149,-1.5825955273594836,0.0
60,6,16,-1.2823038836432754,0.30429833457969,-1.878728619419468,-0.6858791478670829,-1.5866022182229655,0.0
104,82,19,-1.0030526422667754,0.5881018502477287,-2.1557322687523235,0.14962698421877274,-1.591154492514504,0.0
6,68,51,-1.118045468681042,0.47381024081228734,-2.046713540673125,-0.1893773966889588,-1.5918557094933292,0.0
117,24,38,-1.2555300228020307,0.33862595023985526,-1.919236885272147,-0.5918231603319144,-1.594155973041886,0.0
64,32,8,-1.2040002612414848,0.3912394412164449,-1.9708295660257167,-0.4371709564572529,-1.5952397024579297,0.0
64,68,3,-1.2580817815903047,0.33955587935232145,-1.9236113051208548,-0.5925522580597546,-1.5976376609426262,0.0
68,32,24,-1.2983962938869227,0.2999187769117697,-1.8862370966339914,-0.7105554911398541,-1.5983150707986924,0.0
68,6,51,-1.193948189895101,0.4057621622500506,-1.9892420279052,-0.39865435188500187,-1.5997103521451517,0.0
36,32,37,-1.2132284668783524,0.38897940640757384,-1.975628103437197,-0.4508288303195077,-1.6022078732859262,0.0
60,6,30,-1.4155148276568437,0.18804606574114574,-1.7840851165094893,-1.046944538804198,-1.6035608933979895,0.0
117,68,14,-1.142778791837512,0.4620875832976585,-2.0484704551009227,-0.23708712857410152,-1.6048663751351706,0.0
36,104,14,-1.2564042071643478,0.3505260998877776,-1.943435362944392,-0.5693730513843036,-1.6069303070521253,0.0
117,70,34,-1.290620304364573,0.31679913296786494,-1.9115466049815883,-0.6696940037475577,-1.607419437332438,0.0
6,43,31,-1.1868388468243718,0.4298365427084425,-2.0293184705329192,-0.34435922311582445,-1.6166753895328143,0.0
24,6,12,-1.2358947344230453,0.38163534975522023,-1.983900019943277,-0.4878894489028137,-1.6175300841782656,0.0
99,68,30,-1.2518578037617059,0.36606280494031995,-1.969340901444733,-0.5343747060786788,-1.617920608702026,0.0
117,24,32,-1.4146632171024438,0.21872585737435205,-1.8433658975561737,-0.9859605366487139,-1.6333890744767958,0.0
68,82,15,-1.2435754617980086,0.3911199602254384,-2.0101705838398676,-0.4769803397561494,-1.634695422023447,0.0
38,117,58,-1.4215324592381648,0.21723089175884788,-1.8473050070855068,-0.995759911390823,-1.6387633509970128,0.0
60,45,8,-1.2346806028551587,0.4050528282370627,-2.0285841461998015,-0.4407770595105158,-1.6397334310922214,0.0
43,6,4,-1.1169237973651862,0.5241108071908648,-2.144180979459281,-0.08966661527109121,-1.6410346045560509,0.0
60,43,11,-1.4473420785051927,0.19506327441039656,-1.82966609634957,-1.0650180606608155,-1.6424053529155893,0.0
38,45,38,-1.2651597631046354,0.37750505125599065,-2.005069663566377,-0.5252498626428938,-1.642664814360626,0.0
36,32,10,-1.2742622634269007,0.37275532802637446,-2.004862706358595,-0.5436618204952068,-1.6470175914532752,0.0
111,68,26,-1.4023913504978145,0.2487923276480281,-1.8900243126879497,-0.9147583883076794,-1.6511836781458427,0.0
111,82,22,-1.3683168119599425,0.2844947288696578,-1.9259264805444718,-0.8107071433754132,-1.6528115408296002,0.0
68,45,29,-1.359435602230807,0.29505211784608093,-1.9377377532091256,-0.7811334512524883,-1.654487720076888,0.0
104,6,2,-1.2977069548261022,0.3578931634722277,-1.9991775552316686,-0.5962363544205359,-1.65560011829833,0.0
111,24,47,-1.3985506671733485,0.25834880891499984,-1.9049143326467481,-0.8921870016999488,-1.6568994760883484,0.0
104,70,8,-1.3435746914591047,0.3138122669096122,-1.9586467346019445,-0.7285026483162648,-1.6573869583687169,0.0
38,70,56,-1.093214084715229,0.566287083903948,-2.203136769166967,0.016708599736509067,-1.659501168619177,0.0
104,70,6,-1.288677339141821,0.37142772699234244,-2.0166756840468123,-0.5606789942368298,-1.6601050661341634,0.0
64,60,16,-1.2924768818643302,0.37426091283478774,-2.026028271020514,-0.5589254927081462,-1.666737794699118,0.0
117,82,15,-1.2111441973886168,0.45627321164926093,-2.105439692221168,-0.31684870255606534,-1.6674174090378777,0.0
117,70,30,-1.1632771260460772,0.5050755069525067,-2.1532251196729906,-0.17332913241916414,-1.6683526329985838,0.0
36,24,56,-1.362177662209428,0.31345963847658925,-1.9765585536235428,-0.747796770795313,-1.6756373006860172,0.0
111,82,13,-1.0199290658661102,0.6573603456337314,-2.3083553433082233,0.26849721157600315,-1.6772894114998416,0.0
99,24,31,-1.30521530759206,0.37288050512603754,-2.0360610976390934,-0.5743695175450265,-1.6780958127180976,0.0
117,82,20,-1.4830033607450066,0.1954152660281057,-1.8660172821600938,-1.0999894393299194,-1.6784186267731123,0.0
99,68,31,-1.3110192082635153,0.3684054733358518,-2.0330939360017846,-0.5889444805252458,-1.679424681599367,0.0
99,32,56,-1.3152310691365945,0.3678679208306451,-2.0362521939646587,-0.59420994430853,-1.6830989899672395,0.0
111,24,16,-1.2271476888891797,0.45631625616957305,-2.121527550981543,-0.3327678267968165,-1.6834639450587527,0.0
117,70,16,-1.1456187395865611,0.5401011696715712,-2.2042170321428407,-0.08702044703028156,-1.6857199092581323,0.0
117,82,40,-1.3984445731444681,0.2914077384171064,-1.9696037404419966,-0.8272854058469397,-1.6898523115615744,0.0
32,82,36,-1.3046217411382124,0.38554521686402404,-2.0602903661916994,-0.5489531160847253,-1.6901669580022365,0.0
60,82,23,-1.4308017846163614,0.26015641002985235,-1.940708348274872,-0.9208952209578508,-1.6909581946462138,0.0
43,6,44,-1.351176560650728,0.3403140748856353,-2.018192147426573,-0.6841609738748828,-1.6914906355363633,0.0
82,24,39,-1.1476383773202707,0.5461274906118712,-2.2180482589195383,-0.07722849572100321,-1.693765867932142,0.0
117,24,49,-1.438176675668723,0.2562567810434949,-1.940439966513973,-0.9359133848234731,-1.694433456712218,0.0
38,68,49,-1.232152765784332,0.4679273447409927,-2.1492903614766776,-0.31501517009198643,-1.7000801105253247,0.0
6,43,55,-1.3099692555807996,0.3902677588399232,-2.074894062907049,-0.5450444482545501,-1.7002370144207228,0.0
60,117,3,-1.5948799788698929,0.10554280161166782,-1.8017438700287618,-1.388016087711024,-1.7004227804815606,0.0
99,70,54,-1.2242839824484961,0.4764262973797163,-2.15807952531274,-0.2904884395842522,-1.7007102798282125,0.0
111,60,22,-1.2922787528273356,0.41138023675894275,-2.0985840168748635,-0.48597348877980784,-1.7036589895862784,0.0
6,104,4,-1.2583997236486966,0.445962877608098,-2.132486963760569,-0.38431248353682446,-1.7043626012567945,0.0
111,24,55,-1.3600157058606588,0.3489715098266401,-2.0439998651208735,-0.6760315466004442,-1.708987215687299,0.0
74,18,33,-1.494353523100777,0.21547853488696256,-1.9166914514792235,-1.0720155947223304,-1.7098320579877395,0.0
38,64,11,-1.3105281951640257,0.4005002059884892,-2.0955085989014646,-0.5255477914265869,-1.711028401152515,0.0
68,32,43,-1.221826810861965,0.49157850724159935,-2.1853206850555,-0.25833293666843027,-1.7134053181035642,0.0
32,6,6,-1.3313522988604163,0.3829112717188594,-2.081858391429381,-0.5808462062914519,-1.7142635705792757,0.0
6,24,46,-1.277030666416152,0.4372634674255895,-2.1340670625703075,-0.4199942702619964,-1.7142941338417415,0.0
60,117,53,-1.5830837783044622,0.1336970254858811,-1.845129948256789,-1.3210376083521354,-1.7167808037903434,0.0
36,64,13,-1.0033865341533261,0.7134062804435762,-2.401662843822735,0.3948897755160832,-1.7167928145969023,0.0
60,68,58,-1.4839726018818187,0.23608928903572196,-1.9467076083918338,-1.0212375953718036,-1.7200618909175407,0.0
68,43,47,-1.47419790159134,0.24721019406891948,-1.958729881966422,-0.9896659212162578,-1.7214080956602595,0.0
6,24,56,-1.3698110085253337,0.3576078219157215,-2.070722339480148,-0.6688996775705196,-1.7274188304410552,0.0
64,24,50,-1.39710824439392,0.33446251581094444,-2.0526547753833713,-0.741561713404469,-1.7315707602048644,0.0
99,70,26,-1.102945733883063,0.6304433748211193,-2.338614748532457,0.13272328076633078,-1.7333891087041824,0.0
60,68,51,-1.2799477501993302,0.45563406352982355,-2.1729905147177844,-0.38690498568087606,-1.7355818137291537,0.0
104,6,12,-1.4312820123535601,0.30649781767295203,-2.032017734992546,-0.8305462897145741,-1.7377798300265122,0.0
60,99,54,-1.4403748845569142,0.2985188636390603,-2.0254718572894723,-0.8552779118243561,-1.7388937481959745,0.0
68,80,55,-1.4884047016594275,0.25060390682475386,-1.979588359035945,-0.9972210442829099,-1.7390086084841814,0.0
64,32,33,-1.3409504388567262,0.4022618023870339,-2.1293835715353127,-0.5525173061781398,-1.74321224124376,0.0
99,68,28,-1.4929176917585274,0.252033951927157,-1.986904237535755,-0.9989311459812997,-1.7449516436856845,0.0
60,68,57,-1.4884915126445786,0.25747039380428,-1.9931334845009674,-0.9838495407881898,-1.7459619064488585,0.0
38,70,4,-1.0840792368589456,0.6640781534740426,-2.385672417668069,0.21751394395017787,-1.7481573903329881,0.0
68,32,2,-1.3493966970702782,0.4000372697489804,-2.13346974577828,-0.5653236483622767,-1.7494339668192587,0.0
32,82,56,-1.4398169037281872,0.3122992420206388,-2.051923418088639,-0.8277103893677351,-1.752116145748826,0.0
80,43,5,-1.4612938820019878,0.29109897068789337,-2.031847864550259,-0.8907398994537169,-1.7523928526898813,0.0
104,70,49,-1.3897979812383692,0.36531056164245035,-2.1058066820575716,-0.6737892804191665,-1.7551085428808195,0.0
36,104,48,-1.3804851215010623,0.3762251394358882,-2.117886394795403,-0.6430838482067214,-1.7567102609369505,0.0
111,99,52,-1.0962344181805541,0.6633633931515943,-2.396426668757679,0.20395783239657073,-1.7595978113321484,0.0
64,6,20,-1.1924056909609833,0.5699265039067188,-2.309461638618152,-0.07534974330381439,-1.7623321948677022,0.0
104,82,25,-1.2686463979599922,0.4998933757764812,-2.2484374144818955,-0.2888553814380891,-1.7685397737364734,0.0
38,68,3,-1.3025285685407184,0.4661355153436012,-2.2161541786141767,-0.3889029584672601,-1.7686640838843197,0.0
68,82,17,-1.3821909248427933,0.4002347058970957,-2.166650948401101,-0.5977309012844857,-1.782425630739889,0.0
38,43,3,-1.2888717325617176,0.4938230607037862,-2.2567649315411384,-0.32097853358229667,-1.7826947932655037,0.0
99,82,33,-1.4821090916649962,0.3032924487225108,-2.0765622911611175,-0.887655892168875,-1.785401540387507,0.0
60,117,42,-1.6893772564910512,0.09999847088138376,-1.8853742594185634,-1.493380253563539,-1.7893757273724349,0.0
36,43,56,-1.3942881934082982,0.39589171790104405,-2.1702359604943444,-0.618340426322252,-1.7901799113093424,0.0
6,104,19,-1.3080782551230667,0.48217674463928056,-2.2531446746160566,-0.3630118356300769,-1.7902549997623474,0.0
60,117,35,-1.639104554021811,0.15216165237877594,-1.9373413926842118,-1.3408677153594102,-1.7912662064005869,0.0
99,68,4,-1.4812113229015988,0.313437883031758,-2.0955495736438445,-0.8668730721593532,-1.7946492059333568,0.0
111,32,33,-1.3582834494684815,0.4381176508815031,-2.216994045196228,-0.49957285374073535,-1.7964011003499847,0.0
60,70,8,-1.3211909539081153,0.4776748784402669,-2.2574337156510382,-0.38494819216519216,-1.7988658323483822,0.0
32,82,47,-1.4504302173583044,0.35260128882333164,-2.1415287434520343,-0.7593316912645743,-1.803031506181636,0.0
117,68,5,-1.3854262601517922,0.4278388796920323,-2.2239904643481756,-0.5468620559554088,-1.8132651398438244,0.0
80,82,29,-1.552427602373289,0.26522150296358077,-2.0722617481819072,-1.0325934565646708,-1.8176491053368697,0.0
99,82,52,-1.5212980852156908,0.3012444570663499,-2.1117372210657366,-0.930858949365645,-1.8225425422820407,0.0
36,43,25,-1.3632189378093003,0.46021755890328614,-2.265245353259741,-0.46119252235885944,-1.8234364967125865,0.0
6,24,51,-1.4256857064380128,0.3989078764272876,-2.2075451442354965,-0.6438262686405292,-1.8245935828653004,0.0
60,117,33,-1.735874692481616,0.09094954536150616,-1.914135801390168,-1.557613583573064,-1.826824237843122,0.0
64,32,35,-1.4887012250672198,0.34131706654693245,-2.157682675499207,-0.8197197746352323,-1.8300182916141523,0.0
111,38,22,-1.4336814482907259,0.39673813851531003,-2.2112881997807334,-0.6560746968007182,-1.8304195868060358,0.0
68,24,25,-1.3595393801040738,0.4823350316222893,-2.304916042083761,-0.41416271812438676,-1.841874411726363,0.0
6,32,19,-1.3831378936077732,0.46236323259778855,-2.2893698294994387,-0.47690595771610766,-1.8455011262055616,0.0
68,82,6,-1.4547168261407315,0.3916923289308936,-2.222433790845283,-0.68699986143618,-1.846409155071625,0.0
68,82,48,-1.4103328439724758,0.44179201894809755,-2.276245201110747,-0.5444204868342046,-1.8521248629205733,0.0
68,24,14,-1.2584822455842686,0.5972097076865814,-2.4290132726499682,-0.08795121851856891,-1.85569195327085,0.0
70,99,33,-1.3201671441825984,0.5407136623873255,-2.379965922461756,-0.26036836590344037,-1.860880806569924,0.0
64,68,8,-1.5501058765547568,0.3110465470174731,-2.159757108709004,-0.9404546444005096,-1.8611524235722299,0.0
99,70,33,-1.35615222531094,0.507895595787617,-2.351627593054669,-0.3606768575672106,-1.864047821098557,0.0
68,80,48,-1.5143822677626995,0.35296595245361234,-2.20619553457178,-0.8225690009536193,-1.8673482202163119,0.0
64,60,14,-1.5989545836896077,0.27094021853010775,-2.1299974120086187,-1.0679117553705966,-1.8698948022197155,0.0
6,24,38,-1.521120871253717,0.3507564490968945,-2.20860351148363,-0.8336382310238037,-1.8718773203506114,0.0
38,60,54,-1.6385387526476571,0.2348410071420658,-2.098827126646106,-1.1782503786492082,-1.873379759789723,0.0
64,117,10,-1.4712633587135084,0.4026388356410646,-2.260435476569995,-0.6820912408570218,-1.873902194354573,0.0
36,24,38,-1.5469628909364563,0.33065298850482255,-2.1950427484059087,-0.8988830334670042,-1.877615879441279,0.0
32,82,29,-1.501519474303885,0.3783792095083552,-2.2431427249402613,-0.759896223667509,-1.8798986838122402,0.0
60,68,32,-1.7356475586177598,0.14903211494934787,-2.0277505039184818,-1.443544613317038,-1.8846796735671076,0.0
99,82,12,-1.477098158878435,0.417944924892114,-2.2962702116669784,-0.6579261060898917,-1.895043083770549,0.0
99,24,3,-1.527313862391416,0.3682889178769092,-2.249160141430158,-0.805467583352674,-1.8956027802683253,0.0
6,43,52,-1.4039670966848692,0.4916914622287495,-2.367682362653218,-0.4402518307165202,-1.8956585589136186,0.0
36,43,34,-1.6675765317932034,0.2293406397734398,-2.1170841857491456,-1.2180688778372615,-1.8969171715666433,0.0
80,43,32,-1.670832188588032,0.22830786751221943,-2.118315608911982,-1.2233487682640818,-1.8991400561002514,0.0
68,24,5,-1.4206616025633503,0.4808674650066804,-2.3631618339764437,-0.4781613711502568,-1.9015290675700307,0.0
38,117,42,-1.6671570497898003,0.23764353715466255,-2.132938382612939,-1.2013757169666617,-1.9048005869444629,0.0
38,60,24,-1.6562765473852934,0.24880939953001768,-2.143942970464128,-1.1686101243064586,-1.9050859469153112,0.0
38,70,46,-1.2708597897353247,0.6353645521282424,-2.5161743119066795,-0.025545267563969576,-1.9062243418635672,0.0
117,82,58,-1.588855170189241,0.31810672653832156,-2.212344354204351,-0.9653659861741308,-1.9069618967275626,0.0
82,24,52,-1.4970496463059748,0.4129997744799168,-2.306529204286612,-0.6875700883253378,-1.9100494207858916,0.0
117,24,54,-1.5973859609900682,0.31573004056921056,-2.2162168405057208,-0.9785550814744156,-1.9131160015592787,0.0
60,70,28,-1.5804299911195545,0.33529655461348895,-2.2376112381619926,-0.9232487440771162,-1.9157265457330435,0.0
6,24,9,-1.6314825865530862,0.2880955548808004,-2.196149874119455,-1.0668152989867175,-1.9195781414338866,0.0
99,82,7,-1.4602771496619973,0.4637262988042724,-2.369180695318371,-0.5513736040056234,-1.9240034484662698,0.0
38,70,45,-1.2832822007181548,0.6421011549158632,-2.541800464353247,-0.024763937083063015,-1.9253833556340179,0.0
111,38,45,-1.59193621621996,0.3367023814251702,-2.2518728838132933,-0.9319995486266264,-1.9286385976451301,0.0
38,60,34,-1.7288527367752133,0.20252837758317785,-2.1258083568382418,-1.3318971167121847,-1.9313811143583912,0.0
38,117,54,-1.6818543261090972,0.25287346485100637,-2.1774863172170695,-1.1862223350011247,-1.9347277909601037,0.0
80,43,9,-1.7083237602847292,0.22805197315037748,-2.155305627659469,-1.2613418929099893,-1.9363757334351066,0.0
43,6,34,-1.700040441626393,0.2378479365580543,-2.1662223972801793,-1.2338584859726065,-1.9378883781844474,0.0
68,24,24,-1.5321138155764416,0.407525612687991,-2.3308640164449037,-0.7333636147079793,-1.9396394282644325,0.0
104,70,26,-1.6522279219754479,0.29841765147535615,-2.237126518867146,-1.0673293250837497,-1.950645573450804,0.0
38,60,15,-1.7402446385372907,0.21575674695208175,-2.1631278625633708,-1.3173614145112105,-1.9560013854893725,0.0
38,36,13,-1.3876345634982505,0.5724995477580894,-2.509733677104106,-0.2655354498923952,-1.96013411125634,0.0
32,24,58,-1.5994181563007879,0.3640027443440864,-2.312863535215197,-0.8859727773863785,-1.9634209006448744,0.0
99,32,26,-1.4377555181396167,0.5257088058998015,-2.4681447777032277,-0.4073662585760056,-1.963464324039418,0.0
38,70,5,-1.285713745439443,0.6809958465434169,-2.62046560466454,0.04903811378565415,-1.9667095919828599,0.0
38,64,14,-1.3940222961154363,0.581506795312661,-2.5337756149282518,-0.25426897730262077,-1.9755290914280974,0.0
117,45,22,-1.5746736762542273,0.40350676587442524,-2.3655469373681006,-0.7838004151403538,-1.9781804421286524,0.0
64,68,9,-1.6431299963890742,0.3402533459863833,-2.3100265545223855,-0.9762334382557629,-1.9833833423754574,0.0
6,32,20,-1.6118328352915614,0.391282763131217,-2.3787470510287467,-0.8449186195543761,-2.003115598422778,0.0
117,45,11,-1.5363228911383664,0.46815069919748975,-2.4538982615654463,-0.6187475207112865,-2.004473590335856,0.0
80,43,38,-1.7647423853248307,0.2517921650300296,-2.258255028783689,-1.2712297418659726,-2.0165345503548604,0.0
60,82,50,-1.5495117287151854,0.46758222277816275,-2.4659728853603844,-0.6330505720699864,-2.017093951493348,0.0
38,117,24,-1.7275431991216008,0.2925078235998957,-2.3008585333773963,-1.1542278648658053,-2.0200510227214963,0.0
117,32,31,-1.761939004484879,0.27385512909653764,-2.298695057514093,-1.2251829514556651,-2.0357941335814167,0.0
111,32,8,-1.5640840513283338,0.4731812098678913,-2.4915192226694005,-0.6366488799872669,-2.037265261196225,0.0
80,82,37,-1.747908566743594,0.29463505556636305,-2.3253932756536657,-1.1704238578335224,-2.042543622309957,0.0
38,60,28,-1.8074717913888443,0.23868715900426243,-2.2752986230371985,-1.33964495974049,-2.0461589503931066,0.0
6,24,43,-1.613274783283079,0.4329578454248768,-2.4618721603158376,-0.7646774062503204,-2.0462326287079557,0.0
117,32,18,-1.7301263257244608,0.32078541839493824,-2.3588657457785396,-1.101386905670382,-2.050911744119399,0.0
38,60,9,-1.7931122371761496,0.25856356806525266,-2.2998968305840446,-1.2863276437682545,-2.0516758052414024,0.0
32,24,50,-1.7317626000689528,0.32224600265591524,-2.3633647652745466,-1.100160434863359,-2.054008602724868,0.0
60,80,1,-1.656122367208102,0.3984862903937784,-2.4371554963799076,-0.8750892380362963,-2.0546086576018805,0.0
60,82,8,-1.7140564217002958,0.3438033305464163,-2.387910949571272,-1.0402018938293198,-2.057859752246712,0.0
60,45,29,-1.7346412581567066,0.329757171491887,-2.380965314280805,-1.088317202032608,-2.0643984296485938,0.0
60,117,28,-1.9044190163521821,0.16324928830067229,-2.2243876214214997,-1.5844504112828646,-2.0676683046528543,0.0
38,60,53,-1.8229804028551608,0.25511555930488583,-2.323006899092737,-1.3229539066175846,-2.0780959621600466,0.0
60,70,57,-1.692462109690827,0.38962595090393803,-2.4561289734625458,-0.9287952459191084,-2.082088060594765,0.0
60,80,48,-1.8294745958138694,0.25960063727683075,-2.3382918448764576,-1.3206573467512812,-2.0890752330907003,0.0
6,43,21,-1.5284315238772077,0.5616130590185647,-2.6291931195535945,-0.42766992820082095,-2.0900445828957723,0.0
60,99,37,-1.825453104345394,0.2692152723449712,-2.3531150381415378,-1.2977911705492504,-2.0946683766903655,0.0
111,24,39,-1.7731277481295773,0.3219037954085593,-2.4040591871303536,-1.142196309128801,-2.095031543538137,0.0
64,82,10,-1.6766643291270922,0.4201504678188087,-2.5001592460519575,-0.8531694122022271,-2.096814796945901,0.0
80,24,33,-1.8106136720196386,0.28665916219428794,-2.372465629920443,-1.2487617141188343,-2.0972728342139266,0.0
60,80,17,-1.7728746635392154,0.3267511271231855,-2.413306872700659,-1.132442454377772,-2.099625790662401,0.0
68,99,37,-1.8407750530279299,0.261379466339366,-2.353078807053087,-1.3284712990027727,-2.102154519367296,0.0
60,117,12,-1.9785067402018905,0.12427453030032815,-2.222084819590534,-1.7349286608132475,-2.1027812705022186,0.0
117,68,43,-1.673673690141016,0.43059608137111366,-2.517642009628399,-0.8297053706536334,-2.1042697715121297,0.0
60,82,28,-1.8175632698189332,0.2875798855041842,-2.3812198454071343,-1.2539066942307322,-2.1051431553231175,0.0
60,117,39,-1.967664696243996,0.1376243406145602,-2.237408403848534,-1.6979209886394582,-2.105289036858556,0.0
117,32,2,-1.8659207092503203,0.24034444363381063,-2.336995818772589,-1.3948455997280513,-2.1062651528841307,0.0
38,70,37,-1.4974297031812283,0.6096065386037678,-2.6922585188446133,-0.3026008875178434,-2.107036241784996,0.0
64,24,21,-1.6550076741897868,0.45386174808140684,-2.544576700429344,-0.7654386479502294,-2.1088694222711935,0.0
99,70,22,-1.6373209354238774,0.4772765828862909,-2.5727830378810075,-0.7018588329667472,-2.1145975183101684,0.0
60,6,13,-1.704782710166291,0.4210172295138953,-2.529976480013526,-0.8795889403190561,-2.1257999396801863,0.0
117,68,52,-1.8060577661833743,0.3198583067769559,-2.432980047466208,-1.1791354849005407,-2.1259160729603304,0.0
117,82,3,-1.7593613107198756,0.3795520126936968,-2.5032832555995213,-1.0154393658402299,-2.1389133234135724,0.0
80,117,52,-1.6914459414222391,0.4502537814708075,-2.573943353105022,-0.8089485297394564,-2.1416997228930468,0.0
82,24,36,-1.698621119490063,0.4481786139452586,-2.5770512028227697,-0.8201910361573561,-2.1467997334353215,0.0
38,43,47,-1.6798465337705297,0.4672135129090069,-2.595585019072183,-0.7641080484688761,-2.1470600466795364,0.0
74,68,52,-1.842639167785775,0.30917106009820916,-2.448614445578265,-1.236663889993285,-2.151810227883984,0.0
38,117,40,-1.8730238887353676,0.2824304390274995,-2.4265875492292666,-1.3194602282414687,-2.1554543277628673,0.0
64,32,26,-1.7590914495946355,0.3976189774315506,-2.5384246453604744,-0.9797582538287963,-2.1567104270261863,0.0
68,82,34,-1.9022753436144157,0.2564383146602908,-2.4048944403485857,-1.3996562468802458,-2.1587136582747064,0.0
68,80,41,-1.814683403587864,0.3468577436464787,-2.4945245811349626,-1.1348422260407658,-2.1615411472343427,0.0
60,68,49,-1.996986746515627,0.16995977618033276,-2.3301079078290794,-1.6638655852021749,-2.1669465226959597,0.0
38,64,52,-1.7552941949701957,0.41165373002210537,-2.5621355058135222,-0.9484528841268691,-2.166947924992301,0.0
104,70,57,-1.8756459786120565,0.2968402429143328,-2.4574528547241488,-1.2938391024999643,-2.1724862215263894,0.0
117,68,21,-1.6819324464519958,0.4929594240324583,-2.648132917555614,-0.7157319753483775,-2.174891870484454,0.0
32,24,30,-1.8514440710036857,0.323776795349828,-2.4860465898893485,-1.216841552118023,-2.1752208663535137,0.0
80,117,51,-1.7537723943691648,0.42293470546455386,-2.5827244170796906,-0.9248203716586392,-2.1767070998337186,0.0
60,80,50,-1.8516698397479945,0.3321927793013497,-2.5027676871786397,-1.200571992317349,-2.183862619049344,0.0
38,60,43,-1.9447251255703148,0.24503480115079046,-2.424993335825864,-1.4644569153147655,-2.189759926721105,0.0
99,82,26,-1.8865547688636137,0.3068164283573235,-2.4879149684439676,-1.2851945692832598,-2.1933711972209373,0.0
38,68,29,-1.8148494683781804,0.3815164795761619,-2.5626217683474577,-1.067077168408903,-2.1963659479543423,0.0
60,45,11,-1.8622608137307508,0.335944120013062,-2.5207112889563525,-1.2038103385051493,-2.198204933743813,0.0
60,70,10,-1.7698133701249767,0.4284758954888071,-2.6096261252830386,-0.9300006149669149,-2.198289265613784,0.0
38,64,22,-1.7506188484747578,0.45076871967737403,-2.6341255390424108,-0.8671121579071047,-2.201387568152132,0.0
104,82,56,-1.7415231130457989,0.4769759709253061,-2.6763960160593987,-0.8066502100321989,-2.218499083971105,0.0
38,117,32,-1.9785510940708029,0.2447086294476443,-2.4581800077881857,-1.49892218035342,-2.223259723518447,0.0
37,18,52,-1.9031103502556403,0.32490307089334897,-2.5399203692066044,-1.2663003313046763,-2.2280134211489893,0.0
38,60,12,-1.994858412911113,0.23470742474197925,-2.4548849654053924,-1.5348318604168338,-2.2295658376530922,0.0
99,32,20,-1.7446638207877396,0.49066149575729034,-2.7063603524720286,-0.7829672891034506,-2.2353253165450298,0.0
60,82,58,-1.7912338061859854,0.44530427061386885,-2.6640301765891685,-0.9184374357828025,-2.2365380767998544,0.0
64,24,41,-1.8677371768717883,0.37002179662033974,-2.592979898247654,-1.1424944554959224,-2.237758973492128,0.0
99,43,52,-1.771123490833163,0.4683120466917795,-2.689015102349051,-0.8532318793172752,-2.2394355375249426,0.0
68,24,57,-1.8296306880762931,0.41025220323580014,-2.6337250064184614,-1.0255363697341249,-2.239882891312093,0.0
68,32,54,-1.8891492655521906,0.3517743329573167,-2.5786269581485315,-1.1996715729558498,-2.2409235985095073,0.0
80,24,5,-1.9415197750162148,0.30170780978024253,-2.53286708218549,-1.3501724678469396,-2.243227584796457,0.0
104,68,58,-1.869017940730003,0.3806876308446238,-2.6151656971854655,-1.1228701842745403,-2.249705571574627,0.0
24,6,54,-1.8677981526983183,0.3852007727905167,-2.622791667367731,-1.1128046380289056,-2.2529989254888347,0.0
60,99,45,-1.917699173313245,0.3403186555260451,-2.5847237381442936,-1.2506746084821965,-2.2580178288392903,0.0
68,45,11,-1.9797260625200364,0.27908294631168135,-2.526728637290932,-1.4327234877491408,-2.258809008831718,0.0
60,68,4,-2.031597841077741,0.2282172844123931,-2.4789037185260314,-1.5842919636294504,-2.259815125490134,0.0
60,68,21,-1.7591764064871023,0.5021128781021326,-2.7433176475672822,-0.7750351654069224,-2.261289284589235,0.0
60,70,37,-1.855284286841459,0.4062046614253344,-2.6514454232351143,-1.0591231504478036,-2.2614889482667935,0.0
32,82,19,-1.8394631625039977,0.4220357017320112,-2.6666531378987397,-1.0122731871092556,-2.261498864236009,0.0
68,32,29,-1.8009242745951528,0.46061580953210607,-2.703731261278081,-0.8981172879122249,-2.261540084127259,0.0
38,117,48,-1.9865263884394877,0.2819711034950179,-2.539189751289723,-1.4338630255892526,-2.2684974919345056,0.0
60,24,58,-1.9470490786781822,0.3221655076700829,-2.5784934737115446,-1.3156046836448199,-2.269214586348265,0.0
117,18,17,-1.971339082182136,0.3039707571799512,-2.5671217662548402,-1.3755563981094316,-2.275309839362087,0.0
60,70,41,-1.824548674053105,0.4510684877306591,-2.7086429100051967,-0.9404544381010131,-2.275617161783764,0.0
70,18,37,-1.895932478246216,0.38083560471607436,-2.6423702634897217,-1.1494946930027101,-2.27676808296229,0.0
111,32,2,-1.8819223002432988,0.3959334408003069,-2.6579518442119,-1.1058927562746974,-2.2778557410436058,0.0
111,68,20,-1.9063888377570302,0.3745131496268292,-2.6404346110256154,-1.172343064488445,-2.280901987383859,0.0
104,70,56,-2.0175509891507004,0.26530720024604465,-2.537553101632948,-1.497548876668453,-2.282858189396745,0.0
24,6,4,-1.9040547943630224,0.388798095410024,-2.6660990613666695,-1.1420105273593752,-2.2928528897730462,0.0
80,117,10,-1.8949081761055564,0.40595425377691663,-2.690578513508313,-1.0992378387027997,-2.300862429882473,0.0
64,24,31,-1.8741507079328894,0.42731191482565606,-2.7116820609911754,-1.0366193548746034,-2.3014626227585455,0.0
60,43,26,-2.045977975135154,0.25976555727345974,-2.5551184673911354,-1.5368374828791729,-2.3057435324086137,0.0
64,32,25,-1.9414230681659819,0.36477746977841136,-2.656386908931668,-1.2264592274002957,-2.306200537944393,0.0
60,68,15,-2.0898897282614075,0.21675343493647523,-2.514726460736899,-1.6650529957859161,-2.3066431631978825,0.0
68,82,37,-2.0465580835629495,0.2629083825404319,-2.5618585133421963,-1.531257653783703,-2.3094664661033812,0.0
60,80,38,-2.0987748405969753,0.2135787051911759,-2.51738910277168,-1.6801605784222706,-2.312353545788151,0.0
70,99,12,-1.6140097232611985,0.7001794507752674,-2.9863614467807227,-0.24165799974167435,-2.314189174036466,0.0
111,68,29,-2.022933621940322,0.2945487589123762,-2.6002491894085793,-1.4456180544720647,-2.3174823808526983,0.0
104,6,39,-1.9455035680950872,0.3761785997411637,-2.682813623587768,-1.2081935126024064,-2.3216821678362507,0.0
60,80,39,-2.0701071242080404,0.25457730308169174,-2.5690786382481563,-1.5711356101679246,-2.324684427289732,0.0
36,43,54,-1.9605282411355578,0.3645368615394903,-2.6750204897529586,-1.246035992518157,-2.325065102675048,0.0
74,32,47,-2.017699636984835,0.30886349088416526,-2.623072079117799,-1.412327194851871,-2.3265631278690004,0.0
64,32,29,-2.003672451206971,0.3278533683238952,-2.6462650531218053,-1.3610798492921363,-2.331525819530866,0.0
38,117,43,-2.0080027530978932,0.3344476247439944,-2.6635200975961224,-1.352485408599664,-2.3424503778418875,0.0
60,32,2,-2.105869047508371,0.2392236230415257,-2.574747348669761,-1.6369907463469804,-2.3450926705498967,0.0
6,43,54,-1.9471217076691616,0.4031387718373987,-2.737273700470463,-1.1569697148678602,-2.3502604795065603,0.0
38,99,33,-1.940181240254173,0.4153696183703716,-2.7543056922601012,-1.1260567882482446,-2.3555508586245444,0.0
60,70,29,-2.0910146860650234,0.2719502284166287,-2.6240371337616155,-1.5579922383684313,-2.362964914481652,0.0
80,24,25,-2.055527553360817,0.3153451916161641,-2.673604128928498,-1.4374509777931352,-2.370872744976981,0.0
43,6,54,-1.9868891124268946,0.3894477069394172,-2.7502066180281526,-1.2235716068256368,-2.376336819366312,0.0
38,32,57,-2.079354541649589,0.30010330478470826,-2.667557019027617,-1.491152064271561,-2.3794578464342973,0.0
60,80,36,-2.1049479733548053,0.27518239535259226,-2.644305468245886,-1.5655904784637245,-2.3801303687073974,0.0
104,45,50,-1.699735108149249,0.6853231016004384,-3.042968387286108,-0.3565018290123898,-2.3850582097496877,0.0
24,6,36,-2.017223767658807,0.37129803414566087,-2.7449679145843024,-1.289479620733312,-2.388521801804468,0.0
117,32,24,-2.1063870098283646,0.2842255647977769,-2.6634691168320073,-1.5493049028247219,-2.3906125746261413,0.0
24,45,58,-1.9369133059362766,0.45494883538290337,-2.828613023286767,-1.045213588585786,-2.39186214131918,0.0
80,24,30,-2.06280830623647,0.33177379212666275,-2.713084938804729,-1.412531673668211,-2.3945820983631325,0.0
38,60,44,-2.151506524103687,0.24382120617618397,-2.6293960882090075,-1.6736169599983666,-2.3953277302798712,0.0
117,99,51,-1.640474087052401,0.7550956044970314,-3.120461471866583,-0.16048670223821948,-2.3955696915494324,0.0
60,117,11,-2.189807291689923,0.20697961037755633,-2.5954873280299333,-1.7841272553499126,-2.3967869020674795,0.0
117,32,43,-2.1727752904598767,0.22448995426948626,-2.6127756008280696,-1.7327749800916836,-2.397265244729363,0.0
117,68,11,-1.9394674950921065,0.45789963865970307,-2.8369507868651245,-1.0419842033190885,-2.3973671337518097,0.0
64,68,2,-1.98808434603826,0.4105232263140341,-2.7927098696137667,-1.1834588224627534,-2.398607572352294,0.0
117,32,0,-2.1434938572927256,0.2593557458557164,-2.6518311191699295,-1.6351565954155214,-2.402849603148442,0.0
74,32,12,-2.164664023383708,0.24212989345486194,-2.6392386145552376,-1.6900894322121787,-2.40679391683857,0.0
80,24,37,-2.140698917288996,0.26935827052946165,-2.6686411275267408,-1.612756707051251,-2.4100571878184573,0.0
80,24,50,-2.1002469445048493,0.31273625812784034,-2.713210010435416,-1.4872838785742823,-2.41298320263269,0.0
104,70,16,-2.097044483356442,0.31843260147941604,-2.721172382256097,-1.4729165844567864,-2.415477084835858,0.0
64,68,14,-1.9339112142563932,0.48362896177151693,-2.8818239793285665,-0.9859984491842201,-2.4175401760279103,0.0
117,24,45,-2.1538474093667226,0.27151069068593514,-2.6860083631111555,-1.6216864556222896,-2.425358100052658,0.0
117,68,22,-2.0639744414610526,0.3745334270197612,-2.7980599584197847,-1.3298889245023204,-2.438507868480814,0.0
68,24,11,-1.929696665908508,0.5121089506726026,-2.933430209226809,-0.9259631225902067,-2.4418056165811106,0.0
38,45,1,-1.9981927118774696,0.44615651014210334,-2.872659471755992,-1.123725951998947,-2.444349222019573,0.0
111,68,52,-2.084659247891555,0.3602667782689302,-2.7907821332986584,-1.3785363624844518,-2.4449260261604855,0.0
68,80,16,-2.1049376598599356,0.34339320330472384,-2.7779883383371944,-1.431886981382677,-2.4483308631646596,0.0
38,117,33,-2.1575448884381343,0.29174764823977745,-2.729370278988098,-1.5857194978881706,-2.4492925366779117,0.0
111,32,44,-2.0161357796873363,0.43325889143305946,-2.8653232068961327,-1.1669483524785398,-2.4493946711203956,0.0
38,60,46,-2.205395598476612,0.24507773611522252,-2.6857479612624484,-1.725043235690776,-2.4504733345918344,0.0
117,68,20,-2.1814949477613084,0.273668839436263,-2.717885873056384,-1.6451040224662328,-2.4551637871975713,0.0
99,82,6,-2.210161179082082,0.2498590876474496,-2.699884990871083,-1.7204373672930806,-2.4600202667295314,0.0
117,32,38,-2.162518016863098,0.2980591913573689,-2.746714031923541,-1.578322001802655,-2.460577208220467,0.0
117,82,34,-2.1380924751785617,0.33799085089851144,-2.8005545429396443,-1.4756304074174793,-2.476083326077073,0.0
38,68,22,-2.0177516214631495,0.4639230717124146,-2.927040842019482,-1.108462400906817,-2.481674693175564,0.0
80,117,20,-2.0321815137525703,0.4564002586769872,-2.926726020759465,-1.1376370067456754,-2.4885817724295576,0.0
64,43,10,-1.9564296175964715,0.5322644620953934,-2.9996679633034424,-0.9131912718895006,-2.488694079691865,0.0
6,43,6,-1.9789619134894987,0.5139068992681145,-2.986219436055003,-0.9717043909239942,-2.4928688127576133,0.0
38,99,25,-2.0316322154304505,0.4622757523692432,-2.937692690074167,-1.1255717407867338,-2.493907967799694,0.0
38,80,50,-2.15389499778043,0.3473348627321685,-2.8346713287354803,-1.4731186668253797,-2.5012298605125984,0.0
60,24,53,-2.1944230635672657,0.31252492779528696,-2.806971922046028,-1.5818742050885033,-2.5069479913625528,0.0
43,6,6,-2.0092156933152707,0.4977900709280195,-2.984884232334189,-1.0335471542963526,-2.5070057642432904,0.0
32,24,38,-2.188029686376841,0.3209926457753817,-2.817175272096589,-1.5588841006570928,-2.5090223321522225,0.0
60,80,56,-2.1904567669235706,0.3186238455498881,-2.8149595042013513,-1.56595402964579,-2.5090806124734586,0.0
36,43,10,-2.077574617260408,0.4364151341983712,-2.9329482802892155,-1.2222009542316004,-2.5139897514587792,0.0
117,32,17,-2.205526989355589,0.3129128910836551,-2.8188362558795528,-1.592217722831625,-2.518439880439244,0.0
36,104,10,-1.9967270813356128,0.5271540958515061,-3.0299491092045647,-0.9635050534666609,-2.523881177187119,0.0
60,80,5,-2.240224103241992,0.29268402442472125,-2.8138847911144453,-1.6665634153695383,-2.532908127666713,0.0
64,68,17,-2.0342935199515453,0.5065926220990719,-3.027215059265726,-1.0413719806373645,-2.540886142050617,0.0
60,82,47,-2.2099643780327147,0.33605014936737276,-2.8686226707927656,-1.5513060852726641,-2.5460145274000876,0.0
117,32,42,-2.2948098636848884,0.2526224485525219,-2.7899498628478314,-1.7996698645219453,-2.5474323122374103,0.0
43,6,51,-1.886521589824933,0.6641290667234814,-3.1882145606029564,-0.5848286190469096,-2.5506506565484144,0.0
6,104,10,-2.003189962177613,0.5702425956734025,-3.120865449697482,-0.8855144746577441,-2.5734325578510155,0.0
99,70,13,-1.8205582608536892,0.75330966654053,-3.297045207273128,-0.34407131443425043,-2.573867927394219,0.0
68,82,10,-2.11122426525965,0.4725827150259453,-3.0374863867105026,-1.184962143808797,-2.583806980285595,0.0
38,64,43,-2.0489188006085532,0.5354836701060173,-3.098466794016347,-0.9993708072007594,-2.5844024707145703,0.0
99,68,26,-2.2535609548027393,0.3324161623596901,-2.905096633027732,-1.6020252765777467,-2.5859771171624293,0.0
60,80,34,-2.3293027535800834,0.2594318995621946,-2.8377892767219848,-1.820816230438182,-2.588734653142278,0.0
6,43,0,-2.1763425802245284,0.41488013068625224,-2.989507636369583,-1.363177524079474,-2.5912227109107806,0.0
117,24,14,-2.253508754625525,0.33934738872756637,-2.9186296365315547,-1.5883878727194949,-2.592856143353091,0.0
38,117,16,-2.2583924214095408,0.3345934105905496,-2.914195506167018,-1.6025893366520636,-2.5929858320000903,0.0
68,18,37,-2.371798593822569,0.2238333768905624,-2.810512012528071,-1.9330851751170668,-2.5956319707131312,0.0
38,60,30,-2.33418515203787,0.2739478832361088,-2.871123003180643,-1.7972473008950969,-2.608133035273979,0.0
60,24,3,-2.248734444472729,0.370825750877467,-2.9755529161925645,-1.5219159727528937,-2.619560195350196,0.0
38,60,51,-2.335135605675192,0.2881512575518273,-2.8999120704767734,-1.7703591408736106,-2.6232868632270194,0.0
99,82,43,-2.1770781564518273,0.4516949311822853,-3.0624002215691064,-1.2917560913345483,-2.6287730876341127,0.0
38,32,23,-2.2037729880525765,0.425195028416619,-3.0371552437491496,-1.3703907323560034,-2.6289680164691953,0.0
68,45,10,-2.2662433449180472,0.36339149734249704,-2.9784906797093416,-1.553996010126753,-2.6296348422605442,0.0
68,32,7,-2.121927606270969,0.5200198854753467,-3.1411665818026484,-1.1026886307392894,-2.6419474917463157,0.0
38,80,54,-2.288228770040325,0.35641749613846097,-2.9868070624717085,-1.5896504776089415,-2.644646266178786,0.0
60,80,6,-2.3902321093045806,0.2559380904419793,-2.89187076657086,-1.8885934520383012,-2.64617019974656,0.0
36,104,51,-2.23518152655042,0.41968930836795626,-3.0577725709516144,-1.4125904821492257,-2.654870834918376,0.0
60,32,49,-2.4302005341738524,0.22543454276326982,-2.872052237989861,-1.9883488303578436,-2.655635076937122,0.0
80,24,29,-2.3862742472389202,0.2849122329754161,-2.9447022238707357,-1.8278462706071046,-2.6711864802143364,0.0
38,117,8,-2.4168668141063936,0.25540108547141654,-2.91745294163037,-1.9162806865824171,-2.67226789957781,0.0
117,32,58,-2.3948634717900554,0.2777636138789553,-2.939280154992808,-1.850446788587303,-2.672627085669011,0.0
104,6,51,-2.3040429636424817,0.37642993790887697,-3.0418456419438806,-1.5662402853410828,-2.680472901551359,0.0
104,70,10,-2.305598542816663,0.37564335208888094,-3.04185951291087,-1.5693375727224563,-2.681241894905544,0.0
6,104,51,-2.326756017092491,0.35779124463143236,-3.0280268565700985,-1.6254851776148835,-2.684547261723923,0.0
111,24,14,-2.223092336784927,0.4643330268717363,-3.13318506945353,-1.3129996041163237,-2.687425363656663,0.0
68,43,26,-2.4009544833449925,0.28729619539715523,-2.964055026323417,-1.8378539403665681,-2.688250678742148,0.0
38,60,20,-2.374517929483836,0.32005415298702455,-3.0018240693384044,-1.747211789629268,-2.6945720824708608,0.0
60,80,21,-2.4545640117328564,0.24610014931299737,-2.9369203043863314,-1.9722077190793816,-2.7006641610458537,0.0
38,80,40,-2.384121907848625,0.3206019553043204,-3.012501740245093,-1.755742075452157,-2.7047238631529456,0.0
117,82,37,-2.306383694954076,0.40226641258806206,-3.0948258636266774,-1.5179415262814744,-2.708650107542138,0.0
60,99,20,-2.3305453039997706,0.38061134405877173,-3.0765435383549633,-1.584547069644578,-2.7111566480585423,0.0
6,43,51,-1.9710591661295211,0.7439429133670314,-3.4291872763289026,-0.5129310559301394,-2.7150020794965526,0.0
32,24,2,-2.3748624177353816,0.34992351893881085,-3.060712514855451,-1.6890123206153125,-2.7247859366741927,0.0
60,82,42,-2.3496801260767275,0.38637341000098613,-3.1069720096786604,-1.5923882424747946,-2.736053536077714,0.0
38,43,2,-2.153274095245721,0.5861011554216361,-3.302032359872128,-1.0045158306193145,-2.7393752506673574,0.0
99,68,9,-2.4573521595158527,0.28463822138785055,-3.01524307343604,-1.8994612455956656,-2.741990380903703,0.0
32,24,5,-2.317771718516658,0.4270742805073158,-3.154837308310997,-1.4807061287223193,-2.744845999023974,0.0
111,32,25,-2.348062181340925,0.42343101614876183,-3.1779869729924983,-1.5181373896893517,-2.771493197489687,0.0
80,43,22,-2.463676467164388,0.31662163122303927,-3.084254864361545,-1.843098069967231,-2.7802980983874273,0.0
60,80,26,-2.4865817671626838,0.29625889833241165,-3.0672492078942106,-1.9059143264311569,-2.7828406654950952,0.0
38,117,4,-2.4741644273987102,0.31468987343862975,-3.0909565793384246,-1.8573722754589959,-2.78885430083734,0.0
82,24,54,-2.4064367925996564,0.38532189075880985,-3.161667698486924,-1.651205886712389,-2.7917586833584664,0.0
60,82,26,-2.4028732341756736,0.3891931442056209,-3.1656917968186904,-1.6400546715326567,-2.7920663783812945,0.0
43,6,13,-2.0086310653279464,0.7837869744980884,-3.5448535353442,-0.4724085953116932,-2.792418039826035,0.0
117,99,6,-2.104966148177628,0.6901691882730702,-3.4576977571928458,-0.7522345391624106,-2.795135336450698,0.0
32,117,47,-2.449638896965517,0.3545876999780751,-3.1446307889225444,-1.75464700500849,-2.804226596943592,0.0
38,43,32,-2.278537759463415,0.527786567225236,-3.3129994312248776,-1.2440760877019523,-2.806324326688651,0.0
99,32,6,-2.3545633489465643,0.45732896002740286,-3.250928110600274,-1.4581985872928547,-2.811892308973967,0.0
60,68,17,-2.466322479384344,0.3455765437082128,-3.143652505052441,-1.7889924537162472,-2.8118990230925567,0.0
111,38,7,-2.425542269821503,0.38637239246749194,-3.1828321590577873,-1.6682523805852187,-2.811914662288995,0.0
80,24,14,-2.491038492808265,0.3244850754374131,-3.1270292406655944,-1.8550477449509353,-2.815523568245678,0.0
38,68,2,-2.2721763301173605,0.5447493529359294,-3.339885061871782,-1.204467598362939,-2.81692568305329,0.0
111,24,56,-2.4190492247188935,0.39838348887810676,-3.199880862919983,-1.6382175865178041,-2.8174327135970003,0.0
104,82,43,-2.155248472194682,0.6625339656643344,-3.4538150448967775,-0.8566818994925864,-2.8177824378590164,0.0
38,60,11,-2.575966915522523,0.24599207818415122,-3.0581113887634594,-2.0938224422815863,-2.8219589937066742,0.0
38,43,26,-2.348840969734925,0.48127850250339327,-3.2921468346415756,-1.405535104828274,-2.830119472238318,0.0
117,32,5,-2.494652872521899,0.3387983472731879,-3.158697633177347,-1.8306081118664508,-2.833451219795087,0.0
117,99,9,-2.3186121390125667,0.5194149399068556,-3.3366654212300038,-1.3005588567951296,-2.8380270789194224,0.0
80,24,39,-2.508457062767445,0.3410618419816463,-3.176938273051472,-1.8399758524834182,-2.8495189047490914,0.0
38,32,58,-2.456318431917294,0.40721719912137566,-3.2544641421951903,-1.6581727216393976,-2.8635356310386695,0.0
38,64,20,-2.4179462037438957,0.45316513036722306,-3.3061498592636527,-1.5297425482241385,-2.8711113341111187,0.0
60,80,14,-2.5696091248959476,0.30432925907645386,-3.1660944726857974,-1.973123777106098,-2.8739383839724013,0.0
38,117,41,-2.497079011837057,0.38072203846700214,-3.243294207232381,-1.7508638164417327,-2.877801050304059,0.0
60,80,20,-2.6435901583113983,0.23919612197073578,-3.1124145573740405,-2.174765759248756,-2.8827862802821342,0.0
60,32,39,-2.5466719164798692,0.34159888570975505,-3.216205732470989,-1.8771381004887493,-2.8882708021896244,0.0
117,32,51,-2.543914490979301,0.3452159632377372,-3.220537778925266,-1.867291203033336,-2.889130454217038,0.0
32,24,16,-2.494915493861619,0.404001158812567,-3.2867577651342503,-1.7030732225889875,-2.898916652674186,0.0
68,24,45,-2.464083763640095,0.4554317476607613,-3.356729989055187,-1.5714375382250032,-2.9195155113008564,0.0
80,32,23,-2.5782974993898535,0.3440218708636095,-3.2525803662825283,-1.9040146324971787,-2.922319370253463,0.0
117,32,14,-2.6438300471981147,0.2842298400208442,-3.2009205336389694,-2.08673956075726,-2.928059887218959,0.0
68,24,1,-2.556883621493321,0.37125243701665955,-3.2845383980459735,-1.8292288449406682,-2.9281360585099803,0.0
60,32,5,-2.624089226984196,0.3122240365736636,-3.2360483386685766,-2.0121301152998154,-2.9363132635578597,0.0
38,60,29,-2.661384924677871,0.2771566616524493,-3.204611981516672,-2.1181578678390705,-2.9385415863303206,0.0
104,6,43,-2.4506535047547686,0.48906064166244223,-3.4092123624131556,-1.4920946470963818,-2.9397141464172107,0.0
64,68,52,-2.5390474476131475,0.403924131954779,-3.3307387462445144,-1.7473561489817806,-2.9429715795679265,0.0
38,70,44,-2.284034153501723,0.6659702787172617,-3.5893358997875557,-0.9787324072158903,-2.950004432218985,0.0
117,32,20,-2.6684589641591785,0.2877668545646832,-3.2324819991059575,-2.1044359292123995,-2.956225818723862,0.0
24,6,10,-2.5584409817479865,0.39807161976882377,-3.338661356494881,-1.778220607001092,-2.95651260151681,0.0
38,32,31,-2.44944202290395,0.5118090195934972,-3.4525877013072046,-1.4462963445006956,-2.961251042497447,0.0
38,60,19,-2.702525623428956,0.2634695189177028,-3.2189258805076535,-2.1861253663502587,-2.965995142346659,0.0
60,68,16,-2.6630599597394853,0.30440672835552635,-3.259697147316317,-2.0664227721626536,-2.9674666880950116,0.0
24,43,12,-2.377188320477615,0.5978893411599056,-3.54905142915103,-1.2053252118042002,-2.9750776616375205,0.0
38,45,55,-2.464193305096489,0.5194839875161201,-3.482381920628084,-1.4460046895648935,-2.983677292612609,0.0
32,45,24,-2.2012403066222324,0.7834488096564801,-3.7367999735489335,-0.6656806396955313,-2.9846891162787124,0.0
38,32,40,-2.6133934982249287,0.37727632285281965,-3.352855091016455,-1.8739319054334023,-2.9906698210777485,0.0
38,32,35,-2.5505610194097956,0.4495721938039761,-3.431722519265589,-1.6693995195540023,-3.000133213213772,0.0
60,24,41,-2.673248823198849,0.3465606235209318,-3.3525076452998754,-1.9939900010978229,-3.019809446719781,0.0
74,117,52,-2.6678143089824196,0.3522891831388378,-3.3583011079345417,-1.9773275100302974,-3.0201034921212573,0.0
24,43,33,-2.554893400479588,0.4692225129941062,-3.474569525948036,-1.63521727501114,-3.024115913473694,0.0
60,32,36,-2.7392533145714073,0.29030161887809647,-3.3082444875724764,-2.1702621415703383,-3.0295549334495036,0.0
32,45,40,-2.350046068233337,0.6926846141955273,-3.707707912056571,-0.9923842244101035,-3.0427306824288642,0.0
99,68,27,-2.5500913667597525,0.493420036778623,-3.5171946388458535,-1.5829880946736514,-3.0435114035383757,0.0
38,80,0,-2.6841083567079127,0.3719770411899355,-3.4131833574401864,-1.955033355975639,-3.0560853978978484,0.0
60,99,29,-2.751229054433102,0.30703234298456616,-3.3530124466828517,-2.149445662183352,-3.058261397417668,0.0
117,32,29,-2.7019510324288647,0.35811896621590017,-3.4038642062120292,-2.0000378586457,-3.060069998644765,0.0
60,68,29,-2.7932398692023757,0.27475923642056743,-3.3317679725866878,-2.2547117658180635,-3.067999105622943,0.0
117,99,20,-2.4324880352103837,0.6371516559973153,-3.6813052809651214,-1.1836707894556457,-3.069639691207699,0.0
117,32,52,-2.7211624132220513,0.3517040258944841,-3.4105023039752402,-2.0318225224688624,-3.0728664391165355,0.0
38,99,27,-2.5566041132659993,0.5194107273159453,-3.574649138805252,-1.5385590877267465,-3.0760148405819447,0.0
24,6,20,-2.6352812238439505,0.443101676480013,-3.503760509744776,-1.766801937943125,-3.0783829003239633,0.0
111,82,10,-2.6342633553298143,0.4445360301398071,-3.505553974403836,-1.7629727362557923,-3.078799385469621,0.0
80,32,18,-2.7496335484326475,0.33602802885651567,-3.408248484991418,-2.091018611873877,-3.085661577289163,0.0
80,24,46,-2.7530346803685797,0.33590851540758654,-3.4114153705674495,-2.09465399016971,-3.0889431957761664,0.0
104,45,46,-2.389519222348781,0.7040916532719567,-3.769538862761816,-1.0094995819357462,-3.0936108756207377,0.0
32,24,25,-2.7321502804849445,0.3675224689843278,-3.452494319694227,-2.011806241275662,-3.0996727494692724,0.0
38,64,19,-2.5511242117451083,0.5488538202688668,-3.626877699472087,-1.4753707240181295,-3.099978032013975,0.0
80,32,24,-2.7903841175452646,0.31159472980730246,-3.4011097879675773,-2.179658447122952,-3.101978847352567,0.0
32,117,52,-2.723072709239889,0.39121997965939753,-3.489863869372308,-1.95628154910747,-3.114292688899287,0.0
32,18,17,-2.809918169709994,0.3180182203251587,-3.4332338815473054,-2.186602457872683,-3.1279363900351527,0.0
80,32,32,-2.7836856916252795,0.3501483125763856,-3.4699763842749953,-2.0973949989755636,-3.133834004201665,0.0
60,68,45,-2.8858416472496904,0.24920007247991932,-3.3742737893103323,-2.3974095051890485,-3.13504171972961,0.0
68,43,6,-2.6727866167502476,0.47100611536683873,-3.5959586028692514,-1.749614630631244,-3.1437927321170864,0.0
60,24,43,-2.623557981867434,0.5246170143583719,-3.651807330009843,-1.595308633725025,-3.148174996225806,0.0
80,32,21,-2.871745394433211,0.2803116617164416,-3.421156251397437,-2.3223345374689854,-3.152057056149653,0.0
38,80,9,-2.7366497629096957,0.4206334899968454,-3.5610914033035126,-1.912208122515879,-3.157283252906541,0.0
6,24,20,-2.6898368232596366,0.46898652761010845,-3.609050417375449,-1.770623229143824,-3.158823350869745,0.0
64,68,12,-2.6148824911064668,0.5454383357087608,-3.6839416290956377,-1.5458233531172956,-3.1603208268152274,0.0
99,68,46,-2.8033450394018598,0.3748718525734171,-3.538093870445757,-2.0685962083579623,-3.1782168919752767,0.0
99,24,41,-2.880170324009777,0.30121736946224825,-3.4705563681557834,-2.2897842798637704,-3.181387693472025,0.0
64,24,27,-2.7014840628728938,0.4836887831463705,-3.64951407783978,-1.7534540479060077,-3.185172846019264,0.0
6,24,0,-2.7675628750334247,0.422796632082607,-3.5962442739153344,-1.938881476151515,-3.190359507116032,0.0
38,80,33,-2.7807477286473605,0.4130835063956035,-3.5903914011827434,-1.9711040561119777,-3.193831235042964,0.0
68,24,0,-2.602177970993119,0.600222868679885,-3.7786147936056933,-1.4257411483805444,-3.202400839673004,0.0
74,18,52,-2.899814501937109,0.32622993459363797,-3.5392251737406393,-2.2604038301335785,-3.226044436530747,0.0
99,68,14,-2.7395565707471374,0.48672170401902787,-3.693531110624432,-1.785582030869843,-3.226278274766165,0.0
38,43,46,-2.709321909479035,0.5289437543042341,-3.7460516679153337,-1.672592151042736,-3.238265663783269,0.0
38,80,43,-2.8206069781642737,0.4265448750631158,-3.6566349332879806,-1.9845790230405669,-3.2471518532273898,0.0
38,64,27,-2.7526900193910278,0.495532657015559,-3.7239340271415236,-1.7814460116405322,-3.248222676406587,0.0
60,68,22,-2.933382816639408,0.3193349710984171,-3.5592793599923054,-2.3074862732865107,-3.2527177877378253,0.0
64,32,7,-2.8515886474928496,0.40415151024030727,-3.6437256075638516,-2.0594516874218476,-3.2557401577331566,0.0
60,80,11,-2.9694439297531026,0.29324560063514443,-3.5442053069979855,-2.3946825525082196,-3.262689530388247,0.0
38,68,36,-2.714610665684237,0.55186185280929,-3.7962598971904455,-1.6329614341780285,-3.266472518493527,0.0
24,45,57,-2.762836058482781,0.5418321426703725,-3.824827058116711,-1.7008450588488508,-3.304668201153153,0.0
68,99,12,-2.8480509666788687,0.47253270528624663,-3.7742150690399123,-1.9218868643178253,-3.320583671965115,0.0
38,32,56,-2.903246581658868,0.45559552956704535,-3.796213819610277,-2.010279343707459,-3.3588421112259135,0.0
80,32,43,-2.9875834622346975,0.37142561445266,-3.715577666561911,-2.259589257907484,-3.3590090766873573,0.0
38,32,6,-2.8474013160073337,0.5137128319476395,-3.854278466624707,-1.8405241653899602,-3.3611141479549733,0.0
117,32,10,-2.9788477935662505,0.3933987545978465,-3.7499093525780296,-2.2077862345544714,-3.372246548164097,0.0
38,45,43,-2.7755854735897523,0.5992688641760351,-3.950152447374781,-1.6010184998047234,-3.3748543377657874,0.0
74,32,52,-2.9967862154011766,0.37973702905192425,-3.7410707923429483,-2.252501638459405,-3.376523244453101,0.0
38,43,14,-2.541706223408821,0.8521054660737792,-4.211832936913428,-0.8715795099042136,-3.3938116894826003,0.0
104,45,40,-2.788014301719207,0.6212148588408685,-4.005595425047309,-1.5704331783911047,-3.4092291605600753,0.0
38,45,56,-2.920917214141902,0.5006724328585381,-3.902235182544637,-1.9395992457391675,-3.4215896470004403,0.0
80,32,56,-3.090187270109047,0.33143538517083865,-3.7398006250438907,-2.440573915174203,-3.4216226552798856,0.0
111,68,10,-3.0803050695747003,0.3452456092157394,-3.7569864636375496,-2.403623675511851,-3.4255506787904397,0.0
24,43,16,-2.9321305816728116,0.49466052211041395,-3.901665205009223,-1.9625959583364003,-3.4267911037832257,0.0
32,45,9,-2.7789250303732884,0.6727624372703375,-4.09753940742315,-1.460310653323427,-3.4516874676436258,0.0
38,32,48,-3.004455972692981,0.4693702094451166,-3.9244215832054095,-2.0844903621805524,-3.4738261821380974,0.0
24,45,32,-3.0349942234896603,0.4410412336092008,-3.899435041363694,-2.170553405615627,-3.476035457098861,0.0
64,24,55,-2.99847271379552,0.49656549932916666,-3.971741092480687,-2.0252043351103532,-3.495038213124687,0.0
38,70,7,-2.545632575494709,0.9506998666429376,-4.409004314114867,-0.6822608368745515,-3.4963324421376467,0.0
80,32,27,-3.167358788168708,0.3291711219364751,-3.812534187164199,-2.5221833891732173,-3.4965299101051834,0.0
80,32,4,-3.1523811946469076,0.3508614818126896,-3.840069698999779,-2.464692690294036,-3.503242676459597,0.0
117,24,52,-3.164812276141483,0.34562866678523524,-3.842244463040544,-2.487380089242422,-3.510440942926718,0.0
38,70,21,-2.9163308123610325,0.595348687628333,-4.083214240112565,-1.7494473846094998,-3.5116794999893655,0.0
99,24,14,-3.0523198877180837,0.4787675283748713,-3.9907042433328312,-2.113935532103336,-3.531087416092955,0.0
32,24,39,-3.0941044539485856,0.44408640527365134,-3.9645138082849423,-2.223695099612229,-3.538190859222237,0.0
64,24,17,-3.034437667754789,0.5220701478480207,-4.05769515753691,-2.011180177972668,-3.5565078156028096,0.0
80,32,33,-3.2480827511523738,0.3247493187151309,-3.8845914158340302,-2.6115740864707173,-3.5728320698675047,0.0
64,68,27,-3.010398158681225,0.5648248139910296,-4.117454794103643,-1.9033415232588071,-3.5752229726722544,0.0
38,43,51,-2.900683549891105,0.6917871076326617,-4.256586280851122,-1.544780818931088,-3.5924706575237666,0.0
60,32,29,-3.2980891512153425,0.3146043532166972,-3.914713683520069,-2.681464618910616,-3.61269350443204,0.0
38,45,21,-2.9311494493517753,0.7017174967768807,-4.306515743034462,-1.5557831556690893,-3.6328669461286562,0.0
60,24,35,-3.2419878611893367,0.40308630825168373,-4.032037025362637,-2.4519386970160366,-3.6450741694410205,0.0
24,45,47,-3.1718545131770064,0.4909438686835341,-4.134104495796733,-2.2096045305572796,-3.6627983818605405,0.0
38,32,33,-3.1257579256417936,0.5450725215432736,-4.19410006786661,-2.0574157834169773,-3.6708304471850672,0.0
64,68,19,-3.1307861323849253,0.5501809908985654,-4.209140874546113,-2.052431390223737,-3.680967123283491,0.0
99,32,52,-3.1336634130453604,0.5493752423991386,-4.210438888147672,-2.056887937943049,-3.683038655444499,0.0
24,43,43,-3.12649821845726,0.5603992223625122,-4.2248806942877835,-2.028115742626736,-3.6868974408197723,0.0
80,24,10,-3.339586257146833,0.34958923028935046,-4.024781148513959,-2.654391365779706,-3.6891754874361835,0.0
60,24,15,-3.296123132077301,0.3969611372488093,-4.074166961084967,-2.5180793030696345,-3.69308426932611,0.0
24,45,21,-2.9140149454586988,0.7898192556393744,-4.462060686511872,-1.365969204405525,-3.703834201098073,0.0
24,45,8,-3.162401640237029,0.5512633877649181,-4.242877880256269,-2.0819254002177896,-3.713665028001947,0.0
80,32,39,-3.449814810917054,0.28434314144825895,-4.007127368155642,-2.892502253678466,-3.734157952365313,0.0
117,43,13,-2.9346316755218456,0.8121276778871097,-4.526401924180581,-1.3428614268631105,-3.7467593534089554,0.0
38,80,14,-3.2402245623040775,0.5317215236013989,-4.282398748562819,-2.1980503760453356,-3.7719460859054763,0.0
104,45,28,-2.8712068795959262,0.9036814903824503,-4.642422600745529,-1.0999911584463238,-3.7748883699783766,0.0
99,18,52,-3.4460614581117,0.32957778367029733,-4.092033914105483,-2.8000890021179172,-3.775639241781997,0.0
80,32,12,-3.4579512421697185,0.32010217335586716,-4.085351501947218,-2.830550982392219,-3.778053415525586,0.0
38,70,13,-2.7824336905063305,1.0271503748073336,-4.795648425128704,-0.7692189558839568,-3.809584065313664,0.0
38,43,30,-3.037003467519386,0.7784950917531488,-4.562853847355558,-1.5111530876832147,-3.815498559272535,0.0
38,43,19,-3.2244187634361547,0.612389180658761,-4.424701557527326,-2.024135969344983,-3.836807944094916,0.0
32,24,20,-3.3370497548837212,0.5281808583164463,-4.3722842371839565,-2.3018152725834864,-3.8652306132001675,0.0
38,117,7,-3.435340670313502,0.43954603838050454,-4.296850905539291,-2.5738304350877135,-3.8748867086940066,0.0
32,24,10,-3.4597974395248974,0.4241650346509605,-4.29116090744078,-2.628433971609015,-3.883962474175858,0.0
38,43,39,-3.2599829571805325,0.6298053585581576,-4.4944014599545214,-2.0255644544065436,-3.88978831573869,0.0
32,45,47,-3.0242887665847658,0.8880171112166163,-4.764802304569334,-1.2837752286001978,-3.912305877801382,0.0
38,32,5,-3.4339738593863625,0.4998825939723781,-4.4137437435722235,-2.4542039752005014,-3.9338564533587403,0.0
64,60,10,-3.591168552638584,0.35974132353824245,-4.296261546773539,-2.8860755585036286,-3.9509098761768264,0.0
60,24,29,-3.4954820074415873,0.45888613777005266,-4.39489883747089,-2.5960651774122843,-3.95436814521164,0.0
80,43,13,-3.23096264025873,0.7264977664212491,-4.654898262444378,-1.8070270180730819,-3.957460406679979,0.0
111,80,13,-3.4220103313367556,0.6115298189898555,-4.620608776556873,-2.2234118861166388,-4.033540150326611,0.0
104,24,18,-3.3178019983691005,0.7509473181000814,-4.78965874184526,-1.845945254892941,-4.068749316469182,0.0
38,70,51,-3.2733782183975593,0.8132713298874608,-4.867390024976983,-1.6793664118181362,-4.0866495482850205,0.0
64,68,10,-3.6121267490825915,0.4778811238635673,-4.548773751855183,-2.6754797463099997,-4.090007872946159,0.0
60,24,19,-3.6153396772600956,0.5169317877691335,-4.628525981287598,-2.6021533732325937,-4.132271465029229,0.0
104,68,42,-3.5683327836192875,0.5729726778520492,-4.691359232209304,-2.4453063350292714,-4.141305461471337,0.0
38,45,52,-3.60240200040215,0.5805975093353568,-4.740373118699449,-2.4644308821048506,-4.182999509737507,0.0
64,24,36,-3.6369751231961214,0.5481320003979469,-4.711313843976097,-2.5626364024161457,-4.185107123594069,0.0
38,68,51,-3.532882687501233,0.6717051660321827,-4.849424812924311,-2.2163405620781553,-4.204587853533416,0.0
38,45,44,-3.5828819749242107,0.6300211559061146,-4.817723440500195,-2.348040509348226,-4.212903130830325,0.0
60,24,44,-3.7911911347746834,0.4287564134173752,-4.631553705072739,-2.950828564476628,-4.219947548192058,0.0
38,45,39,-3.600191795922288,0.6671305326020928,-4.90776763982239,-2.2926159520221865,-4.267322328524381,0.0
32,45,42,-3.3322462002154403,1.0909269497570955,-5.470463021739347,-1.1940293786915332,-4.423173149972536,0.0
104,45,47,-3.502184268796782,0.9598020283091179,-5.383396244282653,-1.620972293310911,-4.4619862971058994,0.0
60,24,26,-3.990972482930721,0.4953923302737987,-4.961941450267366,-3.0200035155940754,-4.48636481320452,0.0
68,24,20,-3.897271998929472,0.6026332236485433,-5.078433117280617,-2.716110880578327,-4.499905222578016,0.0
68,24,51,-3.725940621624495,0.8085936373352262,-5.310784150801538,-2.1410970924474517,-4.534534258959721,0.0
38,68,39,-4.018955937527275,0.6067296302183163,-5.208146012755176,-2.8297658622993755,-4.625685567745592,0.0
24,45,39,-3.919862521218155,0.7085555637636834,-5.3086314261949745,-2.5310936162413356,-4.628418084981838,0.0
24,45,17,-4.019950165942451,0.6252438342191662,-5.245428081012016,-2.794472250872885,-4.6451940001616165,0.0
32,24,6,-4.153396390938446,0.49912621640091664,-5.131683775084243,-3.175109006792649,-4.652522607339362,0.0
24,43,45,-4.149744619382148,0.5295117336740116,-5.187587617383211,-3.1119016213810857,-4.67925635305616,0.0
99,24,44,-4.296591318457695,0.4091238404532947,-5.098474045746153,-3.4947085911692377,-4.70571515891099,0.0
32,18,52,-4.190932168602197,0.521943330849479,-5.213941097067176,-3.1679232401372186,-4.712875499451676,0.0
104,45,22,-3.8510629559166314,0.8708901057289281,-5.55800756314533,-2.1441183486879325,-4.72195306164556,0.0
99,68,6,-4.187544222252506,0.5497767724824509,-5.26510669631811,-3.109981748186902,-4.737320994734957,0.0
38,45,27,-4.078241059325763,0.7096695624473426,-5.4691934017225545,-2.687288716928972,-4.787910621773106,0.0
24,45,45,-4.326573545882751,0.5229257464275848,-5.351508008880818,-3.3016390828846847,-4.849499292310336,0.0
24,45,11,-4.267492770631665,0.5995507480398682,-5.442612236789807,-3.092373304473523,-4.867043518671533,0.0
32,45,29,-4.146465762439025,0.7343298759414263,-5.585752319284221,-2.707179205593829,-4.880795638380452,0.0
104,43,50,-4.11790546389447,0.8401826313167056,-5.764663421275213,-2.471147506513727,-4.958088095211176,0.0
104,68,12,-4.459510037242383,0.5200770781595697,-5.47886111043514,-3.4401589640496266,-4.979587115401953,0.0
60,80,13,-4.473135414767366,0.5679150319172207,-5.586248877325119,-3.360021952209614,-5.041050446684587,0.0
38,64,13,-4.330770029343328,0.7207206600758252,-5.743382523091945,-2.9181575355947107,-5.051490689419153,0.0
32,45,21,-4.017848503486257,1.1070624335482786,-6.187690873240883,-1.848006133731631,-5.124910937034535,0.0
24,43,7,-4.477053611599036,0.7180125939230724,-5.884358295688258,-3.0697489275098144,-5.195066205522108,0.0
32,45,18,-4.212268672131918,0.9948860539548803,-6.162245337883483,-2.2622920063803527,-5.207154726086799,0.0
38,45,6,-4.569052368946938,0.7325508202281239,-6.004851976594061,-3.133252761299815,-5.3016031891750615,0.0
32,45,12,-4.256594543993917,1.146303577884426,-6.503349556647392,-2.0098395313404422,-5.402898121878343,0.0
32,43,58,-4.138392280636977,1.3450196760881183,-6.774630845769689,-1.5021537155042655,-5.483411956725096,0.0
104,43,30,-4.6122965450289195,0.997667142521763,-6.567724144371575,-2.6568689456862637,-5.609963687550683,0.0
60,32,13,-5.16038160296587,0.45311799246318796,-6.048492868193718,-4.272270337738022,-5.613499595429058,0.0
32,45,2,-4.440919439556807,1.17480944488317,-6.74354595152782,-2.138292927585794,-5.615728884439977,0.0
64,104,58,-4.853680180910032,0.8001253412357372,-6.421925849732077,-3.2854345120879866,-5.653805522145769,0.0
99,68,10,-5.081750136278117,0.5805181555689626,-6.219565721193284,-3.9439345513629505,-5.66226829184708,0.0
104,68,52,-4.887319581959813,0.7815718985554118,-6.419200503128421,-3.355438660791206,-5.668891480515225,0.0
104,68,41,-4.9234107327100975,0.7494227890817247,-6.3922793993102776,-3.4545420661099175,-5.672833521791822,0.0
104,45,13,-4.579758827162012,1.0995863902231129,-6.734948151999313,-2.4245695023247107,-5.679345217385125,0.0
32,75,52,-5.043897899538073,0.7150121707175251,-6.445321754144421,-3.6424740449317237,-5.758910070255598,0.0
32,43,38,-4.485457988449706,1.350931015289632,-7.133282778417385,-1.8376331984820276,-5.836389003739338,0.0
64,24,13,-5.084253591967543,0.7984846605301906,-6.649283526606716,-3.5192236573283693,-5.882738252497734,0.0
104,45,15,-4.829028545055376,1.0995573917368489,-6.9841610328596,-2.6738960572511523,-5.928585936792225,0.0
104,43,34,-5.188864101378179,0.7848666623633647,-6.727202759610374,-3.650525443145985,-5.973730763741544,0.0
111,24,10,-5.394440122506531,0.5998184818624691,-6.57008434695697,-4.218795898056091,-5.994258604369,0.0
104,43,44,-5.146628832918633,0.9054390684136628,-6.921289407009413,-3.371968258827854,-6.052067901332296,0.0
104,68,25,-5.396925522904532,0.7847960972402391,-6.9351258734954,-3.858725172313663,-6.181721620144771,0.0
64,104,18,-5.37320962142753,0.8088694008927059,-6.958593647177233,-3.787825595677827,-6.182079022320236,0.0
104,43,28,-5.425928028395661,0.8153634760185454,-7.02404044139201,-3.8278156153993117,-6.241291504414206,0.0
104,45,41,-5.040046680344435,1.2275720248061872,-7.446087848964562,-2.6340055117243084,-6.267618705150623,0.0
111,32,13,-5.537493361297408,0.7504046488429206,-7.008286473029533,-4.066700249565284,-6.287898010140329,0.0
104,43,24,-5.375488174505952,0.9294596908664334,-7.197229168604161,-3.5537471804077425,-6.304947865372386,0.0
104,68,55,-5.6165173182123835,0.81769491152598,-7.219199344803304,-4.013835291621463,-6.434212229738364,0.0
24,45,10,-5.797868677167096,0.6379427665322037,-7.048236499570216,-4.547500854763976,-6.4358114436993,0.0
104,24,53,-5.703690529825746,0.7438364176419345,-7.161609908403937,-4.245771151247554,-6.44752694746768,0.0
104,45,8,-5.612907720172075,0.978696982877075,-7.531153806611142,-3.694661633733008,-6.59160470304915,0.0
38,24,58,-5.470383357564955,1.30795602723066,-8.03397717093705,-2.9067895441928617,-6.778339384795616,0.0
104,68,39,-6.064601526660415,0.7491430029370245,-7.532921812416983,-4.596281240903847,-6.8137445295974395,0.0
104,43,26,-6.030343864970256,0.920321200734506,-7.834173418409887,-4.226514311530624,-6.9506650657047615,0.0
104,43,27,-5.833924645215306,1.1416289945097968,-8.071517474454508,-3.596331815976104,-6.975553639725103,0.0
104,45,56,-5.794823949908297,1.2283307593324089,-8.202352238199818,-3.3872956616167755,-7.023154709240706,0.0
32,43,18,-5.218215174208203,1.8500364484476681,-8.844286613165632,-1.5921437352507737,-7.068251622655872,0.0
104,45,55,-6.032220840931563,1.0856619178644702,-8.160118199945925,-3.9043234819172015,-7.117882758796034,0.0
32,43,53,-5.495853835681111,1.7089387312019941,-8.84537374883702,-2.1463339225252027,-7.204792566883105,0.0
104,45,51,-6.168581080486427,1.14474764585147,-8.412286466355308,-3.924875694617546,-7.313328726337897,0.0
64,104,50,-6.601431098831133,0.9301620042230063,-8.424548627108226,-4.778313570554041,-7.531593103054139,0.0
104,43,45,-6.597077505630968,0.9722735985160337,-8.502733758722394,-4.691421252539541,-7.569351104147001,0.0
104,45,7,-6.333147902426543,1.3080673274260985,-8.896959864181696,-3.7693359406713896,-7.641215229852641,0.0
104,43,5,-6.705423539519179,1.0715386813628474,-8.80563935499036,-4.6052077240479985,-7.776962220882027,0.0
104,43,6,-6.832869705301716,1.1389091654049723,-9.065131669495461,-4.600607741107971,-7.971778870706689,0.0
99,24,13,-7.275793065950156,0.7057127506711097,-8.65899005726553,-5.892596074634781,-7.981505816621265,0.0
99,24,10,-7.353041913526284,0.6417260248136091,-8.610824922160958,-6.09525890489161,-7.994767938339893,0.0
32,45,10,-6.952354567313471,1.1097797367058337,-9.127522851256906,-4.777186283370036,-8.062134304019304,0.0
104,43,41,-6.889085563569832,1.1892336778407249,-9.219983572137654,-4.558187555002012,-8.078319241410558,0.0
38,24,40,-6.678911522750622,1.5281483376533387,-9.674082264551165,-3.683740780950078,-8.20705986040396,0.0
32,43,3,-6.3649917223508155,1.8426206899729054,-9.97652827469771,-2.753455170003921,-8.207612412323721,0.0
104,45,0,-7.103094932790099,1.1484731669242099,-9.35410233996155,-4.852087525618648,-8.251568099714309,0.0
32,43,32,-6.536099062343674,1.7549240189383921,-9.975750139462923,-3.096447985224426,-8.291023081282066,0.0
38,24,57,-6.9485489411100945,1.3781887102864987,-9.649798813271632,-4.247299068948557,-8.326737651396593,0.0
104,43,35,-7.450967382447997,0.9881955041697725,-9.387830570620752,-5.514104194275243,-8.439162886617769,0.0
104,24,32,-7.597426539437474,0.8434621204005978,-9.250612295422645,-5.944240783452303,-8.440888659838071,0.0
104,24,47,-7.560849249256398,0.8834240289333049,-9.292360345965676,-5.829338152547121,-8.444273278189703,0.0
104,24,11,-7.546024341352039,0.91826056504744,-9.345815048845022,-5.746233633859057,-8.46428490639948,0.0
64,104,23,-7.507523984902007,0.9675454183993972,-9.403913004964826,-5.611134964839188,-8.475069403301404,0.0
104,24,12,-7.645125398492264,0.9516858320420923,-9.510429629294766,-5.7798211676897635,-8.596811230534357,0.0
32,45,7,-7.2089553743625245,1.4234572449168283,-9.998931574399508,-4.418979174325541,-8.632412619279354,0.0
104,24,49,-7.805375333594619,0.9281415624060427,-9.624532795910463,-5.986217871278775,-8.733516896000662,0.0
32,43,47,-6.982977342874695,2.0558919283381205,-11.01252552241741,-2.953429163331979,-9.038869271212816,0.0
104,24,13,-8.01760990888875,1.0761054520260593,-10.126776594859827,-5.908443222917673,-9.093715360914809,0.0
32,43,31,-6.9550217455618135,2.212302030921727,-11.291133726168399,-2.6189097649552284,-9.16732377648354,0.0
104,24,22,-8.209578967420779,1.0253401994336875,-10.219245758310805,-6.199912176530751,-9.234919166854466,0.0
38,24,56,-7.833353852566406,1.4339160455589586,-10.643829301861965,-5.0228784032708464,-9.267269898125365,0.0
32,43,46,-7.467377848336159,1.9015138959765916,-11.194345084450278,-3.740410612222039,-9.36889174431275,0.0
104,24,35,-8.451127268761233,1.0536145761408642,-10.516211837997327,-6.38604269952514,-9.504741844902098,0.0
104,24,41,-8.374429008276865,1.1323052598229681,-10.593747317529882,-6.155110699023847,-9.506734268099834,0.0
104,43,7,-8.266582908536044,1.2444283509283256,-10.705662476355563,-5.827503340716526,-9.51101125946437,0.0
38,24,35,-8.241556906168455,1.3707505527374784,-10.928227989533912,-5.554885822802998,-9.612307458905933,0.0
64,104,3,-8.53962436763753,1.123182731384027,-10.741062521150223,-6.338186214124836,-9.662807099021556,0.0
38,24,45,-8.135251273745116,1.5372683794826731,-11.148297297531155,-5.122205249959077,-9.67251965322779,0.0
32,43,49,-7.525661493902605,2.1834095186788685,-11.805144150513186,-3.2461788372920237,-9.709071012581473,0.0
104,43,4,-8.614518924701958,1.2866826533102522,-11.136416925190051,-6.092620924213864,-9.901201578012211,0.0
32,43,33,-7.556261240998507,2.3552056239799755,-12.17246426399926,-2.9400582179977546,-9.911466864978483,0.0
64,104,42,-8.92959106289787,1.1510844884454179,-11.18571666025089,-6.673465465544851,-10.080675551343289,0.0
38,24,22,-8.607028059818324,1.4973781748793424,-11.541889282581835,-5.672166837054814,-10.104406234697667,0.0
104,24,16,-9.011934149451474,1.1133440541588107,-11.194088495602742,-6.829779803300205,-10.125278203610284,0.0
38,24,31,-8.618980462477385,1.5169472030967612,-11.592196980547037,-5.645763944407733,-10.135927665574146,0.0
38,24,9,-8.609885405227471,1.7806423418395658,-12.09994439523302,-5.119826415221922,-10.390527747067036,0.0
38,24,46,-9.071797028059066,1.3576119550581183,-11.732716459972977,-6.410877596145155,-10.429408983117185,0.0
111,104,24,-9.106548926441686,1.3396815541787,-11.732324772631937,-6.480773080251435,-10.446230480620386,0.0
38,24,47,-9.187281989666051,1.3188579896571733,-11.77224364939411,-6.602320329937991,-10.506139979323224,0.0
104,24,14,-9.40116204468293,1.1465464098729372,-11.648393008033887,-7.153931081331974,-10.547708454555867,0.0
64,104,49,-9.457016318162582,1.2644924816432994,-11.935421582183448,-6.978611054141715,-10.721508799805882,0.0
111,104,28,-9.692908792372602,1.2609781072592312,-12.164425882600696,-7.221391702144509,-10.953886899631833,0.0
111,104,1,-9.84124157427197,1.2838397223172981,-12.357567430013875,-7.324915718530066,-11.125081296589268,0.0
64,104,27,-9.932568812959799,1.2017874516183358,-12.288072218131736,-7.577065407787861,-11.134356264578134,0.0
38,24,8,-9.781972616123094,1.3664404847812608,-12.460195966294364,-7.103749265951823,-11.148413100904355,0.0
32,43,2,-8.75281251064364,2.4653317231905336,-13.584862688097086,-3.9207623331901944,-11.218144233834174,0.0
111,104,32,-10.054908637262475,1.1963315141421969,-12.399718404981181,-7.710098869543769,-11.251240151404671,0.0
104,24,43,-10.121905233438195,1.1990168834874482,-12.471978325073593,-7.771832141802797,-11.320922116925644,0.0
104,24,52,-10.27306784474293,1.0958350538347994,-12.420904550259138,-8.125231139226724,-11.36890289857773,0.0
64,104,22,-9.94946818523255,1.4212497608166625,-12.735117716433209,-7.163818654031893,-11.370717946049213,0.0
64,104,33,-10.228903557225399,1.1564358851323926,-12.495517892084889,-7.962289222365909,-11.385339442357791,0.0
32,43,52,-9.204579532932447,2.2094823200238616,-13.535164880179217,-4.873994185685679,-11.414061852956308,0.0
64,104,37,-10.236103818530486,1.324411548902939,-12.831950454380246,-7.640257182680726,-11.560515367433425,0.0
104,99,9,-10.664555219762716,1.1558665123845098,-12.930053584036356,-8.399056855489077,-11.820421732147226,0.0
111,104,11,-10.87671041118566,1.327390070174698,-13.478394948728068,-8.275025873643253,-12.204100481360358,0.0
111,104,31,-10.834739396827247,1.4320038890292932,-13.641467019324661,-8.028011774329833,-12.26674328585654,0.0
64,104,2,-11.02846830806866,1.2459057115670218,-13.470443502740023,-8.586493113397298,-12.274374019635683,0.0
64,104,36,-11.090463707008983,1.1962759270896584,-13.435164524104714,-8.745762889913252,-12.286739634098641,0.0
64,104,54,-11.179266582650783,1.443864762872636,-14.009241517881149,-8.349291647420417,-12.623131345523419,0.0
111,104,27,-11.331427800599474,1.4264304584465932,-14.127231499154798,-8.535624102044151,-12.757858259046067,0.0
111,104,57,-11.206316576678221,1.552941407410643,-14.25008173520308,-8.162551418153361,-12.759257984088864,0.0
64,104,8,-11.696502608977918,1.2625672077208112,-14.171134336110708,-9.221870881845128,-12.95906981669873,0.0
64,104,39,-12.420448321463475,1.4221738001352313,-15.207908969728528,-9.632987673198421,-13.842622121598707,0.0
111,104,35,-12.548627439623425,1.2946323846317356,-15.086106913501627,-10.011147965745224,-13.843259824255162,0.0
111,104,37,-12.739226899413891,1.241643437160863,-15.172848036249182,-10.305605762578601,-13.980870336574753,0.0
111,104,36,-12.400828282621344,1.6012604297131665,-15.539298724859151,-9.262357840383537,-14.00208871233451,0.0
104,99,40,-12.728839421073486,1.346491633219234,-15.367963022183185,-10.089715819963788,-14.07533105429272,0.0
111,104,13,-12.938948241554025,1.301305576350639,-15.489507171201277,-10.388389311906773,-14.240253817904664,0.0
64,104,43,-12.867599517428694,1.4955730395883158,-15.798922675021792,-9.936276359835595,-14.363172557017009,0.0
111,104,19,-13.289763845565925,1.4996971629059113,-16.22917028486151,-10.350357406270339,-14.789461008471836,0.0
111,104,41,-13.43800553494039,1.5924188826382366,-16.559146544911332,-10.316864524969446,-15.030424417578626,0.0
104,99,30,-13.86651330326044,1.4813631011819273,-16.769984981577018,-10.963041624943862,-15.347876404442367,0.0
111,104,43,-14.471584732656677,1.5575645987180264,-17.524411346144007,-11.418758119169345,-16.029149331374704,0.0
104,99,11,-14.452662553607794,1.6428141237106253,-17.67257823608062,-11.23274687113497,-16.09547667731842,0.0
111,104,51,-14.860146820033803,1.6404740718326443,-18.075476000825788,-11.64481763924182,-16.500620891866447,0.0
104,99,17,-15.026738786809318,1.544971209572258,-18.054882357570943,-11.998595216047692,-16.571709996381575,0.0
111,104,10,-15.538114565194787,1.6682479757203135,-18.8078805976066,-12.268348532782973,-17.2063625409151,0.0
104,99,5,-15.611328696811126,1.8049214949689925,-19.14897482695035,-12.073682566671902,-17.41625019178012,0.0
104,99,13,-17.12533068528002,1.6367170881392532,-20.333296178032956,-13.917365192527082,-18.762047773419273,0.0
104,99,41,-16.987398138412757,1.8880182871828026,-20.68791398129105,-13.286882295534465,-18.87541642559556,0.0
104,99,54,-17.627377990999168,1.713008708077009,-20.984875058830106,-14.26988092316823,-19.340386699076177,0.0
104,99,14,-18.217930596325004,1.989733456944608,-22.117808171936435,-14.318053020713574,-20.207664053269614,0.0
104,99,0,-18.931731501330336,1.813434973983808,-22.4860640503386,-15.377398952322073,-20.745166475314143,0.0
104,99,7,-18.99431968924887,1.949350387275373,-22.8150464483086,-15.173592930189137,-20.943670076524242,0.0
104,99,51,-19.10991420754049,1.9503889363052593,-22.9326765226988,-15.287151892382184,-21.06030314384575,0.0
