drug_row,drug_col,cell_line,mean_synergy,std,ci_low,ci_high,conservative_score,topk_probability
64,45,28,2.945051775954342,1.5310795825782582,-0.05586420589904417,5.945967757807728,1.4139721933760838,0.42
64,45,0,1.912769397698216,1.1939560693355165,-0.42738449819939595,4.252923293595828,0.7188133283626996,0.08
70,6,38,2.3424232584785267,1.656962271246066,-0.9052227931637629,5.590069310120816,0.6854609872324606,0.27
64,45,57,1.7233156457652288,1.2345093842387356,-0.696322747342693,4.1429540388731505,0.4888062615264932,0.05
111,45,17,1.7073536098161457,1.3392329957596836,-0.917543061872834,4.332250281505125,0.3681206140564621,0.07
111,64,53,1.3246013815741202,1.0914355529120139,-0.8146123021334271,3.4638150652816675,0.23316582866210633,0.0
111,99,58,1.3503315931400381,1.2581355832418988,-1.1156141500140833,3.8162773362941596,0.09219600989813936,0.01
6,70,25,1.7955865887334854,1.785955826625986,-1.7048868314534473,5.296060008920418,0.009630762107499358,0.16
99,45,53,0.897761224456883,1.0480596694956834,-1.1564357277546566,2.9519581766684224,-0.1502984450388004,0.0
36,70,9,1.5874417118967292,1.7958816750160638,-1.9324863711347557,5.107369794928214,-0.20843996311933455,0.04
70,6,53,1.8897925610486188,2.2315374847000045,-2.48402090896339,6.263606031060628,-0.34174492365138565,0.19
111,45,55,0.6274245111400706,1.0512880760103973,-1.4331001178403078,2.687949140120449,-0.4238635648703267,0.01
111,99,17,0.7920969702235017,1.2250226170952567,-1.6089473592832013,3.193141299730205,-0.43292564687175505,0.01
64,45,6,0.8216323395602447,1.317847378720986,-1.7613485227328878,3.404613201853377,-0.49621503916074117,0.0
36,70,18,1.6685466954600612,2.1861792962519577,-2.616364725193776,5.953458116113898,-0.5176326007918965,0.2
111,99,43,0.3370937888400865,1.0628766409932686,-1.74614442750672,2.420332005186893,-0.7257828521531822,0.0
6,36,38,1.6951264445497054,2.4435080896078394,-3.094149411081659,6.4844023001810704,-0.748381645058134,0.23
64,82,21,0.33166539344934787,1.0874326465152067,-1.7997025937204572,2.463033380619153,-0.7557672530658588,0.0
64,45,25,0.5345457002607966,1.315448429026545,-2.0437332206312315,3.1128246211528245,-0.7809027287657483,0.0
111,45,24,0.24053627327040433,1.0222986062046922,-1.763168994890792,2.2442415414316006,-0.7817623329342878,0.0
111,99,50,0.07761581967999742,0.8771005538129214,-1.6415012657933286,1.7967329051533234,-0.799484734132924,0.0
36,70,53,1.634178774721748,2.435008642611047,-3.1384381647959034,6.406795714239399,-0.8008298678892989,0.18
111,64,15,0.29459242231913557,1.1322984242555991,-1.9247124892218388,2.51389733386011,-0.8377060019364635,0.0
111,99,48,0.13236578696404197,1.1507844756978187,-2.1231717854036827,2.3879033593317667,-1.0184186887337767,0.0
64,82,53,0.1507107255850474,1.2739246501856778,-2.3461815887788813,2.647603039948976,-1.1232139246006305,0.0
99,45,21,0.14501247183419322,1.2948907239604364,-2.3929733471282617,2.6829982907966485,-1.1498782521262432,0.0
111,99,5,-0.29701524666998474,0.8740948785094874,-2.01024120854858,1.4162107152086105,-1.1711101251794722,0.0
38,117,32,0.09674612701760679,1.3084072412427816,-2.4677320658182453,2.6612243198534586,-1.2116611142251748,0.0
70,6,4,0.5716151776890251,1.7990422565808102,-2.954507645209363,4.097738000587413,-1.2274270788917852,0.0
6,70,52,0.7281106014642069,1.9604754006555416,-3.1144211838206544,4.570642386749068,-1.2323647991913347,0.05
36,70,39,0.5176073295004768,1.7682701387078277,-2.948202142366865,3.9834168013678193,-1.2506628092073508,0.02
74,75,17,-0.4133481308780097,0.9073716186043239,-2.1917965033424847,1.365100241586465,-1.3207197494823335,0.0
70,6,18,1.1024531663374535,2.466915687347582,-3.7327015808638073,5.937607913538715,-1.3644625210101287,0.13
111,99,30,-0.46368249771877124,0.9019981943186156,-2.231598958583258,1.3042339631457154,-1.3656806920373867,0.0
111,43,53,-0.3787156912920955,1.0271832472171945,-2.3919948558377966,1.6345634732536054,-1.40589893850929,0.0
64,99,17,-0.25963896025031546,1.2028462522192367,-2.6172176146000194,2.0979396940993884,-1.4624852124695522,0.0
36,70,32,-0.056228806856997826,1.4361548948002882,-2.871092400665563,2.758634786951567,-1.492383701657286,0.0
36,70,15,0.2698574038105073,1.7666750052012166,-3.192825606383877,3.7325404140048914,-1.4968176013907093,0.0
64,45,39,-0.25614263368759566,1.267691587869935,-2.7408181459126686,2.228532878537477,-1.5238342215575307,0.01
80,117,41,-0.4921285978973969,1.0523331271034473,-2.554701527020154,1.57044433122536,-1.544461725000844,0.0
74,75,47,-0.79441944960186,0.7570577339614615,-2.2782526081663246,0.6894137089626045,-1.5514771835633214,0.0
70,6,7,0.6403306227441562,2.2163359649142493,-3.703687868487772,4.9843491139760845,-1.576005342170093,0.05
64,43,21,-0.643168451131928,0.9387981180541303,-2.4832127625180234,1.1968758602541674,-1.5819665691860583,0.0
64,45,29,-0.4531562662180817,1.1384129178753988,-2.6844455852538633,1.7781330528177,-1.5915691840934805,0.0
111,45,31,-0.49270680557568985,1.0995495911665918,-2.6478240042622097,1.66241039311083,-1.5922563967422816,0.0
6,70,31,0.12014748718151447,1.7179653875154648,-3.2470646723487966,3.4873596467118255,-1.5978179003339503,0.02
111,80,58,-0.5723618339743916,1.0364831101629888,-2.6038687298938497,1.4591450619450663,-1.6088449441373802,0.0
70,6,58,-0.12058327068046082,1.5216065418941247,-3.102932092792945,2.8617655514320237,-1.6421898125745855,0.0
6,70,39,0.2401848120139561,1.8866922159118773,-3.4577319311733232,3.9381015552012357,-1.6465074038979213,0.0
38,117,24,-0.1562390723715542,1.50217056032188,-3.100493370602439,2.7880152258593305,-1.6584096326934343,0.0
70,6,32,-0.23155534456025859,1.463248558927518,-3.0995225200581937,2.6364118309376763,-1.6948039034877764,0.0
64,45,42,-0.5097814135030171,1.2140984016978502,-2.8894142808308034,1.8698514538247695,-1.7238798152008674,0.0
6,70,4,0.3601886465719949,2.1389798723134463,-3.83221190316236,4.55258919630635,-1.7787912257414513,0.03
64,99,53,-0.6720041851335034,1.121467942396658,-2.870081352230953,1.5260729819639463,-1.7934721275301615,0.0
99,45,57,-0.6991136861480662,1.1031177418812954,-2.8612244602354053,1.4629970879392726,-1.8022314280293616,0.0
99,45,47,-0.8253779001345266,1.0228170942714494,-2.830099404906567,1.179343604637514,-1.8481949944059761,0.0
70,6,0,-0.07927749028316389,1.810147754193314,-3.627167088502059,3.4686121079357317,-1.8894252444764779,0.01
111,60,4,-1.0410157781308091,0.9618482691881366,-2.926238385739557,0.8442068294779386,-2.002864047318946,0.0
99,43,50,-1.1182375033341447,0.8892562356154997,-2.8611797251405244,0.6247047184722347,-2.0074937389496443,0.0
111,99,36,-0.9757194604415482,1.0823770755967883,-3.0971785286112534,1.145739607728157,-2.0580965360383363,0.0
36,70,12,-0.04167885898983849,2.0222953616646118,-4.005377767852478,3.9220200498728004,-2.0639742206544502,0.01
6,36,9,0.6046162542163616,2.6806931947510395,-4.649542407495676,5.858774915928399,-2.076076940534678,0.13
99,43,53,-1.1548870481101516,0.9246508406691512,-2.9672026958216877,0.6574285996013847,-2.079537888779303,0.0
111,64,47,-0.9828605356650513,1.1277091081201178,-3.1931703875804818,1.2274493162503795,-2.110569643785169,0.0
36,64,9,-1.0652222107160423,1.0572567354453886,-3.137445412189004,1.0070009907569193,-2.122478946161431,0.0
45,6,50,-0.8552296216043351,1.279177951372968,-3.3624184062953524,1.6519591630866821,-2.1344075729773033,0.0
111,60,57,-1.1599708835966358,0.9768365490273005,-3.0745705196901447,0.7546287524968733,-2.1368074326239364,0.0
111,64,35,-1.2236718444404344,0.9132641641419501,-3.0136696061586568,0.5663259172777877,-2.1369360085823845,0.0
64,70,24,-0.6494343970344154,1.489614214486024,-3.5690782574270226,2.2702094633581917,-2.1390486115204395,0.0
111,80,14,-1.2636641563902498,0.8967508444729485,-3.021295811557229,0.4939674987767293,-2.1604150008631984,0.0
6,70,12,-0.12075252806406125,2.050832025874739,-4.140383298778549,3.8988782426504267,-2.1715845539388003,0.01
111,99,0,-1.0773335675063844,1.106007086101901,-3.24510745626611,1.0904403212533413,-2.183340653608285,0.0
60,32,29,-1.062662204890116,1.1307172549388047,-3.278868024570173,1.1535436147899412,-2.193379459828921,0.0
111,99,37,-1.206696979123187,1.0590053558919383,-3.282347476671386,0.8689535184250121,-2.265702335015125,0.0
99,45,24,-1.3185624769309399,0.9511456210265729,-3.1828078941430227,0.545682940281143,-2.269708097957513,0.0
111,80,42,-1.465416548192329,0.8245254092958467,-3.0814863504121885,0.15065325402753071,-2.2899419574881756,0.0
6,70,2,-0.19606327250199773,2.1230169859240138,-4.357176564913065,3.9650500199090697,-2.3190802584260117,0.01
111,99,18,-1.2452225127867522,1.0868283123893012,-3.3754060050697827,0.8849609794962783,-2.3320508251760534,0.0
64,6,38,-1.0348636787239958,1.3180333198345002,-3.6182089855996162,1.5484816281516247,-2.3528969985584958,0.0
64,99,15,-1.3146394454414645,1.0467644148743,-3.3662976985950923,0.7370188077121635,-2.3614038603157645,0.0
111,43,32,-1.7088351310325451,0.6794933275398278,-3.0406420530106075,-0.37702820905448253,-2.388328458572373,0.0
111,60,21,-1.387373493236455,1.0172195502044261,-3.38112381163713,0.6063768251642201,-2.4045930434408813,0.0
111,117,16,-1.2489838702051224,1.184781671165106,-3.57115594568873,1.0731882052784856,-2.4337655413702284,0.0
111,99,35,-1.4048154389723482,1.0338086295623559,-3.4310803529145657,0.6214494749698691,-2.438624068534704,0.0
111,60,45,-1.5818834064057317,0.8782734508275556,-3.303299370027741,0.13953255721627733,-2.4601568572332875,0.0
38,117,4,-0.41883835446764567,2.0429099782334044,-4.422941911805118,3.5852652028698273,-2.46174833270105,0.0
64,43,24,-1.5751988100224412,0.8991728602939055,-3.3375776161984962,0.18717999615361358,-2.474371670316347,0.0
111,45,12,-1.5154499145363283,0.9866650423845321,-3.449313397610011,0.4184135685373547,-2.5021149569208605,0.0
111,43,5,-1.591237328787363,0.9241901104327548,-3.402649945235562,0.2201752876608365,-2.515427439220118,0.0
70,6,2,-0.2411964001954345,2.2806131624102464,-4.711198198519518,4.228805398128649,-2.521809562605681,0.0
36,70,31,-0.19037658088249265,2.3553875966171836,-4.806936270252173,4.426183108487187,-2.5457641774996764,0.02
75,18,47,-1.742793897103204,0.8090631885450603,-3.328557746651522,-0.1570300475548858,-2.5518570856482645,0.0
111,60,54,-1.704692848230652,0.8529178888785399,-3.3764119104325903,-0.032973786028713814,-2.557610737109192,0.0
80,99,50,-1.5745168325110923,0.9852773283049249,-3.505660395988745,0.3566267309665605,-2.559794160816017,0.0
36,70,1,-0.617755680254005,1.9638663867091,-4.466933798203841,3.231422437695831,-2.5816220669631047,0.0
111,43,38,-1.7532841331472484,0.8313791728517399,-3.3827873119366583,-0.12378095435783831,-2.5846633059989883,0.0
6,45,50,-1.011272955179727,1.5748753072953663,-4.098028557478645,2.075482647119191,-2.5861482624750933,0.0
111,43,8,-1.697639115556741,0.9112637306140037,-3.483716027560188,0.08843779644670624,-2.6089028461707446,0.0
111,64,30,-1.587026333644733,1.023053198936206,-3.5922106035596966,0.41815793627023057,-2.610079532580939,0.0
74,99,53,-1.6045976238006159,1.0090558658568245,-3.5823471208799917,0.3731518732787602,-2.61365348965744,0.0
82,45,17,-1.1284977186863816,1.4988333672545928,-4.066211118505383,1.8092156811326203,-2.627331085940974,0.0
111,80,35,-1.8198771994244975,0.8197723315112544,-3.426630969186556,-0.2131234296624389,-2.6396495309357517,0.0
111,64,37,-1.8275602975557497,0.8142925123993848,-3.423573621858544,-0.23154697325295537,-2.6418528099551346,0.0
111,45,8,-1.6342774826693973,1.0212314151248274,-3.635891056314059,0.36733609097526454,-2.655508897794225,0.0
70,6,11,-1.1825408115298555,1.4731115338140741,-4.069839417805441,1.7047577947457297,-2.6556523453439294,0.0
80,32,32,-1.6173854335784812,1.0446786056062938,-3.664955500566817,0.43018463340985447,-2.662064039184775,0.0
36,6,18,0.01931670510367381,2.691946323953931,-5.256898089846031,5.295531500053379,-2.672629618850257,0.1
111,43,4,-1.5457839346808366,1.1275421654755586,-3.7557665790129313,0.6641987096512583,-2.6733261001563955,0.0
6,70,1,-0.6918991743414877,2.004469645860895,-4.620659680228842,3.236861331545866,-2.6963688202023826,0.01
38,117,41,-0.9048092089824985,1.7957642652948291,-4.424507168960363,2.6148887509953664,-2.7005734742773275,0.01
111,99,1,-1.7779529649346768,0.9314265700778246,-3.603549042287213,0.047643112417859346,-2.709379535012501,0.0
80,117,40,-1.7295765857159606,0.9845921527402707,-3.659377205086891,0.20022403365496988,-2.714168738456231,0.0
6,70,34,-1.001516237356467,1.754281421481885,-4.4399078234609615,2.4368753487480275,-2.755797658838352,0.0
64,99,16,-1.595736046638182,1.1631232016284887,-3.87545752183002,0.6839854285536557,-2.7588592482666705,0.0
64,82,48,-1.5752358122848296,1.1952952947087394,-3.918014589913959,0.7675429653442996,-2.7705311069935687,0.0
6,64,58,-1.3927340195938318,1.392791498386671,-4.122605356431707,1.3371373172440433,-2.7855255179805027,0.0
99,45,0,-1.6732418459545335,1.1374720516304095,-3.9026870671501364,0.5562033752410693,-2.810713897584943,0.0
117,32,18,-1.6464504460753218,1.1720027527632146,-3.9435758414912225,0.650674949340579,-2.8184531988385366,0.0
117,75,53,-2.0236126113093866,0.8145173400781819,-3.620066597862623,-0.4271586247561501,-2.8381299513875686,0.0
99,45,2,-1.8924401848999488,0.9491880181190524,-3.7528487004132915,-0.032031669386606065,-2.841628203019001,0.0
117,32,42,-1.8735248262861073,0.9693427765953321,-3.773436668412958,0.026387015840743544,-2.8428676028814395,0.0
38,117,48,-1.112559460993472,1.736483395578303,-4.516066916326945,2.290947994340002,-2.849042856571775,0.0
45,6,28,-1.2481834940593088,1.621861274352774,-4.427031591790746,1.9306646036721282,-2.870044768412083,0.0
111,64,2,-1.8608523344892343,1.0190503265051054,-3.858190974439241,0.13648630546077234,-2.8799026609943397,0.0
99,43,55,-2.0598388071777842,0.8202047985128343,-3.6674402122629397,-0.45223740209262897,-2.8800436056906187,0.0
80,117,35,-1.8262224506409777,1.0566313027918748,-3.8972198041130524,0.24477490283109682,-2.8828537534328524,0.0
99,43,38,-2.0943013741099206,0.7935612918923725,-3.6496815062189705,-0.5389212420008707,-2.887862666002293,0.0
6,70,36,-0.9496160746055619,1.94224524216797,-4.756416749254782,2.857184600043659,-2.891861316773532,0.0
111,45,9,-2.0859965153467703,0.8243508363524337,-3.7017241545975406,-0.4702688760960003,-2.9103473516992038,0.0
111,80,56,-2.030805050836191,0.8801911275595845,-3.7559796608529763,-0.30563044081940527,-2.9109961783957754,0.0
38,117,16,-1.3020854490873022,1.6124829779731058,-4.46255208591459,1.8583811877399852,-2.914568427060408,0.0
111,45,32,-2.067069083669175,0.8554088206875381,-3.7436703722167497,-0.39046779512160046,-2.9224779043567133,0.0
111,80,30,-2.1485802918372903,0.7851633661209099,-3.6875004894342736,-0.609660094240307,-2.9337436579582,0.0
64,99,28,-1.9849817933015617,0.94988004746749,-3.846746686337842,-0.1232169002652812,-2.9348618407690514,0.0
111,60,26,-2.014282043378946,0.922113471530711,-3.8216244475791394,-0.20693963917875235,-2.936395514909657,0.0
45,6,1,-1.5330846614209126,1.4341372149105358,-4.343993602645563,1.2778242798037376,-2.9672218763314486,0.0
38,117,42,-1.177883575556705,1.8113278031720175,-4.728086069773859,2.3723189186604494,-2.9892113787287222,0.0
64,70,4,-1.4394173086659052,1.5500885948283147,-4.477590954529402,1.5987563371975917,-2.98950590349422,0.0
111,43,3,-2.1750232186078713,0.8481947328512799,-3.83748489499638,-0.5125615422193628,-3.0232179514591513,0.0
38,117,58,-1.4491608734756631,1.6140764946673654,-4.612750803023699,1.7144290560723727,-3.0632373681430285,0.0
111,64,20,-1.9037106007386861,1.1628005987094576,-4.182799774209223,0.3753785727318508,-3.0665111994481435,0.0
99,43,17,-2.138191588280205,0.937658618075442,-3.9760024797080713,-0.3003806968523386,-3.075850206355647,0.0
36,6,58,-0.4555480064070912,2.6378140114853488,-5.625663468918375,4.714567456104192,-3.09336201789244,0.06
111,45,20,-2.101313489995118,0.9931616880115272,-4.047910398497711,-0.15471658149252487,-3.094475178006645,0.0
6,70,40,-1.6063335225530304,1.506889074834246,-4.5598361092281525,1.3471690641220917,-3.1132225973872765,0.0
64,82,55,-2.0483594404238583,1.1160100257884324,-4.235739090969186,0.13902021012146903,-3.1643694662122908,0.0
111,117,53,-2.4664351470148427,0.7188596966004083,-3.875400152351643,-1.0574701416780425,-3.185294843615251,0.0
70,6,23,-1.7328303022124842,1.4525893812478075,-4.579905489458187,1.1142448850332185,-3.1854196834602915,0.0
117,32,29,-2.063336467542986,1.1277313300202747,-4.2736898743827245,0.1470169392967522,-3.191067797563261,0.0
80,117,1,-2.2552658515384767,0.9491867055963014,-4.115671794507227,-0.39485990856972597,-3.204452557134778,0.0
111,99,54,-2.419896919719096,0.7908520361698856,-3.969966910612072,-0.8698269288261202,-3.210748955888982,0.0
45,6,29,-2.142468636763786,1.0751413137857257,-4.249745611783808,-0.035191661743763536,-3.217609950549512,0.0
70,82,7,-1.6057433063498159,1.6163160458672228,-4.7737227562495725,1.5622361435499406,-3.2220593522170384,0.0
60,99,50,-2.4150713600240836,0.8122986798321294,-4.0071767724950575,-0.8229659475531099,-3.227370039856213,0.0
111,43,33,-2.4307415858057575,0.7994600314132366,-3.9976832473757016,-0.8637999242358136,-3.2302016172189942,0.0
111,80,9,-2.487305894487185,0.7430760938706898,-3.943735038473737,-1.0308767505006329,-3.2303819883578746,0.0
80,117,18,-2.2281094006765674,1.0146682428257525,-4.216859156615042,-0.23935964473809257,-3.24277764350232,0.0
64,45,11,-2.216448043027931,1.0270509789073212,-4.2294679616862805,-0.20342812436958146,-3.2434990219352526,0.0
64,82,23,-2.190390025837963,1.054757601986978,-4.25771492573244,-0.12306512594348629,-3.245147627824941,0.0
6,6,20,-0.7944217773023197,2.4546315918125923,-5.605499697255,4.016656142650362,-3.249053369114912,0.04
45,6,58,-1.8430980530867802,1.4119750151328967,-4.610569082747258,0.9243729765736974,-3.255073068219677,0.0
80,117,45,-2.0901006083718063,1.178969462060708,-4.400880754010794,0.22067953726718148,-3.269070070432514,0.0
111,60,48,-2.2103716412145276,1.0670371240676697,-4.301764404387161,-0.118978878041895,-3.277408765282197,0.0
111,80,48,-2.418080272134198,0.8609729952927212,-4.105587342907931,-0.7305732013604644,-3.279053267426919,0.0
111,43,42,-2.147640692527945,1.1566979868129352,-4.414768746681299,0.11948736162540774,-3.3043386793408804,0.0
64,99,0,-2.273104814339442,1.0466754689341198,-4.324588733450317,-0.22162089522856743,-3.3197802832735617,0.0
117,32,2,-2.1709904711078263,1.1566658776991048,-4.438055591398072,0.09607464918241915,-3.327656348806931,0.0
111,117,58,-2.455056185469649,0.8773604085079485,-4.174682586145228,-0.7354297847940698,-3.332416593977597,0.0
99,45,8,-2.3970762820965477,0.9517075763242523,-4.262423131692082,-0.5317294325010131,-3.3487838584208,0.0
117,32,31,-2.272375805231562,1.0792303820075104,-4.3876673539662825,-0.15708425649684177,-3.3516061872390726,0.0
111,80,25,-2.577115574225602,0.7755573111880415,-4.097207904154163,-1.0570232442970404,-3.3526728854136434,0.0
64,82,47,-2.374016325888119,0.9861210838837835,-4.3068136503003345,-0.4412190014759032,-3.3601374097719026,0.0
64,43,40,-2.438826205812398,0.9291032202948768,-4.259868517590356,-0.6177838940344396,-3.367929426107275,0.0
80,117,43,-2.288607193986594,1.0851016706483783,-4.415406468457416,-0.1618079195157729,-3.373708864634972,0.0
117,32,58,-2.317387667690846,1.0601936523142146,-4.395367226226707,-0.23940810915498512,-3.3775813200050604,0.0
6,45,47,-2.0435136348979523,1.3409370037611315,-4.67175016226977,0.5847228924738652,-3.384450638659084,0.0
80,117,20,-2.4273901274028784,0.9599067895780019,-4.308807434975762,-0.5459728198299947,-3.38729691698088,0.0
111,117,40,-2.601943122054439,0.7882735581610087,-4.146959296050016,-1.0569269480588617,-3.3902166802154476,0.0
45,6,19,-2.0176992216721588,1.3783835672294646,-4.719331013441909,0.6839325700975918,-3.3960827889016234,0.0
64,70,11,-2.2273083705372785,1.1703989013984195,-4.521290217278181,0.06667347620362385,-3.397707271935698,0.0
99,45,4,-2.3131954060191964,1.0979522263912749,-4.465181769746096,-0.1612090422922976,-3.4111476324104713,0.0
111,117,21,-2.592816873302508,0.8305720524506637,-4.2207380961058085,-0.9648956504992072,-3.423388925753172,0.0
80,117,52,-2.4552901193658316,0.9771244455466876,-4.37045403263734,-0.5401262060943239,-3.432414564912519,0.0
70,45,58,-2.273141508966741,1.1667413280791838,-4.559954512001942,0.013671494068459467,-3.439882837045925,0.0
64,70,30,-2.181842705447922,1.271003303749153,-4.673009180796262,0.3093237699004181,-3.452846009197075,0.0
36,6,20,-1.0767006136901116,2.382451152806845,-5.746304873191528,3.5929036458113046,-3.459151766496957,0.02
117,32,38,-2.4587876398969017,1.0063996159637851,-4.43133088718592,-0.486244392607883,-3.4651872558606867,0.0
36,45,38,-2.3024621855837415,1.1745946730738357,-4.604667744808459,-0.00025662635902357067,-3.477056858657577,0.0
111,80,44,-2.8314661743072485,0.6855937363093644,-4.175229897473603,-1.4877024511408943,-3.517059910616613,0.0
60,24,18,-2.6713513312106634,0.8518846728270185,-4.341045289951619,-1.001657372469707,-3.523236004037682,0.0
38,60,29,-2.6969922339439756,0.8436258304198694,-4.350498861566919,-1.0434856063210316,-3.540618064363845,0.0
111,117,25,-2.807506469365548,0.7446664964187457,-4.2670528023462895,-1.3479601363848062,-3.5521729657842935,0.0
111,60,44,-2.805696740343199,0.7522786804550573,-4.280162954035111,-1.3312305266512867,-3.557975420798256,0.0
99,45,32,-2.763757524239699,0.8039117767187607,-4.339424606608469,-1.188090441870928,-3.5676693009584595,0.0
80,117,7,-2.6088083045372437,0.9702683951925997,-4.510534359114739,-0.7070822499597484,-3.5790766997298435,0.0
36,70,3,-1.3821720185224016,2.25034189371318,-5.792842130200235,3.0284980931554313,-3.6325139122355816,0.0
45,6,0,-2.3525969467318637,1.2818286738700695,-4.8649811475172005,0.1597872540534726,-3.634425620601933,0.0
117,32,24,-2.5873348784136634,1.0703820213170527,-4.685283640195086,-0.48938611663223996,-3.6577168997307163,0.0
111,45,34,-2.884744643365293,0.7746332106875562,-4.4030257363129035,-1.366463550417683,-3.659377854052849,0.0
111,80,49,-2.806737803298083,0.857447632272733,-4.48733516255264,-1.1261404440435265,-3.664185435570816,0.0
64,6,21,-2.567841593941084,1.1034356231063853,-4.730575415229599,-0.4051077726525687,-3.6712772170474692,0.0
117,32,43,-2.6023209732383714,1.076879419136092,-4.713004634745111,-0.49163731173163105,-3.6792003923744634,0.0
64,82,16,-2.5776637154144098,1.102968938638208,-4.739482835145298,-0.41584459568352194,-3.6806326540526175,0.0
38,117,8,-1.926406254614842,1.7601266501270123,-5.376254488863786,1.523441979634102,-3.6865329047418545,0.0
6,6,1,-0.6157580378236688,3.0819496870204293,-6.656379424383711,5.424863348736372,-3.697707724844098,0.04
43,45,31,-2.8754368576417533,0.8252701214536534,-4.492966295690914,-1.2579074195925926,-3.700706979095407,0.0
82,45,58,-2.81986746665194,0.8947904969495131,-4.573656840672985,-1.0660780926308946,-3.714657963601453,0.0
64,99,24,-2.7009740818202954,1.0169551609003873,-4.694206197185054,-0.7077419664555364,-3.7179292427206825,0.0
80,99,1,-2.826071201425141,0.9010294569771714,-4.592088937100397,-1.0600534657498848,-3.7271006584023123,0.0
60,45,53,-2.8385123043070157,0.9100017909812986,-4.6221158146303605,-1.0549087939836705,-3.7485140952883143,0.0
64,82,40,-2.697017997844812,1.0628257860391683,-4.780156538481582,-0.6138794572080419,-3.75984378388398,0.0
70,6,44,-1.9531166985994886,1.8082777983240472,-5.497341183314621,1.5911077861156437,-3.761394496923536,0.0
32,117,52,-2.8210677942282865,0.9717019076171391,-4.725603533157879,-0.9165320552986937,-3.7927697018454256,0.0
45,6,46,-2.5035643207092932,1.2960305892496033,-5.043784275638515,0.03665563421992912,-3.7995949099588966,0.0
6,64,21,-2.623508774165729,1.182529095636888,-4.94126580161403,-0.30575174671742866,-3.806037869802617,0.0
111,60,22,-2.9470598049438164,0.8614352279197443,-4.635472851666515,-1.2586467582211176,-3.8084950328635605,0.0
45,6,3,-2.443507874035197,1.3675569615351726,-5.123919518644135,0.23690377057374112,-3.8110648355703693,0.0
99,82,58,-3.1227548679701114,0.6933279841359349,-4.481677716876543,-1.763832019063679,-3.8160828521060464,0.0
36,6,25,-1.106588926525092,2.711257430403173,-6.420653490115312,4.2074756370651265,-3.817846356928265,0.02
111,80,43,-3.01679522596686,0.8021547956625691,-4.589018625465496,-1.4445718264682246,-3.818950021629429,0.0
117,32,20,-2.814015173773541,1.0078289573533052,-4.789359930186019,-0.8386704173610626,-3.821844131126846,0.0
38,117,40,-1.9981896519015392,1.8256524749854994,-5.576468502873118,1.5800891990700394,-3.8238421268870386,0.0
99,45,38,-2.8462072474648203,0.9952789997539155,-4.7969540869824945,-0.895460407947146,-3.841486247218736,0.0
111,64,51,-2.485660971820478,1.365873313307246,-5.162772665902681,0.19145072226172433,-3.851534285127724,0.0
36,45,7,-2.587601146263551,1.281527064531437,-5.099394192745168,-0.07580809978193459,-3.8691282107949876,0.0
6,64,1,-2.35443053575957,1.5176807157325005,-5.32908473859527,0.620223667076131,-3.87211125149207,0.0
111,117,50,-3.16868336897441,0.7085616126087633,-4.5574641296875855,-1.779902608261234,-3.877244981583173,0.0
117,32,10,-2.807638950372665,1.069692927560921,-4.904237088392071,-0.7110408123532594,-3.877331877933586,0.0
36,64,18,-2.482479627016337,1.400400373299731,-5.22726435868381,0.2623051046511353,-3.882880000316068,0.0
80,117,48,-2.9318246956497087,0.9672790005623609,-4.827691536751936,-1.0359578545474812,-3.8991036962120695,0.0
80,99,32,-3.1354782507855337,0.7638797399906015,-4.632682541167113,-1.6382739604039547,-3.899357990776135,0.0
80,99,40,-2.918669079081115,0.991078413190215,-4.861182768933936,-0.9761553892282937,-3.90974749227133,0.0
117,32,14,-2.8367026505799675,1.0778679518635932,-4.94932383623261,-0.7240814649273251,-3.9145706024435607,0.0
74,75,33,-3.115072172130899,0.8023358657745604,-4.6876504690490375,-1.5424938752127606,-3.917408037905459,0.0
36,45,20,-2.86263858827088,1.0798421684600854,-4.979129238452647,-0.7461479380891127,-3.9424807567309657,0.0
111,45,26,-2.869090918011087,1.073629572735913,-4.973404880573477,-0.7647769554486974,-3.942720490747,0.0
64,70,36,-2.3504474767045465,1.6039795902255563,-5.494247473546636,0.7933525201375438,-3.9544270669301027,0.0
80,99,47,-2.941543372135419,1.013591205071539,-4.9281821340756355,-0.9549046101952028,-3.955134577206958,0.0
74,117,53,-3.2625527648385306,0.6938462505833944,-4.622491415981983,-1.9026141136950776,-3.9563990154219253,0.0
60,80,50,-3.1801574306365312,0.7992340008872809,-4.746656072375602,-1.6136587888974607,-3.979391431523812,0.0
6,36,20,-1.2746096493393313,2.7198420941409434,-6.60550015385558,4.056280855176917,-3.9944517434802744,0.03
70,6,16,-2.2630619356476718,1.7436750233820038,-5.680664981476399,1.1545411101810554,-4.006736959029675,0.0
45,6,40,-2.8161644781511947,1.1956511885378356,-5.159640807685353,-0.4726881486170371,-4.011815666689031,0.0
111,60,36,-3.274668813601795,0.7400617059747003,-4.725189757312208,-1.8241478698913822,-4.014730519576496,0.0
64,80,53,-3.01744952707672,0.9989248638375504,-4.975342260198319,-1.0595567939551214,-4.016374390914271,0.0
64,99,9,-3.204160056051308,0.8138237661303077,-4.799254637666711,-1.6090654744359048,-4.017983822181615,0.0
80,99,30,-3.057943084150353,0.9602417389255137,-4.94001689244436,-1.1758692758563465,-4.018184823075867,0.0
64,6,25,-2.8081539444185153,1.2163378085066252,-5.1921760490915005,-0.42413183974553004,-4.02449175292514,0.0
99,43,42,-3.0504826299226697,0.9778987187616053,-4.9671641186954165,-1.1338011411499234,-4.028381348684275,0.0
111,80,2,-3.2151913877952456,0.8154138278010021,-4.81340249028521,-1.6169802853052815,-4.030605215596248,0.0
111,64,44,-3.0365576997470183,1.0277243378538332,-5.0508974019405315,-1.022217997553505,-4.064282037600852,0.0
117,32,0,-3.0798644527782675,0.9873869488177388,-5.015142872461036,-1.1445860330954996,-4.067251401596006,0.0
36,70,5,-2.0353774601984633,2.034649534081493,-6.02329054699819,1.9525356266012635,-4.0700269942799565,0.0
36,70,14,-1.9403613868115197,2.1372066179263065,-6.12928635794708,2.2485635843240406,-4.077568004737826,0.01
111,64,54,-3.2108409177876505,0.8691816513823841,-4.914436954497123,-1.5072448810781776,-4.080022569170034,0.0
111,117,18,-3.2694746016573806,0.8198865222357796,-4.876452185239509,-1.6624970180752525,-4.08936112389316,0.0
45,6,14,-2.926756504375554,1.181211417757593,-5.241930883180435,-0.6115821255706719,-4.107967922133147,0.0
80,117,28,-2.8378690909681072,1.2784591857060241,-5.343649094951914,-0.33208908698430006,-4.116328276674132,0.0
36,64,15,-2.7723460849419497,1.3449390753545347,-5.408426672636837,-0.1362654972470616,-4.117285160296484,0.0
36,70,44,-2.0649578528984853,2.0599339408682424,-6.1024283770002405,1.9725126712032695,-4.124891793766728,0.0
99,45,34,-3.523997085852998,0.6060205559380523,-4.711797375491581,-2.3361967962144154,-4.13001764179105,0.0
70,6,19,-2.3520363742887964,1.7951473826785223,-5.8705252443387,1.1664524957611073,-4.147183756967319,0.0
80,99,15,-3.3730183702518874,0.7830385869481389,-4.90777400067024,-1.8382627398335352,-4.156056957200026,0.0
80,99,35,-3.235559509012813,0.9264944410643998,-5.051488613499036,-1.4196304045265895,-4.162053950077213,0.0
64,99,47,-3.2105765108073534,0.959103650343886,-5.09041966548137,-1.3307333561333368,-4.1696801611512395,0.0
111,117,56,-3.440176596607347,0.7517911012645353,-4.913687155085836,-1.966666038128858,-4.191967697871883,0.0
38,117,54,-2.314439663025658,1.8878197130803582,-6.0145663006631604,1.3856869746118439,-4.202259376106016,0.0
111,60,12,-3.277135672686041,0.9333555902823364,-5.10651262963942,-1.4477587157326617,-4.210491262968377,0.0
43,45,15,-3.4357094253365075,0.7763868263239806,-4.957427604931509,-1.9139912457415056,-4.212096251660488,0.0
64,43,57,-3.154163627430868,1.0610890781207205,-5.233898220547481,-1.0744290343142562,-4.215252705551588,0.0
36,64,2,-2.972299897880164,1.2481936946080152,-5.418759539311874,-0.5258402564484541,-4.220493592488179,0.0
32,18,17,-3.0560329133472677,1.1677580996274324,-5.344838788617035,-0.7672270380775004,-4.2237910129747,0.0
36,45,37,-2.960367726696731,1.2636751620302251,-5.437171044275972,-0.48356440911749,-4.224042888726956,0.0
111,60,5,-3.29996811446055,0.924577593288658,-5.11214019730632,-1.4877960316147807,-4.224545707749208,0.0
117,32,52,-3.044766477403033,1.1857256734302448,-5.368788797326313,-0.7207441574797535,-4.230492150833278,0.0
6,6,40,-1.6554482001685213,2.5792534722339404,-6.710785005747045,3.399888605410002,-4.234701672402462,0.03
111,24,18,-3.4509825480013383,0.7901370782420627,-4.999651221355781,-1.9023138746468955,-4.241119626243401,0.0
111,43,14,-3.3252117010988806,0.9253596708103085,-5.138916655887085,-1.5115067463106762,-4.250571371909189,0.0
70,82,15,-2.5906218689795097,1.6709870389468213,-5.865756465315279,0.6845127273562599,-4.261608907926331,0.0
111,117,30,-3.5640224438349386,0.7005749410393678,-4.937149328272099,-2.1908955593977777,-4.264597384874307,0.0
82,45,5,-3.150454464715407,1.1160853996847868,-5.33798184809759,-0.9629270813332247,-4.266539864400194,0.0
111,117,35,-3.331453326619024,0.9402004857985654,-5.174246278784212,-1.4886603744538358,-4.27165381241759,0.0
64,70,31,-2.400953138204633,1.8773657992769044,-6.080590104787365,1.2786838283780995,-4.278318937481537,0.0
36,45,12,-2.993145769936227,1.3070941402466336,-5.555050284819629,-0.43124125505282507,-4.30023991018286,0.0
43,45,54,-3.47241927949762,0.8329258992459735,-5.104954042019728,-1.839884516975512,-4.305345178743593,0.0
99,45,29,-3.5354967393124084,0.785411457863862,-5.074903196725578,-1.9960902818992388,-4.32090819717627,0.0
64,6,3,-2.9516908704215052,1.373913950705546,-5.644562213804376,-0.2588195270386353,-4.325604821127051,0.0
82,6,50,-2.8240343495044398,1.512516434310894,-5.788566560753792,0.14049786174491263,-4.336550783815333,0.0
70,45,46,-3.0747747980406333,1.277036408871852,-5.577766159429463,-0.5717834366518035,-4.351811206912485,0.0
60,43,42,-3.7598319646623617,0.6234507245421284,-4.981795384764933,-2.53786854455979,-4.38328268920449,0.0
6,70,14,-2.154584908186011,2.228728660821504,-6.522893083396159,2.2137232670241365,-4.383313569007515,0.0
60,99,28,-3.631879666591154,0.7535371200267327,-5.10881242184355,-2.154946911338758,-4.385416786617887,0.0
70,6,49,-2.23331506826326,2.152784208501714,-6.45277211692662,1.9861419804000997,-4.386099276764974,0.0
6,70,47,-2.210099996742298,2.1798001699105947,-6.482508329767064,2.0623083362824675,-4.389900166652893,0.0
43,45,36,-3.550746307455677,0.8445196371563586,-5.20600479628214,-1.8954878186292143,-4.395265944612036,0.0
117,32,5,-3.427607224952645,0.9682835501804292,-5.325442983306286,-1.5297714665990039,-4.395890775133074,0.0
74,117,37,-3.534561423230065,0.8617084724065887,-5.223510029146978,-1.8456128173131512,-4.396269895636653,0.0
36,45,27,-3.2816678108941986,1.1147651921221358,-5.466607587453584,-1.0967280343348125,-4.396433003016334,0.0
45,6,45,-3.0548189766830247,1.3559281377718821,-5.712438126715914,-0.39719982665013553,-4.410747114454907,0.0
60,32,49,-3.5421803052257177,0.8698230089864523,-5.247033402839164,-1.8373272076122713,-4.4120033142121695,0.0
111,32,16,-3.271776832943415,1.1404363218783533,-5.507032023824987,-1.0365216420618428,-4.412213154821768,0.0
80,117,33,-3.335726012277715,1.0776227986997686,-5.447866697729261,-1.2235853268261687,-4.413348810977483,0.0
80,99,48,-3.40046903642826,1.0152325091014596,-5.390324754267121,-1.4106133185893994,-4.4157015455297195,0.0
111,117,43,-3.7600522679577035,0.6619432843179857,-5.0574611052209555,-2.4626434306944516,-4.421995552275689,0.0
38,117,43,-2.6328219295199036,1.7923181518615885,-6.145765507168617,0.8801216481288097,-4.4251400813814925,0.0
36,70,19,-2.480055946560487,1.9473459666219244,-6.296854041139459,1.3367421480184847,-4.427401913182411,0.0
6,45,4,-3.3493128278269086,1.081513456630495,-5.4690792028226785,-1.2295464528311388,-4.430826284457403,0.0
38,117,33,-2.615209734653727,1.8219194371566112,-6.186171831480685,0.9557523621732309,-4.437129171810338,0.0
6,64,4,-3.2272923301697607,1.2257466706078932,-5.629755804561231,-0.8248288557782901,-4.453039000777654,0.0
99,43,45,-3.4789250904147435,0.9812898743040561,-5.402253244050693,-1.5555969367787936,-4.4602149647188,0.0
64,82,52,-3.468473003272964,0.9936305476545674,-5.415988876675916,-1.520957129870012,-4.462103550927531,0.0
82,43,24,-3.195194906974895,1.2669191774394235,-5.678356494756165,-0.7120333191936252,-4.462114084414319,0.0
80,99,3,-3.522921326823242,0.9404457276212447,-5.366194952960882,-1.6796477006856025,-4.463367054444487,0.0
111,24,16,-3.519306605928644,0.9739321655994841,-5.428213650503633,-1.610399561353655,-4.493238771528128,0.0
6,68,53,-2.9720602953234323,1.5221184993933239,-5.955412554134347,0.011291963487482626,-4.494178794716756,0.0
6,45,31,-3.2405814453076864,1.2614407985923461,-5.713005410548685,-0.7681574800666882,-4.502022243900033,0.0
82,45,7,-3.175448763669955,1.3298585861552588,-5.781971592534262,-0.5689259348056481,-4.505307349825214,0.0
6,64,23,-3.3901577041715676,1.116686132575201,-5.5788625240189615,-1.2014528843241736,-4.506843836746769,0.0
80,43,24,-3.9029679668497863,0.6113545129067622,-5.10122281214704,-2.7047131215525324,-4.514322479756548,0.0
6,64,31,-3.3035940758679945,1.2213858804579794,-5.6975104015656335,-0.909677750170355,-4.524979956325974,0.0
32,117,47,-3.5223336599038024,1.0158677467127326,-5.513434443460758,-1.5312328763468466,-4.538201406616535,0.0
36,45,2,-3.1353748574289844,1.403663151420565,-5.886554634213292,-0.3841950806446768,-4.539038008849549,0.0
38,60,11,-3.6848138382028517,0.8554633840300266,-5.361522070901704,-2.0081056055039994,-4.540277222232878,0.0
64,70,50,-2.7664566843877374,1.7752692617935821,-6.245984437503158,0.7130710687276833,-4.5417259461813195,0.0
64,43,0,-3.7047977683721123,0.841566374750268,-5.3542678628826375,-2.055327673861587,-4.54636414312238,0.0
80,32,56,-3.204601518857131,1.3440811949734774,-5.839000661005146,-0.5702023767091151,-4.548682713830608,0.0
111,45,41,-3.605742382810489,0.9493774919199075,-5.466522266973508,-1.74496249864747,-4.555119874730396,0.0
64,82,8,-3.620242076442218,0.9442797962360285,-5.471030477064834,-1.7694536758196022,-4.564521872678247,0.0
60,80,1,-3.7907752872933345,0.7739643399435898,-5.3077453935827705,-2.2738051810038984,-4.564739627236924,0.0
111,45,7,-3.322527440815337,1.2447252392294201,-5.762188909705001,-0.8828659719256735,-4.567252680044757,0.0
70,45,47,-3.136869747753826,1.4330746784066781,-5.945696117430915,-0.32804337807673667,-4.569944426160504,0.0
64,82,44,-3.548026331383749,1.0222845552256323,-5.551704059625989,-1.54434860314151,-4.570310886609382,0.0
6,6,2,-1.693759078759995,2.876695140767041,-7.332081554663395,3.944563397143405,-4.570454219527036,0.02
36,64,4,-3.5520883450917924,1.0242370175040394,-5.55959289939971,-1.544583790783875,-4.576325362595831,0.0
43,45,37,-3.9032021072702254,0.6849879507491795,-5.245778490738617,-2.5606257238018335,-4.588190058019405,0.0
36,68,53,-3.112883239836134,1.478595392693719,-6.0109302095158235,-0.2148362701564448,-4.591478632529853,0.0
6,6,23,-1.888161714410818,2.7205726646918107,-7.220484137206767,3.444160708385131,-4.6087343791026285,0.01
6,70,33,-2.446717617000073,2.1624070658871375,-6.685035466138863,1.791600232138717,-4.60912468288721,0.0
64,82,56,-3.668913131352383,0.9524064298507655,-5.535629733859883,-1.8021965288448827,-4.621319561203149,0.0
64,68,18,-3.350987528709663,1.2706971192662895,-5.84155388247159,-0.860421174947736,-4.621684647975952,0.0
111,117,48,-3.800200303498522,0.8279913656531857,-5.423063380178766,-2.1773372268182785,-4.6281916691517075,0.0
64,80,50,-3.833171816939245,0.803022497766824,-5.4070959125622196,-2.25924772131627,-4.636194314706069,0.0
43,45,20,-3.9668762952561516,0.6693772456225896,-5.278855696676427,-2.654896893835876,-4.636253540878741,0.0
60,99,40,-3.8406916899161825,0.8104591977786197,-5.4291917175622775,-2.2521916622700875,-4.6511508876948024,0.0
6,45,48,-3.0773184045499224,1.583650312242068,-6.181273016544376,0.02663620744453077,-4.660968716791991,0.0
82,45,37,-3.8860913597495346,0.7761433978158568,-5.407332419468614,-2.3648503000304553,-4.6622347575653915,0.0
60,99,8,-3.8467215742923986,0.8204385887581226,-5.454781208258319,-2.2386619403264785,-4.6671601630505215,0.0
80,32,4,-3.2375760225969668,1.4319724653709751,-6.044242054724078,-0.4309099904698557,-4.669548487967942,0.0
80,43,50,-3.934367267069395,0.7434099945300154,-5.391450856348225,-2.477283677790565,-4.67777726159941,0.0
64,99,2,-3.7505356345811025,0.9302259484091345,-5.573778493463006,-1.9272927756991989,-4.680761582990237,0.0
111,80,19,-3.8810334064850736,0.8043270412954392,-5.457514407424134,-2.304552405546013,-4.685360447780512,0.0
6,82,50,-3.1844882765372953,1.5121382129723127,-6.148279173963028,-0.2206973791115625,-4.696626489509608,0.0
70,82,25,-3.2293001987776697,1.4773715176101692,-6.124948373293601,-0.33365202426173823,-4.706671716387839,0.0
36,45,43,-3.519146390435092,1.2053897169026386,-5.881710235564263,-1.1565825453059202,-4.72453610733773,0.0
74,117,57,-3.8219963076009447,0.9030323784446258,-5.591939769352411,-2.0520528458494782,-4.725028686045571,0.0
6,45,57,-3.3332019481260753,1.3952362527890032,-6.067865003592521,-0.5985388926596289,-4.728438200915079,0.0
36,6,23,-2.367270959742739,2.3633729715483383,-6.999481983977482,2.264940064492004,-4.730643931291077,0.02
99,43,20,-3.9794240421002987,0.7703851285162685,-5.489378893992185,-2.4694691902084127,-4.749809170616567,0.0
45,6,34,-3.5607620970493064,1.2059089965705259,-5.9243437303275375,-1.1971804637710757,-4.766671093619832,0.0
64,43,28,-3.7435170884771676,1.0283870727662463,-5.75915575109901,-1.7278784258553248,-4.771904161243414,0.0
36,45,45,-3.3824411405057973,1.3959762359655283,-6.1185545629982325,-0.646327718013362,-4.778417376471325,0.0
60,43,28,-4.2105926215335225,0.5729785216124037,-5.3336305238938335,-3.0875547191732116,-4.7835711431459265,0.0
111,117,37,-3.953705623929872,0.8349656601118053,-5.5902383177490105,-2.3171729301107336,-4.788671284041677,0.0
38,60,9,-4.029208779056578,0.7604748180235785,-5.519739422382792,-2.538678135730364,-4.789683597080156,0.0
45,6,4,-3.5503589303404732,1.2407318266700396,-5.98219331061375,-1.1185245500671956,-4.791090757010513,0.0
74,99,37,-4.004438397571838,0.8027900867743907,-5.5779069676496436,-2.4309698274940326,-4.807228484346229,0.0
117,24,25,-4.013468745925354,0.795025388357007,-5.571718507105087,-2.4552189847456205,-4.808494134282361,0.0
6,70,13,-2.2924619735123177,2.5234141230772527,-7.238353654743733,2.653429707719097,-4.81587609658957,0.0
38,60,24,-4.036894768527404,0.7805476339493932,-5.566768131068214,-2.507021405986593,-4.817442402476797,0.0
36,45,34,-3.7481133589204463,1.069566696987339,-5.84446408501563,-1.6517626328252621,-4.817680055907785,0.0
111,80,6,-4.07450284615411,0.7448626236792925,-5.534433588565523,-2.614572103742697,-4.819365469833403,0.0
60,80,34,-4.202714375191468,0.6181424168116536,-5.41427351214231,-2.9911552382406272,-4.820856792003122,0.0
60,82,25,-3.807072026991722,1.039391881754313,-5.844280115230175,-1.7698639387532684,-4.846463908746035,0.0
60,45,25,-3.8640408962517734,0.9948792512109209,-5.814004228625178,-1.9140775638783685,-4.858920147462694,0.0
64,82,12,-3.483315989696591,1.3860331724274149,-6.199941007654324,-0.7666909717388579,-4.869349162124006,0.0
38,80,0,-3.5590908403887678,1.3354950010996702,-6.176661042544121,-0.9415206382334143,-4.894585841488438,0.0
82,43,9,-4.173592635214575,0.7239470202991793,-5.592528795000967,-2.7546564754281837,-4.8975396555137545,0.0
64,70,14,-3.0700051031566513,1.8286901016085264,-6.654237702309363,0.5142274959960602,-4.898695204765177,0.0
37,75,30,-3.8823730034777784,1.017076031850518,-5.875842025904793,-1.8889039810507628,-4.8994490353282965,0.0
64,43,5,-3.816250241333719,1.08803579644337,-5.948800402362724,-1.683700080304714,-4.904286037777089,0.0
38,60,46,-4.054725274590378,0.8515699822502365,-5.723802439800842,-2.3856481093799147,-4.906295256840615,0.0
43,45,3,-4.171051963070746,0.7535887828991066,-5.648085977552995,-2.694017948588497,-4.924640745969853,0.0
37,99,47,-3.838251571420395,1.0921014435999523,-5.978770400876302,-1.6977327419644888,-4.930353015020348,0.0
36,45,54,-3.9080876536561937,1.026067266609391,-5.9191794962106,-1.896995811101787,-4.934154920265585,0.0
60,99,45,-4.206722107441106,0.7284770412077506,-5.634537108208297,-2.778907106673915,-4.935199148648857,0.0
6,6,54,-2.4798159911914865,2.458074144335251,-7.297641314088579,2.3380093317056057,-4.937890135526738,0.01
38,60,28,-3.883475195460903,1.0545520409088176,-5.950397195642186,-1.8165531952796203,-4.93802723636972,0.0
111,117,54,-4.19853932387442,0.7418754962210311,-5.652615296467641,-2.7444633512811993,-4.940414820095451,0.0
64,43,30,-3.9815237967914134,0.959016507021905,-5.861196150554347,-2.1018514430284796,-4.940540303813318,0.0
64,6,5,-3.761536323288678,1.1826499126666894,-6.079530152115389,-1.4435424944619668,-4.944186235955367,0.0
64,99,56,-4.096450938160126,0.8744227259607109,-5.81031948104312,-2.382582395277133,-4.9708736641208375,0.0
60,117,25,-4.409222532246778,0.5668134379833832,-5.520176870694209,-3.2982681937993465,-4.9760359702301615,0.0
60,43,53,-4.427536010339577,0.5520076804372671,-5.509471063996621,-3.3456009566825333,-4.979543690776844,0.0
37,99,37,-4.111112878107252,0.8804055740456562,-5.836707803236738,-2.385517952977766,-4.991518452152908,0.0
80,99,0,-4.05195314253884,0.9403920922083023,-5.895121643267113,-2.208784641810568,-4.992345234747143,0.0
60,43,4,-4.315792619997702,0.6844856290270129,-5.657384452890647,-2.974200787104757,-5.000278249024715,0.0
6,45,18,-3.6734279580951075,1.3353399126616685,-6.290694186911978,-1.0561617292782373,-5.008767870756776,0.0
60,45,35,-4.289489099250672,0.7343140203949816,-5.728744579224836,-2.8502336192765085,-5.023803119645654,0.0
60,99,57,-4.293074945472839,0.7343633843568547,-5.732427178812275,-2.853722712133404,-5.027438329829694,0.0
38,60,34,-4.257963227629456,0.773846984626144,-5.774703317496698,-2.741223137762214,-5.0318102122556,0.0
104,82,3,-4.1125528534175055,0.9260901761503557,-5.9276895986722025,-2.2974161081628086,-5.0386430295678615,0.0
80,99,2,-3.964075871532945,1.078037567767399,-6.077029504357047,-1.851122238708843,-5.042113439300344,0.0
36,70,10,-2.9356715379750193,2.1135980592528987,-7.0783237341107,1.2069806581606617,-5.049269597227918,0.0
80,24,25,-4.2413148642519,0.8117000578134902,-5.832246977566341,-2.6503827509374593,-5.05301492206539,0.0
80,32,24,-3.9626347818522265,1.091853545812596,-6.102667731644915,-1.8226018320595383,-5.0544883276648225,0.0
43,45,0,-4.089575958682967,0.9761361450558775,-6.002802802992487,-2.176349114373447,-5.065712103738845,0.0
111,24,24,-4.512194990212596,0.5679082328711281,-5.625295126640007,-3.3990948537851855,-5.080103223083724,0.0
99,18,53,-4.295710440216625,0.7989018242141657,-5.86155801567639,-2.7298628647568597,-5.09461226443079,0.0
82,43,1,-4.187625704502056,0.9138102788982756,-5.978693851142676,-2.396557557861436,-5.101435983400332,0.0
64,82,29,-4.269558775033401,0.8325807087558492,-5.9014169641948655,-2.6377005858719365,-5.10213948378925,0.0
60,43,41,-4.430215081701207,0.6742283014963869,-5.751702552634125,-3.108727610768289,-5.104443383197594,0.0
64,99,36,-4.0762926402076,1.0293393241408475,-6.093797715523662,-2.058787564891539,-5.105631964348448,0.0
38,60,15,-4.415669410607167,0.6984026675092116,-5.784538638925222,-3.0468001822891124,-5.114072078116379,0.0
70,45,39,-3.4108028195925253,1.7138569612873455,-6.769962463715722,-0.051643175469328284,-5.12465978087987,0.0
64,60,50,-4.434899159373653,0.6903016264624778,-5.7878903472401095,-3.081907971507196,-5.125200785836131,0.0
80,32,21,-4.047560053239372,1.0831905443283412,-6.17061352012292,-1.924506586355823,-5.1307505975677135,0.0
111,38,16,-3.8323941665288563,1.3011065215215427,-6.3825629487110795,-1.2822253843466327,-5.133500688050399,0.0
38,80,9,-3.7916059730248954,1.3430095944791287,-6.423904778203988,-1.1593071678458031,-5.134615567504024,0.0
60,80,14,-4.264456933213416,0.8816243306941273,-5.992440621373905,-2.5364732450529264,-5.1460812639075435,0.0
37,75,47,-4.1030552891138035,1.049237356002222,-6.159560506878158,-2.0465500713494484,-5.152292645116026,0.0
6,6,35,-2.4603942178935627,2.7095419768867277,-7.771096492591549,2.8503080568044235,-5.16993619478029,0.03
60,43,31,-4.563205625029567,0.6089104331033078,-5.7566700739120495,-3.3697411761470835,-5.1721160581328744,0.0
36,82,38,-3.603249145630877,1.573304922998005,-6.686926794706967,-0.5195714965547875,-5.176554068628882,0.0
111,117,14,-4.441584788378217,0.739375166672313,-5.89076011505595,-2.9924094617004835,-5.18095995505053,0.0
111,99,39,-3.979896431913337,1.208580351265316,-6.348713920393356,-1.6110789434333181,-5.188476783178653,0.0
68,70,24,-3.488467711426791,1.7100173586133225,-6.840101734308902,-0.1368336885446788,-5.198485070040113,0.0
64,6,45,-3.8890760805549682,1.3140480579858254,-6.464610274207185,-1.3135418869027506,-5.203124138540794,0.0
6,6,28,-2.3895368581567844,2.814421723873128,-7.905803436948115,3.126729720634546,-5.203958582029912,0.01
80,99,26,-4.110049456750451,1.1051395736013634,-6.2761230210091234,-1.9439758924917787,-5.215189030351814,0.0
64,70,8,-3.580421750792854,1.637355715759536,-6.7896389536815445,-0.37120454790416346,-5.2177774665523895,0.0
117,24,18,-4.259333980742224,0.9592232069863871,-6.139411466435543,-2.3792564950489057,-5.218557187728611,0.0
60,80,20,-4.536209987721035,0.6844595754440223,-5.877750755591318,-3.1946692198507516,-5.220669563165058,0.0
60,80,56,-4.412790178518957,0.8242517152799886,-6.028323540467735,-2.7972568165701794,-5.237041893798946,0.0
80,99,46,-4.269300507847107,0.9749205246876287,-6.180144736234859,-2.3584562794593547,-5.244221032534735,0.0
80,117,10,-4.12875115741712,1.1191023142415466,-6.32219169333055,-1.9353106215036884,-5.247853471658666,0.0
117,32,17,-3.8960697942685076,1.3563909980660238,-6.554596150477915,-1.237543438059101,-5.2524607923345314,0.0
80,24,50,-4.592866419128045,0.6628953292753003,-5.892141264507634,-3.2935915737484565,-5.255761748403345,0.0
36,70,22,-3.128595384125551,2.1290432012246976,-7.301520058525959,1.0443292902748564,-5.257638585350248,0.0
38,117,7,-3.450143925069367,1.8194915825584475,-7.016347426883923,0.11605957674518974,-5.2696355076278145,0.0
64,80,1,-4.262104241167698,1.0102558269160413,-6.242205661923139,-2.282002820412257,-5.2723600680837395,0.0
36,45,10,-4.101240807882292,1.1897323464015548,-6.4331162068293395,-1.7693654089352449,-5.290973154283847,0.0
64,43,51,-4.149147387446334,1.1423916785581776,-6.388235077420362,-1.9100596974723056,-5.291539066004511,0.0
36,60,1,-4.451337942582429,0.848851268071837,-6.115086428003229,-2.787589457161628,-5.300189210654265,0.0
80,45,50,-4.142501804785628,1.1691988121457717,-6.4341314765913395,-1.8508721329799154,-5.311700616931399,0.0
6,64,55,-4.059369891071018,1.2545219715920801,-6.518232955391495,-1.6005068267505411,-5.313891862663098,0.0
60,45,39,-4.536351603123853,0.7791367480211006,-6.06345962924521,-3.009243577002496,-5.315488351144953,0.0
111,36,9,-4.541920927654524,0.7741678741684261,-6.059289961024639,-3.024551894284409,-5.31608880182295,0.0
60,82,38,-4.654248138401582,0.6756741596619735,-5.97856949133905,-3.3299267854641137,-5.329922298063555,0.0
70,82,30,-3.944563178082968,1.3876634070550018,-6.664383455910771,-1.2247429002551646,-5.3322265851379695,0.0
64,43,9,-4.624655742554876,0.707695972624664,-6.011739848899217,-3.237571636210535,-5.33235171517954,0.0
43,45,46,-4.685043226097096,0.6603552350322686,-5.979339486760343,-3.3907469654338493,-5.345398461129364,0.0
36,64,12,-4.062927092809251,1.2851144301665332,-6.5817513759356565,-1.5441028096828462,-5.348041522975784,0.0
104,82,23,-4.583625435395879,0.7680428853778728,-6.08898949073651,-3.078261380055248,-5.351668320773752,0.0
60,43,26,-4.714937102179201,0.63871455843195,-5.966817636705823,-3.463056567652579,-5.353651660611151,0.0
111,6,25,-4.563071407927932,0.7930845652898744,-6.117517155896086,-3.0086256599597787,-5.356155973217806,0.0
60,99,54,-4.557130406428047,0.8199683351087143,-6.164268343241126,-2.949992469614967,-5.377098741536761,0.0
82,45,39,-4.442504554905183,0.9419042932661976,-6.28863696970693,-2.596372140103435,-5.384408848171381,0.0
38,60,20,-4.293774679767547,1.094927924532459,-6.439833411851167,-2.1477159476839276,-5.388702604300006,0.0
60,99,5,-4.692424213663715,0.6965288138498201,-6.057620688809362,-3.3272277385180677,-5.388953027513535,0.0
6,6,5,-2.5471354705021896,2.848460452291214,-8.130117956992969,3.03584701598859,-5.395595922793404,0.01
36,68,24,-4.374712486248893,1.0245609947471135,-6.382852035953236,-2.366572936544551,-5.399273480996007,0.0
38,60,54,-4.48171444756291,0.9199959744660918,-6.284906557516449,-2.67852233760937,-5.4017104220290015,0.0
6,36,37,-2.4784091307547738,2.9273375848744396,-8.215990797108676,3.2591725355991277,-5.405746715629213,0.02
6,82,15,-3.906757281413555,1.4992184429698732,-6.845225429634507,-0.9682891331926036,-5.405975724383428,0.0
64,80,25,-4.690535654763412,0.722607882803694,-6.106847105058653,-3.2742242044681715,-5.413143537567106,0.0
80,99,38,-4.492184801344806,0.9264397897254818,-6.30800678920675,-2.676362813482861,-5.418624591070287,0.0
111,117,17,-4.4648071135258185,0.9544680327002725,-6.335564457618353,-2.5940497694332842,-5.419275146226091,0.0
36,64,19,-4.007971132639715,1.4146695647136676,-6.780723479478503,-1.2352187858009263,-5.4226406973533825,0.0
60,117,35,-4.8059038082417915,0.6238855708915324,-6.028719527189195,-3.583088089294388,-5.429789379133324,0.0
36,82,1,-3.93613646678231,1.5020777457200478,-6.880208848393604,-0.9920640851710165,-5.438214212502357,0.0
6,82,1,-3.838586271404934,1.602849388443675,-6.980171072754537,-0.6970014700553309,-5.441435659848609,0.0
60,45,45,-4.824523886650483,0.6215307792013534,-6.042724213885135,-3.6063235594158303,-5.446054665851836,0.0
36,64,45,-4.031350044047341,1.418207769508163,-6.81103727228334,-1.2516628158113412,-5.449557813555503,0.0
111,38,18,-4.3027491654613295,1.1482985263912031,-6.553414277188088,-2.0520840537345713,-5.451047691852533,0.0
64,99,54,-4.668199243375284,0.7882712918664858,-6.213210975433596,-3.1231875113169716,-5.4564705352417695,0.0
82,43,31,-4.460146618341769,0.9964016089486746,-6.4130937718811705,-2.5071994648023668,-5.456548227290443,0.0
64,43,8,-4.6892974902224855,0.7673944362159149,-6.1933905852056785,-3.1852043952392926,-5.456691926438401,0.0
43,45,51,-4.426631821334818,1.0302594984570121,-6.445940438310562,-2.4073232043590744,-5.456891319791831,0.0
70,6,45,-3.267734219069771,2.2042347778127196,-7.588034383582701,1.0525659454431588,-5.471968996882491,0.0
60,80,26,-4.610903488169504,0.8620734434701008,-6.300567437370902,-2.9212395389681065,-5.4729769316396055,0.0
82,45,57,-4.500945629091416,0.9892879768276007,-6.439950063673513,-2.561941194509319,-5.490233605919017,0.0
70,45,43,-4.196732518461056,1.297792560063622,-6.740405936185756,-1.6530591007363573,-5.494525078524678,0.0
64,43,56,-4.612650418759218,0.898157696832668,-6.373039504551247,-2.8522613329671884,-5.510808115591886,0.0
64,6,56,-4.392895515232063,1.122713442567641,-6.593413862664638,-2.1923771677994863,-5.515608957799704,0.0
43,45,29,-4.8550306256111595,0.6646802331085736,-6.157803882503964,-3.5522573687183554,-5.519710858719733,0.0
60,117,11,-4.727860120805387,0.7931130278089591,-6.282361655310947,-3.173358586299827,-5.520973148614345,0.0
111,36,1,-4.640611171879084,0.8849693232051704,-6.375151045361218,-2.90607129839695,-5.525580495084254,0.0
80,24,29,-4.73666434015853,0.7912444306841103,-6.287503424299386,-3.185825256017674,-5.52790877084264,0.0
99,82,38,-4.964123907466892,0.567590340450055,-6.076600974748999,-3.851646840184784,-5.5317142479169465,0.0
117,18,17,-4.538500858021739,0.994066481395307,-6.48687116155654,-2.5901305544869375,-5.532567339417046,0.0
6,70,45,-3.3021477956518943,2.239195085178242,-7.690970162601248,1.0866745712974595,-5.541342880830136,0.0
60,80,38,-4.923418404876371,0.6187337604899491,-6.136136575436671,-3.710700234316071,-5.54215216536632,0.0
60,45,29,-4.720290163545269,0.8393167372758968,-6.365350968606027,-3.0752293584845116,-5.559606900821166,0.0
60,80,17,-4.81670728134472,0.7816057502695322,-6.348654551873003,-3.284760010816437,-5.598313031614252,0.0
70,82,12,-3.6181704337896936,1.9850786959247841,-7.50892467780227,0.272583810222883,-5.603249129714477,0.0
60,99,37,-4.871382549235922,0.7523959293897112,-6.346078570839756,-3.396686527632088,-5.623778478625633,0.0
70,82,18,-3.9970763704377545,1.6296809278927022,-7.19125098910745,-0.8029017517680583,-5.626757298330457,0.0
104,82,31,-4.514381113992624,1.117132632337601,-6.703961073374322,-2.3248011546109266,-5.631513746330225,0.0
111,6,1,-4.763339735793857,0.8781275389079527,-6.4844697120534445,-3.04220975953427,-5.64146727470181,0.0
82,45,48,-4.724524635762866,0.9255914273078264,-6.538683833286206,-2.910365438239526,-5.650116063070692,0.0
60,32,36,-4.765386183562899,0.8865270536090735,-6.502979208636683,-3.0277931584891147,-5.651913237171972,0.0
36,45,33,-4.5174697654403575,1.1370395097408381,-6.7460672045324,-2.2888723263483146,-5.654509275181196,0.0
111,32,58,-4.596725960543758,1.0660553630710263,-6.686194472162969,-2.507257448924546,-5.662781323614784,0.0
37,75,37,-4.684247042823922,0.9795020406298418,-6.604071042458412,-2.7644230431894323,-5.663749083453764,0.0
117,24,38,-5.058680751583832,0.6077591093686092,-6.249888605946307,-3.8674728972213583,-5.666439860952441,0.0
38,32,58,-3.908790623497566,1.7783100833962155,-7.394278386954149,-0.4233028600409834,-5.687100706893782,0.0
6,6,39,-3.219065868874396,2.4737887048203993,-8.067691730322379,1.6295599925735864,-5.692854573694795,0.0
64,99,23,-4.720573963368256,0.9824635757487921,-6.646202571835889,-2.794945354900624,-5.703037539117048,0.0
117,24,31,-4.705708542171763,1.0033136247822196,-6.672203246744914,-2.7392138375986126,-5.709022166953982,0.0
60,117,54,-5.217007619546279,0.5008077476629819,-6.198590804965724,-4.235424434126834,-5.717815367209261,0.0
6,6,48,-2.8155619038377306,2.904395050395613,-8.508176202613132,2.877052394937671,-5.719956954233344,0.01
80,82,9,-5.1478027937555275,0.5756056036058773,-6.275989776823047,-4.019615810688008,-5.723408397361405,0.0
64,82,19,-4.494769476062754,1.2397015434112355,-6.924584501148776,-2.0649544509767326,-5.73447101947399,0.0
111,99,51,-4.602249972362056,1.1375783665867476,-6.831903570872082,-2.372596373852031,-5.739828338948804,0.0
99,68,40,-4.9795576242530775,0.7641165997839516,-6.477226159829622,-3.4818890886765326,-5.743674224037029,0.0
111,64,6,-4.459663039646942,1.2861725129784896,-6.980561165084781,-1.9387649142091021,-5.745835552625431,0.0
45,6,33,-4.451237465843161,1.3010745898908542,-7.001343662029235,-1.9011312696570872,-5.7523120557340155,0.0
111,36,24,-4.953307728819683,0.8002606142969207,-6.521818532841648,-3.384796924797719,-5.753568343116604,0.0
117,24,48,-4.759757363912026,0.9970279384704964,-6.7139321233141995,-2.805582604509853,-5.756785302382522,0.0
60,117,42,-5.057890017539185,0.716089918304405,-6.461426257415819,-3.6543537776625508,-5.77397993584359,0.0
43,45,32,-5.102670108153077,0.6775027897831843,-6.430575576128119,-3.774764640178036,-5.780172897936262,0.0
82,45,27,-4.642070484098377,1.1393810363711514,-6.875257315385833,-2.4088836528109203,-5.7814515204695285,0.0
99,24,32,-5.0518955327110815,0.7347968054833567,-6.49209727145846,-3.6116937939637026,-5.786692338194438,0.0
64,6,20,-4.706476016422175,1.092552021669766,-6.847877978894916,-2.565074053949434,-5.799028038091941,0.0
111,82,55,-4.90132689898548,0.9001506751234044,-6.665622222227352,-3.1370315757436074,-5.801477574108884,0.0
111,117,7,-5.00202962096604,0.8017887657338577,-6.573535601804401,-3.430523640127679,-5.803818386699898,0.0
60,43,49,-5.2428813654695565,0.574777218266982,-6.369444713272841,-4.116318017666272,-5.817658583736539,0.0
99,82,40,-5.037113521498153,0.7821280939656194,-6.570084585670767,-3.504142457325539,-5.819241615463772,0.0
60,117,53,-5.258451743227727,0.5662157640576638,-6.368234640780749,-4.148668845674706,-5.824667507285391,0.0
38,60,53,-4.9386853716124905,0.8891275807881961,-6.681375429957355,-3.195995313267626,-5.827812952400687,0.0
64,43,37,-5.186200738455275,0.6489831219988296,-6.458207657572981,-3.9141938193375694,-5.835183860454105,0.0
60,99,29,-4.998546126873968,0.8370034529256992,-6.639072894608339,-3.3580193591395977,-5.835549579799667,0.0
99,43,14,-4.915941381379795,0.9244233615101106,-6.727811169939612,-3.1040715928199787,-5.840364742889906,0.0
6,36,16,-3.200897482676048,2.6398194629501903,-8.374943630058421,1.9731486647063248,-5.840716945626238,0.0
74,117,47,-4.878157880759955,0.9662860086956717,-6.772078457803471,-2.984237303716438,-5.8444438894556265,0.0
80,24,33,-5.115624637862885,0.7357648863197529,-6.5577238150496004,-3.673525460676169,-5.851389524182638,0.0
60,32,2,-4.823036033209377,1.02928288434543,-6.84043048652642,-2.8056415798923338,-5.852318917554807,0.0
99,82,47,-5.195191330889664,0.6593332922561516,-6.487484583711721,-3.9028980780676066,-5.8545246231458155,0.0
74,37,53,-4.915772575768002,0.9406469780504009,-6.759440652746788,-3.072104498789216,-5.8564195538184025,0.0
82,45,14,-4.9278009012025805,0.929209401893465,-6.749051328913772,-3.106550473491389,-5.857010303096046,0.0
70,45,6,-3.9542862456293095,1.9041967361306649,-7.686511848445413,-0.2220606428132066,-5.858482981759974,0.0
117,24,32,-5.094860882862499,0.7787829849300711,-6.621275533325439,-3.56844623239956,-5.873643867792571,0.0
80,32,23,-4.475330177245614,1.3994753586419142,-7.218301880183766,-1.7323584743074623,-5.874805535887528,0.0
117,24,55,-4.937104135862977,0.9403837143945585,-6.780256216076311,-3.093952055649642,-5.877487850257535,0.0
60,43,17,-5.30446032186068,0.5884677797973213,-6.45785717026343,-4.15106347345793,-5.8929281016580015,0.0
6,36,31,-3.246814358085814,2.689305146051284,-8.517852444346332,2.024223728174703,-5.936119504137098,0.02
64,70,47,-4.286397117061493,1.65161857663421,-7.523569527264545,-1.0492247068584413,-5.938015693695703,0.0
104,82,45,-4.950501808539476,0.9898368914346349,-6.890582115751361,-3.010421501327592,-5.940338699974111,0.0
60,82,50,-5.239669272215629,0.7008686478428365,-6.613371821987588,-3.8659667224436696,-5.940537920058466,0.0
6,70,42,-4.154343241903966,1.786345001058743,-7.655579443979102,-0.6531070398288299,-5.940688242962709,0.0
6,36,4,-3.5816350689599825,2.376272542572847,-8.239129252402762,1.0758591144827974,-5.957907611532829,0.0
111,82,25,-5.155146131520165,0.8140345847019381,-6.7506539175359634,-3.559638345504366,-5.969180716222103,0.0
36,60,25,-5.188984782223488,0.7926334913262412,-6.742546425222921,-3.6354231392240557,-5.98161827354973,0.0
36,80,1,-4.594375511222368,1.4016985409343723,-7.341704651453737,-1.847046370990998,-5.99607405215674,0.0
60,80,11,-5.088825623477413,0.9112010259289769,-6.874779634298207,-3.302871612656618,-6.00002664940639,0.0
80,45,29,-5.118259560362383,0.8819520010708864,-6.846885482461321,-3.3896336382634455,-6.00021156143327,0.0
117,24,5,-5.139052680530308,0.8613752007010625,-6.827348073904391,-3.4507572871562253,-6.000427881231371,0.0
74,18,33,-5.437334067117555,0.572256915215537,-6.558957620940007,-4.315710513295103,-6.009590982333092,0.0
60,6,9,-5.3822130585717645,0.6282673453558723,-6.613617055469274,-4.150809061674255,-6.0104804039276365,0.0
80,117,51,-5.138741851845417,0.8889700773582996,-6.881123203467684,-3.3963605002231496,-6.027711929203717,0.0
82,43,25,-4.851084113819776,1.1870314737735694,-7.177665802415972,-2.52450242522358,-6.038115587593346,0.0
68,45,15,-5.2193186582312805,0.8313681532494906,-6.848800238600282,-3.5898370778622786,-6.050686811480771,0.0
64,80,0,-5.257693969163431,0.79715834515847,-6.820124325674032,-3.69526361265283,-6.054852314321901,0.0
111,68,40,-5.3045854454412105,0.75653534542466,-6.787394722473544,-3.821776168408877,-6.06112079086587,0.0
6,64,27,-4.677140726062825,1.391682457297986,-7.404838342366878,-1.9494431097587719,-6.068823183360811,0.0
64,60,9,-5.603212836526848,0.4814496347398381,-6.54685412061693,-4.659571552436765,-6.084662471266686,0.0
60,45,26,-5.286830800470012,0.7994445609497334,-6.853742139931489,-3.719919461008535,-6.086275361419745,0.0
60,80,36,-5.373153112710923,0.721195569863439,-6.786696429643263,-3.959609795778582,-6.094348682574362,0.0
32,18,52,-4.698498498603502,1.4002750343151003,-7.443037565861099,-1.9539594313459059,-6.098773532918603,0.0
82,45,12,-4.645403061128795,1.4683680762448916,-7.523404490568783,-1.767401631688808,-6.113771137373687,0.0
80,43,9,-5.6869361561104315,0.43199618286144775,-6.533648674518869,-4.840223637701994,-6.118932338971879,0.0
60,117,28,-5.339298751105147,0.7863723271112402,-6.880588512243178,-3.7980089899671166,-6.125671078216388,0.0
60,99,43,-5.33632587855321,0.795248601122555,-6.895013136753418,-3.7776386203530024,-6.131574479675765,0.0
99,43,39,-4.918032716980568,1.2225211811108445,-7.314174231957823,-2.5218912020033133,-6.140553898091413,0.0
60,43,37,-5.656874922237615,0.5005175570399802,-6.637889334035977,-4.675860510439254,-6.157392479277595,0.0
111,68,17,-5.244066016564153,0.913775412714599,-7.035065825484766,-3.453066207643539,-6.1578414292787516,0.0
6,82,47,-4.886198166893148,1.292653088312807,-7.419798219986249,-2.3525981138000462,-6.178851255205954,0.0
38,32,56,-4.638812726395469,1.5477488803471613,-7.672400531875905,-1.6052249209150329,-6.186561606742631,0.0
60,80,21,-5.5144255131635145,0.6779091205436133,-6.843127389428997,-4.185723636898032,-6.1923346337071274,0.0
80,24,46,-5.532351406541209,0.6639109736455602,-6.833616914886507,-4.231085898195911,-6.196262380186769,0.0
6,45,49,-5.035254528911412,1.1676106842470901,-7.323771470035709,-2.746737587787115,-6.202865213158502,0.0
36,64,33,-5.051125932981878,1.1569490766613142,-7.3187461232380535,-2.7835057427257026,-6.208075009643192,0.0
111,32,50,-5.215276269705713,0.9931411300778957,-7.161832884658389,-3.2687196547530375,-6.208417399783609,0.0
6,6,52,-3.096711507548378,3.1182706537239824,-9.208521988847384,3.0150989737506273,-6.21498216127236,0.02
38,60,44,-5.344613574290237,0.873735976803928,-7.057136088825937,-3.6320910597545386,-6.218349551094166,0.0
117,99,32,-5.523710877021952,0.696552395673232,-6.888953572541487,-4.158468181502418,-6.220263272695185,0.0
6,68,15,-4.943507641978482,1.2987942075680137,-7.489144288811789,-2.3978709951451753,-6.242301849546496,0.0
64,80,9,-5.66739130296159,0.5822227902002851,-6.808547971754149,-4.526234634169032,-6.249614093161876,0.0
111,36,40,-5.465541384382585,0.7922915397554803,-7.018432802303327,-3.912649966461844,-6.257832924138065,0.0
82,45,41,-5.472308396851467,0.787410398409641,-7.015632777734363,-3.928984015968571,-6.259718795261108,0.0
80,24,5,-5.447099083558673,0.8193376868628922,-7.053000949809942,-3.841197217307404,-6.266436770421564,0.0
60,32,39,-5.177496921083918,1.1190896332828553,-7.370912602318315,-2.984081239849522,-6.296586554366773,0.0
70,82,13,-4.270031023936662,2.0284124677247695,-8.24571946067721,-0.29434258719611384,-6.298443491661431,0.0
64,6,14,-4.857937621766103,1.4433240919730643,-7.686852842033309,-2.029022401498897,-6.3012617137391675,0.0
104,6,53,-5.0759853016807215,1.2274971308957787,-7.481879678236448,-2.6700909251249954,-6.3034824325765,0.0
6,64,26,-5.082456312185201,1.224906630912092,-7.483273308772901,-2.6816393155975007,-6.307362943097293,0.0
6,82,16,-5.258142203168142,1.0504424399907473,-7.317009385550007,-3.1992750207862777,-6.3085846431588894,0.0
80,45,15,-5.481743399364906,0.8344670467006421,-7.1172988108981645,-3.846187987831648,-6.316210446065549,0.0
36,104,53,-5.118298108329743,1.201179811154382,-7.472610538192331,-2.763985678467154,-6.319477919484125,0.0
117,32,51,-5.251454036711919,1.0723104221101898,-7.35318246404789,-3.1497256093759467,-6.323764458822108,0.0
80,32,33,-5.320282558637178,1.0098234820696332,-7.299536583493659,-3.3410285337806966,-6.330106040706811,0.0
60,68,24,-5.718781456215595,0.6263573985158454,-6.946441957306652,-4.491120955124538,-6.345138854731441,0.0
36,68,21,-5.166560504983418,1.1793130718613003,-7.478014125831567,-2.8551068841352696,-6.345873576844719,0.0
80,24,37,-5.509984739349691,0.8379640572184662,-7.152394291497885,-3.8675751872014974,-6.347948796568157,0.0
64,60,32,-5.779970144151951,0.5831254377214721,-6.922896002086037,-4.637044286217866,-6.363095581873424,0.0
111,24,28,-5.636178810384684,0.7277503903634477,-7.062569575497042,-4.209788045272326,-6.363929200748132,0.0
80,24,30,-5.467897515272283,0.9072407904711002,-7.24608946459564,-3.689705565948927,-6.375138305743383,0.0
60,45,8,-5.50253295268684,0.8797018819326963,-7.2267486412749244,-3.7783172640987557,-6.382234834619537,0.0
80,32,18,-5.010416888823072,1.3820329142963235,-7.7192014008438665,-2.3016323768022784,-6.392449803119396,0.0
60,80,48,-5.80877170269188,0.5897352366278787,-6.964652766482522,-4.652890638901238,-6.398506939319759,0.0
60,80,39,-5.642032745776302,0.7609946702321301,-7.133582299431278,-4.150483192121327,-6.403027416008433,0.0
111,6,51,-5.477636502127715,0.928861420054151,-7.298204885433851,-3.657068118821579,-6.406497922181866,0.0
68,6,15,-5.121243811647827,1.2864502253060643,-7.642686253247713,-2.599801370047941,-6.407694036953892,0.0
80,45,40,-5.544815437917999,0.864329021297507,-7.238900319661113,-3.850730556174885,-6.409144459215506,0.0
38,60,30,-5.2765099568032845,1.1595363347875944,-7.54920117298697,-3.0038187406195993,-6.436046291590879,0.0
111,68,30,-5.861302422717179,0.5812975555892108,-7.0006456316720325,-4.721959213762325,-6.44259997830639,0.0
6,36,57,-3.860193683366011,2.5937820041132063,-8.944006411427896,1.2236190446958735,-6.453975687479217,0.0
60,45,6,-5.614347745563001,0.8476527669566385,-7.275747168798013,-3.9529483223279898,-6.46200051251964,0.0
104,82,15,-5.588063842468918,0.8757872669515906,-7.304606885694035,-3.8715207992438003,-6.463851109420508,0.0
111,68,25,-5.847261850790742,0.6291229128002145,-7.080342759879162,-4.6141809417023225,-6.476384763590957,0.0
6,6,55,-3.6000542347647255,2.8843877807402922,-9.253454285015698,2.053345815486247,-6.484442015505017,0.0
111,64,41,-5.48371021589886,1.0037538514140334,-7.451067764670365,-3.5163526671273546,-6.487464067312893,0.0
111,6,15,-5.528870266502949,0.9606774112969235,-7.411797992644919,-3.645942540360979,-6.489547677799872,0.0
36,45,30,-5.40895468879459,1.0829619397528207,-7.531560090710118,-3.2863492868790614,-6.49191662854741,0.0
60,99,41,-5.629992782915074,0.8693160999302479,-7.333852338778359,-3.926133227051788,-6.499308882845321,0.0
60,117,33,-5.873287847040332,0.6260575548503526,-7.100360654547023,-4.64621503953364,-6.499345401890684,0.0
111,68,24,-5.888887676017812,0.610539746919288,-7.085545579979616,-4.692229772056008,-6.4994274229371,0.0
6,68,20,-5.535976018011461,0.9709997541623948,-7.439135536169755,-3.632816499853168,-6.506975772173856,0.0
111,6,38,-5.640430839315273,0.8695230037171856,-7.344695926600957,-3.9361657520295887,-6.509953843032458,0.0
64,60,42,-5.886186360272859,0.6310632744281695,-7.123070378152072,-4.649302342393646,-6.517249634701028,0.0
111,24,55,-5.698661758399315,0.8248634376556968,-7.315394096204481,-4.081929420594149,-6.5235251960550125,0.0
82,45,33,-5.532587185172275,1.010826923922924,-7.513807956061206,-3.5513664142833443,-6.543414109095199,0.0
111,24,56,-5.80937895015444,0.7368439109638448,-7.253593015643576,-4.365164884665305,-6.546222861118285,0.0
60,80,5,-5.909295658567924,0.6408760248049998,-7.1654126671857234,-4.653178649950124,-6.550171683372923,0.0
68,70,41,-4.603803383808597,1.9547025580865256,-8.435020397658187,-0.7725863699590074,-6.558505941895123,0.0
80,45,32,-5.829549337843251,0.743937578011644,-7.287666990746073,-4.371431684940429,-6.573486915854895,0.0
111,68,18,-5.682662382972461,0.9053206113996806,-7.457090781315835,-3.9082339846290877,-6.587982994372142,0.0
111,38,22,-5.534753604171932,1.0646453014107617,-7.621458394937026,-3.448048813406839,-6.599398905582694,0.0
64,6,33,-5.17982866167421,1.4247323735073056,-7.972304113748529,-2.3873532095998913,-6.604561035181516,0.0
60,82,58,-5.98389999754745,0.6234595795100437,-7.205880773387136,-4.761919221707764,-6.607359577057494,0.0
117,24,49,-5.720065616504845,0.8880169213652706,-7.460578782380775,-3.979552450628915,-6.608082537870116,0.0
111,68,32,-6.0579345543929115,0.5524017620112793,-7.1406420079350195,-4.9752271008508036,-6.610336316404191,0.0
68,45,56,-5.763989921160644,0.8630137189835849,-7.455496810368471,-4.072483031952817,-6.627003640144229,0.0
64,99,46,-5.882160622765373,0.7486920414694966,-7.349597024045587,-4.41472422148516,-6.63085266423487,0.0
80,24,10,-5.868806992461938,0.7628403956192976,-7.363974167875761,-4.373639817048114,-6.631647388081236,0.0
111,82,4,-5.990282576947413,0.6637771117067963,-7.291285715892734,-4.689279438002092,-6.654059688654209,0.0
99,82,35,-5.897747210526283,0.7685615464289829,-7.40412784152709,-4.391366579525477,-6.666308756955266,0.0
60,82,26,-6.015261296228463,0.6515683020189571,-7.292335168185619,-4.738187424271307,-6.6668295982474195,0.0
74,18,52,-5.883736634096619,0.785775739146214,-7.423857082823198,-4.343616185370039,-6.669512373242832,0.0
68,45,33,-5.764431238754103,0.9084655226853752,-7.545023663217438,-3.9838388142907677,-6.672896761439478,0.0
60,82,47,-6.304606631070685,0.37598194808134533,-7.041531249310122,-5.5676820128312485,-6.6805885791520305,0.0
64,6,30,-5.725004853281103,0.9667292239141626,-7.619794132152862,-3.830215574409344,-6.691734077195266,0.0
80,32,39,-5.474822474157025,1.2171374405240434,-7.86041185758415,-3.0892330907299,-6.691959914681068,0.0
80,32,12,-5.2964483429960385,1.399932962778273,-8.040316950041454,-2.5525797359506233,-6.696381305774311,0.0
60,117,3,-6.13988622178805,0.5566145086397969,-7.230850658722051,-5.048921784854048,-6.6965007304278465,0.0
45,6,42,-5.5390822492986,1.1580664759705215,-7.808892542200822,-3.269271956396378,-6.6971487252691215,0.0
80,32,27,-5.413312591524081,1.2841794974091079,-7.9303044064459325,-2.8963207766022294,-6.697492088933188,0.0
38,32,35,-4.849376750910932,1.849513626839134,-8.474423459515634,-1.2243300423062298,-6.698890377750066,0.0
68,99,53,-5.93176661835702,0.77260678638066,-7.446075919663114,-4.417457317050927,-6.70437340473768,0.0
80,43,32,-6.204099169168233,0.5038685630603046,-7.191681552766429,-5.216516785570036,-6.707967732228537,0.0
74,117,52,-5.838138590186623,0.8698822636345128,-7.543107826910268,-4.133169353462978,-6.708020853821136,0.0
36,82,16,-5.466043867576288,1.2431967628389067,-7.902709522740546,-3.029378212412031,-6.709240630415195,0.0
60,82,52,-5.705089151411358,1.0080437947803789,-7.680854989180901,-3.7293233136418156,-6.713132946191737,0.0
36,64,6,-5.273797745290403,1.4418450776393237,-8.099814097463478,-2.4477813931173285,-6.715642822929727,0.0
80,45,25,-5.823723408001157,0.8938177319160115,-7.575606162556539,-4.071840653445774,-6.717541139917168,0.0
104,70,1,-5.778588408681656,0.9553834234643853,-7.651139918671851,-3.90603689869146,-6.733971832146041,0.0
64,68,9,-6.143180408433413,0.5983931154919774,-7.316030914797689,-4.970329902069138,-6.741573523925391,0.0
68,45,1,-5.9336360339647705,0.814698319597388,-7.530444740375651,-4.33682732755389,-6.748334353562159,0.0
80,45,56,-5.794755609267916,0.9538084524227349,-7.664220176016477,-3.9252910425193557,-6.748564061690652,0.0
82,6,16,-5.450178578559941,1.2999532475418547,-7.998086943741976,-2.9022702133779053,-6.7501318261017955,0.0
104,82,42,-5.667605974706213,1.094433337517751,-7.812695316241005,-3.5225166331714206,-6.762039312223964,0.0
82,6,17,-5.108319894318438,1.672960567984555,-8.387322607568166,-1.8293171810687103,-6.781280462302993,0.0
68,75,53,-6.186068650817987,0.6004286484780363,-7.362908801834938,-5.0092284998010355,-6.786497299296023,0.0
36,68,58,-5.385776416238706,1.4065470614101152,-8.142608656602532,-2.6289441758748797,-6.792323477648821,0.0
82,43,4,-5.853054054253881,0.950035035639712,-7.715122724107716,-3.9909853844000454,-6.803089089893593,0.0
60,117,39,-6.143196014998093,0.6708148508485199,-7.4579931226611915,-4.828398907334995,-6.814010865846613,0.0
117,24,14,-5.8383827534873225,0.9794243112451473,-7.758054403527812,-3.918711103446834,-6.81780706473247,0.0
99,24,53,-6.151228740407378,0.6776479228423952,-7.4794186691784725,-4.823038811636283,-6.828876663249773,0.0
68,45,16,-5.838582146739654,1.001221697383539,-7.80097667361139,-3.8761876198679177,-6.8398038441231925,0.0
70,45,45,-4.958486211575638,1.8817748225273663,-8.646764863729276,-1.270207559422,-6.840261034103004,0.0
60,82,46,-6.320069971179728,0.520682994537394,-7.34060864047302,-5.299531301886436,-6.8407529657171215,0.0
99,82,4,-6.165374526761016,0.6798312596875383,-7.497843795748591,-4.832905257773441,-6.845205786448554,0.0
60,24,58,-6.157390818592921,0.7018953559582545,-7.5331057162711,-4.781675920914742,-6.859286174551175,0.0
36,68,39,-5.588755262548885,1.2723756693697619,-8.082611574513617,-3.0948989505841515,-6.861130931918646,0.0
104,82,30,-5.890295590588745,0.9712157414209329,-7.793878443773774,-3.9867127374037166,-6.861511332009678,0.0
64,80,16,-5.993012552235359,0.8770162604413324,-7.711964422700371,-4.274060681770347,-6.870028812676692,0.0
80,24,14,-5.819315630739687,1.0531459743789442,-7.883481740522417,-3.755149520956956,-6.872461605118631,0.0
80,32,43,-5.527794225653639,1.3501796705151607,-8.174146379863354,-2.881442071443924,-6.8779738961687995,0.0
117,24,54,-6.07231895908612,0.8089993176201322,-7.657957621621579,-4.486680296550661,-6.881318276706252,0.0
80,99,51,-5.887416711312804,0.9945470435896882,-7.8367289167485925,-3.9381045058770154,-6.881963754902492,0.0
60,32,5,-6.092041885622709,0.7961531115226609,-7.652501984207125,-4.531581787038294,-6.88819499714537,0.0
111,36,5,-5.908230789390039,0.9809823577725524,-7.830956210624242,-3.9855053681558363,-6.889213147162591,0.0
60,45,12,-5.889511987009131,1.0008769572806993,-7.851230823279302,-3.9277931507389603,-6.89038894428983,0.0
64,80,47,-5.897410132823694,1.0026732053542702,-7.862649615318063,-3.932170650329325,-6.900083338177964,0.0
111,32,24,-5.877254077595501,1.03207936530533,-7.900129633593949,-3.8543785215970545,-6.909333442900831,0.0
60,82,28,-6.310110821938727,0.6030953200840405,-7.492177649303446,-5.128043994574007,-6.9132061420227675,0.0
111,6,47,-5.940137746666206,0.9773559603520836,-7.85575542895629,-4.024520064376122,-6.91749370701829,0.0
80,99,6,-5.808361998368527,1.1185456647773733,-8.000711501332178,-3.6160124954048753,-6.926907663145901,0.0
36,6,12,-3.661805495847866,3.269131639888851,-10.069303510030014,2.745692518334282,-6.930937135736717,0.02
117,24,45,-6.055503531569528,0.8788974840384289,-7.778142600284848,-4.332864462854207,-6.934401015607957,0.0
82,6,46,-5.603971989032985,1.3614097463956323,-8.272335091968424,-2.9356088860975458,-6.965381735428617,0.0
60,117,12,-6.193379516946085,0.7974281849958555,-7.756338759537962,-4.630420274354209,-6.990807701941941,0.0
74,99,12,-5.9379838568047,1.0556149429518498,-8.006989144990325,-3.8689785686190747,-6.993598799756549,0.0
99,70,24,-5.797189288939789,1.196817622934331,-8.142951829891079,-3.4514267479885,-6.99400691187412,0.0
111,6,23,-6.224139804228955,0.7879266301887329,-7.768475999398871,-4.6798036090590385,-7.0120664344176875,0.0
64,70,22,-5.5544795882355755,1.4582710431249395,-8.412690832760457,-2.696268343710694,-7.012750631360515,0.0
111,68,1,-6.507851342400892,0.5139572270970655,-7.515207507511141,-5.500495177290643,-7.021808569497957,0.0
60,45,11,-6.252658713350535,0.7860552834513469,-7.7933270689151755,-4.711990357785895,-7.038713996801882,0.0
64,6,11,-6.067015253790102,0.9803303424601412,-7.9884627250119795,-4.145567782568225,-7.047345596250244,0.0
111,68,33,-6.354946148647888,0.692494872463797,-7.71223609867693,-4.997656198618846,-7.047441021111685,0.0
64,6,51,-5.749415108633675,1.301999350006971,-8.301333834647338,-3.1974963826200122,-7.051414458640647,0.0
60,99,20,-6.311621253751597,0.7432323818834742,-7.768356722243206,-4.854885785259988,-7.054853635635071,0.0
99,68,57,-6.129578340207453,0.9430691016308517,-7.977993779403922,-4.281162901010983,-7.0726474418383045,0.0
111,6,20,-6.35788729982718,0.7148244114521313,-7.758943146273357,-4.956831453381002,-7.072711711279311,0.0
36,6,47,-4.224838462434913,2.86107578989758,-9.832547010634169,1.3828700857643437,-7.0859142523324925,0.0
111,38,28,-6.112802664307396,0.9736796574801304,-8.021214792968452,-4.204390535646341,-7.086482321787527,0.0
64,99,19,-5.865817882478261,1.2208852373216867,-8.258752947628768,-3.472882817327755,-7.086703119799948,0.0
64,68,57,-5.996421166225867,1.0915960507526556,-8.135949425701071,-3.8568929067506614,-7.088017216978522,0.0
104,60,38,-5.738899736866739,1.3553895678473522,-8.39546328984755,-3.082336183885929,-7.094289304714091,0.0
82,6,13,-5.332005733190416,1.7757869514577176,-8.812548158047543,-1.851463308333289,-7.107792684648134,0.0
64,43,14,-5.99877838567049,1.1091083980544743,-8.17263084585726,-3.8249259254837202,-7.107886783724965,0.0
36,6,11,-4.475210607231388,2.6328106081488896,-9.635519399203211,0.6850981847404354,-7.108021215380278,0.0
60,43,11,-6.643551453839233,0.4767832283754014,-7.57804658145502,-5.709056326223447,-7.120334682214635,0.0
64,82,10,-6.119008640191459,1.0025851583762206,-8.084075550608851,-4.153941729774067,-7.121593798567679,0.0
64,68,40,-6.201806221792856,0.9276560098564836,-8.020012001111564,-4.3836004424741475,-7.129462231649339,0.0
111,82,48,-6.131556566668683,1.0079230280908675,-8.107085701726783,-4.156027431610583,-7.139479594759551,0.0
36,6,45,-4.405980050884868,2.7428019730598945,-9.781871918082262,0.9699118163125249,-7.148782023944763,0.0
68,6,18,-5.394891521286033,1.7554621804327601,-8.835597394934243,-1.9541856476378237,-7.150353701718793,0.0
104,60,23,-5.747716886574425,1.4075761082124132,-8.506566058670755,-2.9888677144780953,-7.155292994786838,0.0
36,68,12,-5.552754165210875,1.603963144543977,-8.69652192851707,-2.4089864019046803,-7.156717309754852,0.0
111,6,56,-6.389725427517064,0.7716880628194883,-7.902234030643261,-4.8772168243908665,-7.161413490336552,0.0
36,60,20,-6.491510041867501,0.6764468677250516,-7.8173459026086025,-5.1656741811264,-7.167956909592553,0.0
60,82,23,-6.368306194111,0.8027629523727927,-7.941721580761674,-4.794890807460326,-7.171069146483792,0.0
6,82,36,-5.643548173432415,1.527646430211577,-8.637735176647105,-2.649361170217724,-7.171194603643992,0.0
111,36,56,-6.307305528760818,0.8782710978931878,-8.028716880631466,-4.58589417689017,-7.185576626654005,0.0
68,45,31,-6.236598881174913,0.9671450112373605,-8.13220310320014,-4.340994659149687,-7.203743892412274,0.0
82,6,31,-5.601190733880038,1.6077060500064717,-8.752294591892722,-2.450086875867354,-7.208896783886511,0.0
38,80,50,-5.452234631320315,1.7690183357701874,-8.919510569429882,-1.9849586932107477,-7.221252967090503,0.0
99,70,9,-6.053680497329606,1.1732659114884867,-8.35328168384704,-3.754079310812172,-7.226946408818092,0.0
68,45,28,-6.319342665896953,0.9092402262147439,-8.101453509277851,-4.5372318225160555,-7.228582892111698,0.0
64,80,48,-6.3417485748482525,0.904610525388258,-8.114785204609237,-4.568711945087267,-7.246359100236511,0.0
68,82,9,-6.35608155661539,0.919322544692305,-8.157953744212307,-4.554209369018472,-7.275404101307695,0.0
82,6,3,-5.525129523324623,1.7522216878242638,-8.95948403146018,-2.0907750151890663,-7.277351211148887,0.0
70,82,8,-5.760015455450802,1.5179226466651417,-8.735143842914479,-2.7848870679871243,-7.277938102115943,0.0
36,82,36,-5.81329886925885,1.4683436442539841,-8.69125241199666,-2.9353453265210416,-7.281642513512835,0.0
80,43,38,-6.843426095919352,0.4393580134262277,-7.704567802234758,-5.9822843896039455,-7.282784109345579,0.0
60,82,56,-6.786457809660061,0.5048196229644314,-7.775904270670347,-5.797011348649775,-7.291277432624493,0.0
117,24,17,-6.385120751966862,0.9225487678617059,-8.193316336975805,-4.576925166957919,-7.3076695198285675,0.0
6,6,19,-4.37823288633293,2.93115646176324,-10.12329955138888,1.36683377872302,-7.30938934809617,0.0
6,36,10,-4.499252561533366,2.8134635086525557,-10.013641038492375,1.0151359154256436,-7.312716070185921,0.0
6,36,6,-4.851429218001491,2.461885987188608,-9.676725752891162,-0.026132683111820043,-7.313315205190099,0.0
117,99,34,-6.5530542871246995,0.7767504885924325,-8.075485244765867,-5.030623329483532,-7.329804775717132,0.0
104,60,44,-6.433262409915669,0.8980072540196268,-8.193356627794136,-4.6731681920372,-7.331269663935295,0.0
70,45,8,-5.751049302795587,1.5824466397610326,-8.85264471672721,-2.649453888863963,-7.3334959425566195,0.0
64,43,41,-6.430415688187294,0.913625177707515,-8.221121036494022,-4.639710339880565,-7.344040865894809,0.0
64,80,36,-6.571010975742831,0.7735698063871268,-8.0872077962616,-5.054814155224062,-7.344580782129958,0.0
68,45,5,-6.358767600859755,0.9865572733250393,-8.292419856576831,-4.425115345142678,-7.3453248741847945,0.0
82,6,36,-5.689235627285847,1.6598166632273326,-8.94247628721142,-2.4359949673602754,-7.34905229051318,0.0
64,60,16,-6.506138235536202,0.846727138827429,-8.165723427637962,-4.846553043434441,-7.352865374363631,0.0
68,70,54,-5.893216554559917,1.460064347903482,-8.754942676450742,-3.031490432669092,-7.353280902463399,0.0
36,6,27,-4.811185865600844,2.5470742188180253,-9.803451334484173,0.18107960328248485,-7.35826008441887,0.01
64,80,38,-6.694764973459224,0.6643026463996397,-7.996798160402517,-5.39273178651593,-7.359067619858863,0.0
104,60,28,-6.200854584378293,1.1606349018075144,-8.475698991921021,-3.9260101768355646,-7.361489486185807,0.0
64,6,49,-6.0815087339459994,1.3030297132107018,-8.635446971838975,-3.527570496053024,-7.384538447156701,0.0
38,80,54,-6.011243537871622,1.3851625978373914,-8.726162229632909,-3.2963248461103354,-7.396406135709014,0.0
38,80,14,-5.850956650389642,1.5537313829383708,-8.896270160948848,-2.805643139830435,-7.4046880333280125,0.0
111,99,52,-6.406175605056235,1.0067013621296697,-8.379310274830388,-4.433040935282082,-7.4128769671859045,0.0
82,43,5,-6.532333698920589,0.8874929823313623,-8.27181994429006,-4.792847453551119,-7.419826681251951,0.0
104,82,5,-6.419297668693978,1.0072649424440108,-8.393536955884239,-4.445058381503717,-7.426562611137989,0.0
111,68,20,-6.634045968469823,0.7925741531369364,-8.187491308618219,-5.080600628321427,-7.426620121606759,0.0
117,43,50,-6.75544910919455,0.6718802847069927,-8.072334467220255,-5.438563751168845,-7.427329393901543,0.0
111,64,7,-5.946124542768384,1.4827100227504746,-8.852236187359313,-3.040012898177454,-7.428834565518859,0.0
36,82,13,-5.593252173312469,1.8533438526849444,-9.22580612457496,-1.9606982220499778,-7.4465960259974135,0.0
60,24,53,-6.823994325018871,0.622732234446947,-8.044549504534887,-5.603439145502855,-7.4467265594658185,0.0
68,6,55,-6.100628043598109,1.3474342812451028,-8.74159923483851,-3.4596568523577074,-7.448062324843211,0.0
104,70,18,-5.501123412275222,1.950685487914744,-9.32446696858812,-1.6777798559623238,-7.451808900189966,0.0
36,60,46,-6.799305310863738,0.6564012229323558,-8.085851707811155,-5.51275891391632,-7.455706533796094,0.0
80,45,42,-6.638036980859967,0.8274008424015332,-8.259742631966972,-5.016331329752962,-7.4654378232615,0.0
117,24,3,-6.633193418865129,0.843063205056704,-8.285597300776269,-4.9807895369539885,-7.476256623921833,0.0
38,80,40,-5.74159557971893,1.7407790337935742,-9.153522485954335,-2.3296686734835244,-7.482374613512504,0.0
111,32,1,-6.555435913003442,0.9349679435626546,-8.387973082386244,-4.722898743620639,-7.490403856566097,0.0
64,60,31,-6.821743695216338,0.6746896460015938,-8.144135401379462,-5.499351989053214,-7.496433341217932,0.0
60,68,58,-7.0791819845793365,0.42041875349434016,-7.9032027414282435,-6.255161227730429,-7.499600738073677,0.0
111,38,45,-6.2915763607415816,1.2102440849363991,-8.663654767216924,-3.919497954266239,-7.50182044567798,0.0
104,82,16,-6.53952495631116,0.9773484472631704,-8.455127912946974,-4.623921999675346,-7.516873403574331,0.0
111,117,51,-6.738046917764315,0.784975222964242,-8.27659835477423,-5.1994954807544005,-7.523022140728557,0.0
117,99,58,-6.24335371409097,1.2800540352904,-8.752259623260155,-3.7344478049217864,-7.52340774938137,0.0
68,6,8,-6.272289983992407,1.2526069661964294,-8.72739963773741,-3.817180330247406,-7.524896950188837,0.0
6,82,40,-6.345881871693749,1.179894776829859,-8.658475634280272,-4.033288109107225,-7.525776648523608,0.0
80,43,5,-6.855951923763445,0.6709590199975779,-8.171031602958697,-5.540872244568193,-7.526910943761023,0.0
80,43,31,-6.815927199875508,0.7188997966676179,-8.224970801344039,-5.406883598406977,-7.534826996543126,0.0
6,36,26,-4.6881633784098105,2.850723566078981,-10.275581567924613,0.8992548111049921,-7.538886944488791,0.0
104,60,58,-6.258809613948586,1.2868757198831524,-8.781086024919563,-3.736533202977607,-7.545685333831738,0.0
68,6,23,-6.261908606130321,1.300288507783616,-8.810474081386207,-3.713343130874434,-7.562197113913937,0.0
36,82,4,-6.172451476203281,1.3926010082588391,-8.901949452390605,-3.4429535000159563,-7.56505248446212,0.0
68,70,11,-5.98376882990552,1.581797044425658,-9.08409103697981,-2.8834466228312303,-7.5655658743311776,0.0
80,45,31,-6.472455449064753,1.095673386777795,-8.61997528714923,-4.324935610980274,-7.568128835842548,0.0
64,6,22,-6.499541347960363,1.0825454823156517,-8.621330493299041,-4.377752202621686,-7.582086830276015,0.0
111,36,43,-6.704803365088853,0.8832185535956696,-8.435911730136366,-4.973695000041341,-7.5880219186845235,0.0
111,24,47,-7.0439130283648375,0.5650841966182207,-8.15147805373655,-5.936348002993125,-7.608997224983058,0.0
70,82,42,-6.109136126262044,1.5003608406641686,-9.049843373963814,-3.1684288785602734,-7.609496966926212,0.0
36,60,38,-6.944280415308398,0.6668250425959257,-8.251257498796413,-5.637303331820384,-7.6111054579043245,0.0
111,36,36,-6.796632651434838,0.8181569653967626,-8.400220303612493,-5.193044999257184,-7.614789616831601,0.0
99,24,40,-6.648666257207523,0.9711769812864324,-8.55217314052893,-4.745159373886116,-7.619843238493956,0.0
99,82,3,-6.494753965403349,1.1280121652469575,-8.705657809287384,-4.283850121519312,-7.622766130650306,0.0
6,68,23,-6.481958778568333,1.1636237620902785,-8.76266135226528,-4.201256204871387,-7.645582540658611,0.0
36,64,13,-5.8149016561370885,1.841922833965305,-9.425070410709086,-2.2047329015650905,-7.656824490102394,0.0
111,38,41,-6.346192354020251,1.3136502422226177,-8.920946828776582,-3.77143787926392,-7.659842596242869,0.0
64,60,14,-7.013812801475647,0.6494589303057066,-8.286752304874833,-5.740873298076463,-7.663271731781354,0.0
111,68,51,-6.541879428552936,1.1263088523894706,-8.749444779236299,-4.334314077869573,-7.668188280942407,0.0
6,43,38,-6.8719087974128845,0.7967128683460352,-8.433466019371114,-5.310351575454655,-7.66862166575892,0.0
80,82,24,-6.825310154780789,0.8565901199813937,-8.50422678994432,-5.146393519617257,-7.6819002747621825,0.0
82,6,0,-6.056508816348496,1.6264323631231754,-9.24431624806992,-2.8687013846270726,-7.682941179471672,0.0
80,45,3,-6.552254497744414,1.1330521501060544,-8.773036711952281,-4.331472283536547,-7.685306647850469,0.0
70,82,3,-6.119412336487586,1.5719237405821782,-9.200382868028655,-3.0384418049465167,-7.691336077069764,0.0
37,75,12,-6.465877534560296,1.2255126646283188,-8.867882357231801,-4.063872711888791,-7.691390199188615,0.0
64,68,1,-6.822657445110899,0.8751669160077147,-8.53798460048602,-5.107330289735778,-7.697824361118613,0.0
68,45,38,-7.026289421151178,0.6734969343191749,-8.346343412416761,-5.706235429885595,-7.699786355470353,0.0
36,60,15,-6.933499287161799,0.7715520761499487,-8.445741356415699,-5.4212572179078995,-7.705051363311747,0.0
111,6,45,-6.6682497174843185,1.0497902734391762,-8.725838653425104,-4.610660781543533,-7.7180399909234945,0.0
60,24,41,-6.969873363002091,0.765224020484218,-8.469712443151158,-5.470034282853024,-7.735097383486309,0.0
64,6,42,-6.695117708819733,1.0446201222480418,-8.742573148425896,-4.647662269213571,-7.739737831067775,0.0
36,104,50,-6.2907407668320205,1.4519096099108892,-9.136483602257364,-3.444997931406678,-7.74265037674291,0.0
68,6,50,-6.28615908216427,1.4615080339624233,-9.150714828730619,-3.42160333559792,-7.747667116126693,0.0
117,43,25,-7.046033003071309,0.7125634097840237,-8.442657286247995,-5.649408719894622,-7.758596412855333,0.0
82,6,40,-6.460723828261079,1.3154641247429806,-9.039033512757321,-3.882414143764837,-7.77618795300406,0.0
43,45,52,-6.969725778026431,0.8076828466039256,-8.552784157370125,-5.386667398682737,-7.777408624630357,0.0
36,60,50,-6.68848870376418,1.089860627635099,-8.824615533928974,-4.552361873599386,-7.778349331399279,0.0
36,82,0,-6.349299842738921,1.4488946274619736,-9.189133312564389,-3.5094663729134523,-7.798194470200894,0.0
68,70,37,-6.538304535376911,1.261106999207082,-9.010074253822792,-4.06653481693103,-7.799411534583993,0.0
104,60,3,-6.305403033775886,1.5055738993065007,-9.256327876416627,-3.354478191135145,-7.810976933082387,0.0
104,6,1,-6.6386274702775605,1.1797967181220612,-8.9510290377968,-4.3262259027583205,-7.8184241883996215,0.0
82,45,22,-7.0533018468917135,0.769075767842584,-8.560690351863178,-5.545913341920249,-7.822377614734298,0.0
64,99,26,-6.604221812072022,1.2193105130165132,-8.994070417584387,-4.214373206559657,-7.823532325088535,0.0
111,36,14,-6.981738259447218,0.842230242039282,-8.63250953384421,-5.3309669850502255,-7.8239685014865,0.0
6,68,8,-6.401881072465851,1.4427567124300573,-9.229684228828763,-3.5740779161029383,-7.844637784895908,0.0
104,82,12,-6.834121480127998,1.0108052605714215,-8.815299790847984,-4.852943169408013,-7.84492674069942,0.0
82,43,30,-6.882597103125424,0.9658382920977509,-8.775640155637015,-4.989554050613833,-7.848435395223175,0.0
68,45,29,-7.174951065838002,0.6793806423891995,-8.506537124920833,-5.843365006755171,-7.8543317082272015,0.0
111,36,7,-6.9252230309323455,0.9328119358244986,-8.753534425148363,-5.096911636716328,-7.858034966756844,0.0
6,68,4,-6.452391812634015,1.4079615600429767,-9.21199647031825,-3.6927871549497806,-7.860353372676991,0.0
99,82,48,-6.757683818074523,1.1074975425414177,-8.928379001455703,-4.586988634693344,-7.86518136061594,0.0
111,24,39,-7.1845553956521115,0.6817966558890084,-8.520876841194568,-5.848233950109655,-7.86635205154112,0.0
6,104,1,-6.707928311560969,1.165356649406293,-8.992027344397304,-4.423829278724634,-7.873284960967262,0.0
80,45,17,-6.483668168534249,1.4013405924505167,-9.230295729737263,-3.7370406073312368,-7.885008760984766,0.0
38,60,51,-7.007000548362761,0.8821366366694856,-8.735988356234953,-5.278012740490569,-7.889137185032247,0.0
38,80,33,-6.211701423272224,1.6792127352068011,-9.502958384277555,-2.920444462266894,-7.890914158479025,0.0
64,68,8,-6.845486233987646,1.0455280974932952,-8.894721305074505,-4.796251162900788,-7.891014331480942,0.0
80,45,2,-6.931383942040711,0.9614153033537143,-8.815757936613991,-5.047009947467431,-7.892799245394425,0.0
36,6,26,-5.032310403029891,2.8612558209126053,-10.640371812018596,0.5757510059588151,-7.893566223942496,0.0
6,64,10,-6.55458459797278,1.3548189498080365,-9.210029739596532,-3.8991394563490283,-7.9094035477808164,0.0
68,45,35,-7.041062643251143,0.8795948120064192,-8.765068474783725,-5.317056811718562,-7.920657455257563,0.0
36,80,29,-6.90994748967487,1.0428223132355463,-8.953879223616541,-4.8660157557331996,-7.952769802910416,0.0
82,43,44,-7.107594545810525,0.8470223611406789,-8.767758373646256,-5.447430717974795,-7.9546169069512045,0.0
36,64,42,-6.755345566323046,1.2009559628528423,-9.109219253514617,-4.401471879131476,-7.956301529175889,0.0
60,82,8,-7.211059069865103,0.755817149051778,-8.692460682006587,-5.729657457723618,-7.96687621891688,0.0
80,24,39,-7.008022995361124,0.9598913831921626,-8.889410106417763,-5.126635884304485,-7.967914378553286,0.0
68,6,54,-6.761910951958265,1.2085834347261026,-9.130734484021426,-4.393087419895105,-7.9704943866843685,0.0
36,60,0,-7.225926098885193,0.7448610208257331,-8.68585369970363,-5.765998498066756,-7.970787119710926,0.0
117,24,52,-7.2586621327247585,0.7267164118795179,-8.683026300008613,-5.8342979654409035,-7.985378544604276,0.0
104,82,8,-6.997116122985579,0.9935447167640888,-8.944463767843192,-5.049768478127965,-7.990660839749668,0.0
36,68,50,-6.372171464961322,1.6276154855119773,-9.562297816564797,-3.1820451133578462,-7.999786950473299,0.0
80,45,48,-6.931672285935138,1.074089345747377,-9.036887403599996,-4.826457168270279,-8.005761631682514,0.0
111,24,27,-7.4499759655305064,0.5607266180952899,-8.549000136997275,-6.3509517940637386,-8.010702583625797,0.0
117,99,36,-6.976057692024833,1.0491954011400868,-9.032480678259404,-4.919634705790263,-8.02525309316492,0.0
68,45,51,-6.757668741534984,1.2871089376790454,-9.280402259385912,-4.234935223684055,-8.044777679214029,0.0
74,32,52,-7.058673102291707,0.9948439451993266,-9.008567234882388,-5.108778969701027,-8.053517047491034,0.0
111,6,29,-7.270311330720048,0.7919004388160596,-8.822436190799525,-5.718186470640571,-8.062211769536107,0.0
64,80,51,-7.312391088192673,0.7551015092914398,-8.792390046403895,-5.83239212998145,-8.067492597484112,0.0
104,70,7,-6.80460423544594,1.267509140375606,-9.288922150582128,-4.320286320309753,-8.072113375821546,0.0
68,75,33,-7.452342305925246,0.6426686591833022,-8.711972877924518,-6.192711733925973,-8.095010965108548,0.0
70,82,2,-6.290508780395027,1.8071111097169104,-9.832446555440171,-2.7485710053498824,-8.097619890111938,0.0
99,6,21,-7.04440417450636,1.0718528214686658,-9.145235704584945,-4.943572644427775,-8.116256995975025,0.0
64,80,7,-7.222183871851604,0.8952463869945325,-8.976866790360887,-5.46750095334232,-8.117430258846136,0.0
111,24,14,-7.310081286501912,0.8341407466902341,-8.944997150014771,-5.675165422989053,-8.144222033192147,0.0
68,82,18,-6.310702619343273,1.837298552482239,-9.911807782208461,-2.7095974564780843,-8.148001171825511,0.0
82,43,32,-7.574434208267979,0.5933270992377939,-8.737355322774055,-6.4115130937619025,-8.167761307505772,0.0
80,45,30,-6.994737078391119,1.1794926816175129,-9.306542734361445,-4.682931422420793,-8.174229760008632,0.0
82,43,55,-7.227984227644591,0.9571361263860904,-9.103971035361328,-5.351997419927854,-8.185120354030682,0.0
104,60,52,-6.928505557024641,1.276605317264506,-9.430651978863072,-4.4263591351862095,-8.205110874289147,0.0
117,43,56,-7.4997937584686465,0.7055297374042953,-8.882632043781065,-6.116955473156228,-8.205323495872943,0.0
38,60,12,-7.12953274347612,1.0758441455127337,-9.238187268681077,-5.020878218271163,-8.205376888988853,0.0
60,68,57,-7.627268877945651,0.5854028311335623,-8.774658426967433,-6.479879328923869,-8.212671709079213,0.0
6,82,44,-6.892503240978401,1.3441634725767708,-9.527063647228871,-4.257942834727931,-8.236666713555172,0.0
99,24,31,-7.270082406112698,0.9762943064796368,-9.183619246812786,-5.35654556541261,-8.246376712592335,0.0
104,70,58,-7.225859699723678,1.0228634333394075,-9.230672029068916,-5.2210473703784395,-8.248723133063086,0.0
117,99,48,-6.984759840529614,1.2691032954328627,-9.472202299578026,-4.497317381481203,-8.253863135962478,0.0
74,32,12,-7.159305770061705,1.0986080204908604,-9.312577490223791,-5.006034049899618,-8.257913790552566,0.0
38,32,23,-6.505988877625107,1.7545439693758444,-9.944895057601762,-3.067082697648452,-8.260532847000952,0.0
80,6,38,-7.368243098213801,0.9211773985667367,-9.173750799404605,-5.562735397022998,-8.289420496780538,0.0
68,6,29,-7.175376998719004,1.117000608366103,-9.364698191116567,-4.986055806321442,-8.292377607085108,0.0
36,82,14,-6.819052818627101,1.474021299154755,-9.708134564970422,-3.9299710722837817,-8.293074117781856,0.0
36,80,53,-6.672857249953386,1.6235588340251652,-9.855032564642709,-3.4906819352640617,-8.296416083978551,0.0
36,60,34,-7.7723089495965425,0.5270725407039637,-8.805371129376312,-6.7392467698167735,-8.299381490300506,0.0
111,36,8,-7.52149684063965,0.7817803012650594,-9.053786231119167,-5.989207450160134,-8.30327714190471,0.0
68,82,15,-7.116501899020341,1.2040332762721802,-9.476407120513814,-4.756596677526868,-8.320535175292521,0.0
60,68,15,-7.820094302918642,0.501916668981618,-8.803850974122614,-6.836337631714671,-8.32201097190026,0.0
68,70,8,-6.715964080244992,1.6065212662498496,-9.864745762094696,-3.5671823983952864,-8.32248534649484,0.0
64,80,10,-7.617477468350107,0.7152987153091772,-9.019462950356095,-6.215491986344119,-8.332776183659284,0.0
60,82,39,-7.3087408182350035,1.0280388768914723,-9.32369701694229,-5.293784619527718,-8.336779695126475,0.0
6,82,14,-6.769838489831539,1.5752059163849141,-9.85724208594597,-3.682434893717107,-8.345044406216452,0.0
104,82,56,-7.533585892272607,0.8233537579135776,-9.147359257783219,-5.919812526761995,-8.356939650186185,0.0
6,68,5,-6.939524280032544,1.419150461276767,-9.721059184135008,-4.1579893759300806,-8.358674741309311,0.0
64,43,6,-7.250553885590371,1.1132021348910093,-9.43243006997675,-5.068677701203993,-8.36375602048138,0.0
60,80,6,-7.542686469091535,0.8211467412800879,-9.152134082000508,-5.933238856182562,-8.363833210371624,0.0
68,82,28,-7.058201864765693,1.3058017512378466,-9.617573297191873,-4.498830432339513,-8.36400361600354,0.0
104,80,23,-7.367112740678638,1.007753403302999,-9.342309411152517,-5.39191607020476,-8.374866143981636,0.0
60,24,35,-7.565988780706696,0.8089975645466128,-9.151624007218057,-5.980353554195335,-8.374986345253308,0.0
43,45,11,-7.463414861846687,0.9451138745544398,-9.315838055973389,-5.6109916677199845,-8.408528736401127,0.0
68,70,3,-6.926405461353379,1.4835014794205346,-9.834068361017627,-4.018742561689132,-8.409906940773913,0.0
117,99,9,-7.642536803621214,0.779997927095887,-9.171332740729152,-6.113740866513275,-8.4225347307171,0.0
111,36,18,-7.408715006005909,1.019067013264901,-9.406086352005115,-5.411343660006703,-8.42778201927081,0.0
117,45,56,-7.731243982934681,0.7012928199370104,-9.105777910011222,-6.356710055858141,-8.432536802871692,0.0
104,82,25,-7.478930503416616,0.9835058439631198,-9.40660195758433,-5.551259049248902,-8.462436347379736,0.0
104,60,12,-6.847877518640085,1.626380452297515,-10.035583205143215,-3.660171832136956,-8.4742579709376,0.0
24,43,18,-7.353984363798785,1.1572783351013323,-9.622249900597396,-5.085718827000174,-8.511262698900119,0.0
38,32,40,-6.373201931716009,2.1474250340955927,-10.58215499854337,-2.1642488648886475,-8.520626965811601,0.0
60,24,15,-7.807103068093975,0.7197919835344605,-9.217895355821517,-6.3963107803664325,-8.526895051628435,0.0
111,70,24,-7.298316621279586,1.2316045279757786,-9.712261496112111,-4.88437174644706,-8.529921149255365,0.0
80,82,29,-7.671040516537509,0.8604688786990826,-9.357559518787712,-5.984521514287307,-8.531509395236592,0.0
99,6,58,-7.437901124003301,1.1001598909756585,-9.594214510315592,-5.2815877376910105,-8.53806101497896,0.0
68,82,56,-7.4390980611397906,1.099187850633397,-9.59350624838125,-5.284689873898333,-8.538285911773187,0.0
6,6,49,-6.037328689874735,2.5040926323865373,-10.945350249352348,-1.1293071303971214,-8.541421322261272,0.0
111,6,2,-7.589033812041834,0.9531004573542111,-9.457110708456089,-5.72095691562758,-8.542134269396046,0.0
38,80,43,-7.210637963950739,1.334494327645572,-9.82624684613606,-4.595029081765418,-8.54513229159631,0.0
111,82,43,-7.677990312384142,0.8874444500810522,-9.417381434543005,-5.93859919022528,-8.565434762465195,0.0
38,60,43,-7.363535454187678,1.2206465005270215,-9.75600259522064,-4.971068313154716,-8.5841819547147,0.0
68,70,39,-6.5679217461347426,2.0188560986092927,-10.524879699408956,-2.6109637928605287,-8.586777844744034,0.0
36,99,1,-7.413099177921489,1.1741123478523217,-9.71435937971204,-5.111838976130938,-8.58721152577381,0.0
80,6,53,-6.996801291010867,1.5945931065909584,-10.122203779929144,-3.871398802092588,-8.591394397601825,0.0
82,43,22,-7.866786296665379,0.7249969940838509,-9.287780405069727,-6.445792188261031,-8.59178329074923,0.0
111,6,19,-7.411531085235743,1.181364983991064,-9.727006453858229,-5.096055716613257,-8.592896069226807,0.0
99,82,26,-7.705824756291402,0.8967806514704143,-9.463514833173413,-5.94813467940939,-8.602605407761816,0.0
111,6,26,-7.572852481485535,1.0391472770601053,-9.609581144523341,-5.536123818447729,-8.61199975854564,0.0
60,68,32,-8.2244147933298,0.3884900835231272,-8.98585535703513,-7.4629742296244705,-8.612904876852927,0.0
36,80,54,-7.754007046005035,0.8847320913345454,-9.488081945020744,-6.019932146989326,-8.63873913733958,0.0
111,82,22,-8.084856738887432,0.5583341717195094,-9.17919171545767,-6.990521762317194,-8.643190910606942,0.0
60,6,57,-7.9104204239861655,0.7344860780788247,-9.350013137020662,-6.470827710951669,-8.644906502064991,0.0
68,75,47,-7.999081196385188,0.6491932360108746,-9.271499938966503,-6.726662453803874,-8.648274432396063,0.0
111,36,39,-7.528769870878806,1.1239714254230142,-9.731753864707914,-5.325785877049698,-8.65274129630182,0.0
117,45,54,-7.957695312005883,0.7117644083065083,-9.35275355228664,-6.562637071725126,-8.66945972031239,0.0
104,80,58,-7.551091353897793,1.1219588914310106,-9.750130781102573,-5.352051926693012,-8.673050245328804,0.0
99,68,9,-7.969970243804778,0.7072419306388132,-9.356164427856852,-6.583776059752704,-8.677212174443591,0.0
36,43,25,-7.4959051052003085,1.1814737688218355,-9.811593692091106,-5.180216518309511,-8.677378874022144,0.0
64,60,12,-7.680354400373723,0.9981737419337355,-9.636774934563844,-5.723933866183602,-8.678528142307458,0.0
70,43,20,-7.542718168951235,1.1466120805057378,-9.79007784674248,-5.295358491159989,-8.689330249456972,0.0
68,24,18,-7.3058169328061435,1.3995671047215577,-10.048968458060397,-4.56266540755189,-8.7053840375277,0.0
64,68,3,-7.640607392448424,1.0654866143993238,-9.7289611566711,-5.552253628225749,-8.706094006847747,0.0
36,82,39,-7.026344546992605,1.6824460359268085,-10.32393877740915,-3.7287503165760603,-8.708790582919413,0.0
99,6,40,-7.733825510040121,0.9890139029943111,-9.67229275990897,-5.795358260171271,-8.722839413034432,0.0
60,24,29,-7.8681198541681745,0.8647381773261357,-9.563006681727401,-6.173233026608949,-8.73285803149431,0.0
111,38,33,-7.694602718759441,1.0395172575244396,-9.732056543507342,-5.65714889401154,-8.73411997628388,0.0
64,80,49,-7.957733076902106,0.7768399719524989,-9.480339421929004,-6.435126731875208,-8.734573048854605,0.0
111,68,41,-7.919477315815795,0.8307182688827661,-9.547685122826017,-6.2912695088055735,-8.750195584698561,0.0
111,6,4,-7.783634169120382,0.973307183745394,-9.691316249261355,-5.8759520889794095,-8.756941352865775,0.0
60,24,43,-7.727353699791977,1.0324318080503547,-9.750920043570673,-5.703787356013282,-8.759785507842333,0.0
6,104,9,-7.90793678104142,0.8725016452124877,-9.618040005657896,-6.1978335564249445,-8.780438426253909,0.0
60,82,49,-8.075948366233007,0.7066315071387651,-9.460946120224987,-6.690950612241028,-8.782579873371771,0.0
99,68,28,-8.060502344043297,0.7371584405647289,-9.505332887550166,-6.615671800536428,-8.797660784608025,0.0
38,32,48,-6.772632188608686,2.0403623702485816,-10.771742434295906,-2.773521942921466,-8.812994558857268,0.0
60,68,29,-8.40909975230894,0.4179606394985894,-9.228302605726174,-7.589896898891705,-8.82706039180753,0.0
6,6,42,-6.091760307011108,2.752021065361625,-11.485721595119893,-0.6977990189023231,-8.843781372372733,0.0
36,68,48,-7.406239062543554,1.444175475874304,-10.236822995257189,-4.575655129829919,-8.850414538417859,0.0
99,68,31,-7.771620039001406,1.0800655959841075,-9.888548607130257,-5.654691470872555,-8.851685634985513,0.0
38,32,5,-7.069675086885204,1.786582391736139,-10.571376574688037,-3.5679735990823715,-8.856257478621343,0.0
74,32,47,-7.955075060795855,0.903168688984612,-9.725285691205695,-6.184864430386016,-8.858243749780467,0.0
104,70,23,-7.842973268584222,1.0262929294062713,-9.854507410220513,-5.831439126947931,-8.869266197990493,0.0
82,6,41,-7.242651027365596,1.6335054236808595,-10.444321657780081,-4.040980396951111,-8.876156451046455,0.0
36,68,57,-7.317265422570446,1.5598511069863046,-10.374573592263603,-4.259957252877289,-8.877116529556751,0.0
111,36,30,-8.053374987623698,0.8342056116598383,-9.688417986476981,-6.418331988770415,-8.887580599283536,0.0
60,24,3,-8.211068039369753,0.6788896687445859,-9.541691790109141,-6.880444288630365,-8.88995770811434,0.0
117,99,35,-7.87725766047996,1.0325991288700236,-9.901151953065206,-5.853363367894714,-8.909856789349984,0.0
99,82,33,-7.888868406778308,1.0321350221158647,-9.911853050125403,-5.8658837634312135,-8.921003428894172,0.0
68,45,49,-7.98536617525744,0.9379386069792406,-9.823725844936751,-6.147006505578128,-8.92330478223668,0.0
82,6,12,-7.334334887290867,1.663132297855314,-10.594074191087282,-4.074595583494451,-8.997467185146181,0.0
60,68,4,-8.498009012648089,0.5086515602011284,-9.4949660706423,-7.501051954653876,-9.006660572849217,0.0
60,82,42,-8.203096297507436,0.8122955076178682,-9.795195492438458,-6.610997102576414,-9.015391805125304,0.0
36,80,20,-8.034932283432099,0.980801631031443,-9.957303480253728,-6.11256108661047,-9.015733914463542,0.0
68,6,47,-7.679247793127907,1.3497329543221366,-10.324724383599294,-5.033771202656519,-9.028980747450044,0.0
38,99,16,-7.0930802069737675,1.9410719437377024,-10.897581216699663,-3.288579197247871,-9.03415215071147,0.0
111,32,48,-7.907281277089122,1.1367463602678736,-10.135304143214153,-5.679258410964089,-9.044027637356995,0.0
82,45,13,-7.4212264645484725,1.6393137997448335,-10.634281512048346,-4.208171417048598,-9.060540264293305,0.0
64,68,2,-7.863627639949013,1.204380269448702,-10.22421296806847,-5.503042311829557,-9.068007909397714,0.0
111,36,44,-8.193805951251344,0.8787014083379758,-9.916060711593776,-6.471551190908912,-9.07250735958932,0.0
36,60,51,-8.31834668563861,0.7565234141644958,-9.801132577401022,-6.8355607938761995,-9.074870099803107,0.0
104,60,40,-8.048585347283286,1.0385601738831773,-10.084163288094313,-6.0130074064722585,-9.087145521166462,0.0
60,24,26,-8.36169434230451,0.7254584419809917,-9.783592888587254,-6.939795796021766,-9.087152784285502,0.0
68,99,37,-8.508730301198483,0.5863817201904593,-9.658038472771784,-7.359422129625183,-9.095112021388942,0.0
111,68,29,-8.737950264047736,0.4000150385112542,-9.521979739529794,-7.953920788565678,-9.13796530255899,0.0
36,60,36,-8.43879154655864,0.6993317704782668,-9.809481816696042,-7.068101276421237,-9.138123317036907,0.0
117,45,1,-8.458405259142966,0.6826918358561946,-9.796481257421107,-7.120329260864825,-9.14109709499916,0.0
99,43,52,-8.232853864354169,0.9212326135714767,-10.038469786954263,-6.427237941754075,-9.154086477925645,0.0
70,45,49,-7.399872869014646,1.762039101045299,-10.853469507063432,-3.9462762309658603,-9.161911970059945,0.0
80,43,22,-8.468962806766234,0.6995167511478896,-9.840015639016098,-7.09790997451637,-9.168479557914123,0.0
80,6,50,-7.730701434842206,1.4386113707262014,-10.55037972146556,-4.911023148218851,-9.169312805568406,0.0
117,45,37,-8.482089982417117,0.688876941982319,-9.832288788702462,-7.131891176131772,-9.170966924399435,0.0
36,60,5,-8.3563064167937,0.8176221945405996,-9.958845918093274,-6.753766915494125,-9.173928611334299,0.0
80,6,34,-8.284698511610468,0.8918454749086676,-10.032715642431457,-6.53668138078948,-9.176543986519135,0.0
60,6,5,-8.39489895655269,0.7899883457141754,-9.943276114152475,-6.846521798952907,-9.184887302266866,0.0
64,99,52,-8.013246593131157,1.182805083722559,-10.331544557227373,-5.694948629034942,-9.196051676853717,0.0
68,70,47,-7.675538354240039,1.5351963901846728,-10.684523279001997,-4.66655342947808,-9.21073474442471,0.0
117,45,31,-8.500186386576267,0.7165207808109112,-9.904567116965653,-7.095805656186881,-9.21670716738718,0.0
117,45,35,-8.530041371021746,0.6957101754272351,-9.893633314859127,-7.166449427184364,-9.225751546448981,0.0
38,32,57,-7.491347415531631,1.741199431491624,-10.904098301255214,-4.078596529808047,-9.232546847023254,0.0
117,99,42,-7.899178559318972,1.3358780526898553,-10.517499542591088,-5.280857576046856,-9.235056612008826,0.0
60,6,51,-8.488816173269443,0.7570984930183413,-9.972729219585393,-7.0049031269534945,-9.245914666287785,0.0
111,6,44,-8.36796086233367,0.8841411589828047,-10.100877533939967,-6.635044190727372,-9.252102021316475,0.0
74,37,37,-8.518138785513514,0.7355927563914908,-9.959900588040837,-7.076376982986192,-9.253731541905005,0.0
68,82,51,-8.129358083606531,1.1422415995155812,-10.36815161865707,-5.890564548555992,-9.271599683122112,0.0
117,99,20,-8.233299144631777,1.0385002053090606,-10.268759547037536,-6.197838742226018,-9.271799349940839,0.0
99,6,34,-8.608059380340176,0.6753391551172693,-9.931724124370024,-7.284394636310329,-9.283398535457446,0.0
64,60,7,-8.288669445163944,1.008632900665183,-10.265589930467701,-6.311748959860185,-9.297302345829127,0.0
36,60,12,-8.194231311619145,1.1048802285069237,-10.359796559492715,-6.0286660637455745,-9.299111540126068,0.0
32,24,38,-8.45816487889334,0.8421754268023125,-10.108828715425872,-6.8075010423608076,-9.300340305695652,0.0
60,6,12,-8.233852985137075,1.0761247155397577,-10.343057427595,-6.12464854267915,-9.309977700676832,0.0
117,45,36,-8.46526748870541,0.8468198354760058,-10.125034366238381,-6.805500611172438,-9.312087324181416,0.0
111,38,7,-8.167590797876729,1.1502174120030861,-10.422016925402778,-5.91316467035068,-9.317808209879814,0.0
117,99,57,-8.086076647813629,1.232320362411091,-10.501424558139368,-5.67072873748789,-9.31839701022472,0.0
80,45,19,-8.218905418918077,1.1061872720090529,-10.38703247205582,-6.050778365780333,-9.325092690927129,0.0
111,32,15,-8.356136737487498,0.9778680935892946,-10.272758200922516,-6.43951527405248,-9.334004831076793,0.0
82,6,8,-7.841916318320746,1.5001591507036647,-10.782228253699929,-4.901604382941564,-9.342075469024412,0.0
60,82,41,-8.456296299332353,0.9073855233979106,-10.234771925192257,-6.677820673472448,-9.363681822730264,0.0
82,6,27,-7.536778111331736,1.8287496305763082,-11.1211273872613,-3.9524288354021717,-9.365527741908044,0.0
36,68,45,-8.000400309291157,1.3702497837706347,-10.6860898854816,-5.314710733100713,-9.370650093061792,0.0
99,6,12,-8.13025287360638,1.2410973923923225,-10.562803762695333,-5.697701984517428,-9.371350265998704,0.0
6,43,58,-8.541825497121444,0.8311602110682039,-10.170899510815124,-6.912751483427764,-9.372985708189647,0.0
36,82,30,-7.806004058144065,1.5680352801848776,-10.879353207306426,-4.732654908981705,-9.374039338328943,0.0
36,68,11,-8.370281152122086,1.0176182690652307,-10.364812959489939,-6.375749344754234,-9.387899421187317,0.0
104,45,50,-8.528530861493369,0.8607154894536969,-10.215533220822614,-6.841528502164123,-9.389246350947065,0.0
68,24,25,-8.352191456505375,1.039901584658854,-10.39039856243673,-6.313984350574021,-9.392093041164228,0.0
117,99,28,-8.238627530383024,1.214631774098966,-10.619305807616998,-5.85794925314905,-9.453259304481989,0.0
111,36,6,-8.489855720368562,0.9671583849835018,-10.385486154936226,-6.594225285800898,-9.457014105352064,0.0
111,32,47,-8.313793397249219,1.1568389996371888,-10.58119783653811,-6.046388957960328,-9.470632396886408,0.0
68,24,24,-8.596894253686111,0.8747535176975907,-10.311411148373388,-6.882377358998833,-9.4716477713837,0.0
36,43,58,-8.555324258042628,0.917199646649989,-10.353035565476606,-6.7576129506086495,-9.472523904692617,0.0
6,68,51,-8.14952733702541,1.3296149071013812,-10.755572554944116,-5.543482119106702,-9.479142244126791,0.0
68,70,12,-7.516507727717936,1.9764666231017063,-11.390382308997282,-3.642633146438592,-9.492974350819642,0.0
80,43,41,-8.58947921247489,0.9084476642079808,-10.370036634322533,-6.808921790627248,-9.497926876682872,0.0
68,6,51,-8.187333673634503,1.3231210677991294,-10.780650966520797,-5.59401638074821,-9.510454741433634,0.0
38,99,56,-8.051853196438975,1.4610729965362834,-10.91555626965009,-5.188150123227859,-9.512926192975257,0.0
111,32,42,-8.213375686270346,1.3040759879324588,-10.769364622617966,-5.657386749922727,-9.517451674202805,0.0
64,80,11,-8.77298163508176,0.7530925714476318,-10.249043075119118,-7.296920195044401,-9.52607420652939,0.0
82,6,30,-8.00507835823016,1.5231254098792588,-10.990404161593506,-5.0197525548668125,-9.528203768109417,0.0
117,99,12,-8.203254580063037,1.3391631946276543,-10.82801444153324,-5.578494718592834,-9.54241777469069,0.0
32,24,58,-8.658647787073875,0.885393465245547,-10.394018978955147,-6.923276595192602,-9.544041252319422,0.0
32,45,9,-8.723411982111875,0.8238971661246524,-10.338250427716194,-7.108573536507556,-9.547309148236527,0.0
36,43,1,-8.541947739849952,1.0076949374146735,-10.517029817182712,-6.566865662517192,-9.549642677264625,0.0
111,32,25,-8.311060592471406,1.2392443605830814,-10.739979539214247,-5.8821416457285665,-9.550304953054487,0.0
60,68,16,-8.957864167318238,0.6029783979207638,-10.139701827242934,-7.776026507393541,-9.560842565239001,0.0
60,6,2,-8.429439318859115,1.132367967623205,-10.648880535400597,-6.209998102317634,-9.56180728648232,0.0
68,45,10,-8.687284230009613,0.8806746813423462,-10.413406605440612,-6.961161854578615,-9.56795891135196,0.0
6,36,42,-7.040401574169337,2.5288882228444836,-11.997022490944524,-2.0837806573941497,-9.56928979701382,0.0
68,6,45,-7.920857591363983,1.64918669123983,-11.153263506194051,-4.688451676533917,-9.570044282603813,0.0
36,104,28,-8.3561672834467,1.2149486465977752,-10.73746663077834,-5.974867936115061,-9.571115930044476,0.0
36,68,14,-7.921733253668168,1.6540186773399868,-11.163609861254542,-4.679856646081793,-9.575751931008154,0.0
36,68,19,-8.110397176175764,1.470594734037109,-10.992762854888499,-5.22803149746303,-9.580991910212873,0.0
32,24,16,-8.523060000359393,1.0598156028950356,-10.600298582033663,-6.4458214186851235,-9.582875603254429,0.0
36,117,25,-8.221852413550584,1.3620707001601204,-10.89151098586442,-5.552193841236749,-9.583923113710705,0.0
99,68,30,-8.664980229752864,0.9269423985144152,-10.481787330841117,-6.848173128664611,-9.591922628267278,0.0
32,24,50,-8.492375773163026,1.1009930218247352,-10.650322095939508,-6.334429450386545,-9.59336879498776,0.0
104,70,56,-8.78573481708835,0.8092003088724721,-10.371767422478396,-7.199702211698305,-9.594935125960822,0.0
70,43,53,-8.32078620526784,1.2747494814099347,-10.819295188831312,-5.822277221704368,-9.595535686677774,0.0
36,68,27,-8.149399127950993,1.4485027953045844,-10.988464606747979,-5.310333649154007,-9.597901923255577,0.0
60,6,16,-8.751846715389116,0.8598933962639003,-10.43723777206636,-7.066455658711871,-9.611740111653015,0.0
99,6,5,-8.513891576020038,1.1025117576151153,-10.674814620945664,-6.352968531094412,-9.616403333635153,0.0
104,60,17,-8.32622875617524,1.2906263637338644,-10.855856429093613,-5.796601083256866,-9.616855119909104,0.0
99,6,56,-8.68859404636606,0.9289496264427499,-10.50933531419385,-6.8678527785382695,-9.617543672808809,0.0
38,60,19,-8.587941638319352,1.029711393560627,-10.606175969698182,-6.569707306940523,-9.617653031879978,0.0
60,24,44,-8.872556088971773,0.7526574027454543,-10.347764598352864,-7.397347579590683,-9.625213491717227,0.0
111,32,8,-8.31808777387076,1.3147895899298385,-10.895075370133243,-5.741100177608276,-9.6328773638006,0.0
82,6,26,-8.206282958159852,1.4354607426368364,-11.019786013728051,-5.392779902591652,-9.641743700796688,0.0
6,43,1,-8.68354095583351,0.9623814861593712,-10.569808668705878,-6.797273242961143,-9.645922441992882,0.0
117,45,47,-8.888167963584005,0.7821966640985922,-10.421273425217246,-7.355062501950764,-9.670364627682597,0.0
38,24,58,-8.014236859993355,1.6608950650650127,-11.26959118752078,-4.758882532465931,-9.675131925058368,0.0
6,82,10,-7.994041984659062,1.700404001393913,-11.32683382739113,-4.661250141926993,-9.694445986052974,0.0
99,70,1,-8.238287364228526,1.4781155246584559,-11.1353937925591,-5.3411809358979525,-9.716402888886982,0.0
99,24,3,-8.942179631126713,0.7822239300894384,-10.475338534102011,-7.409020728151414,-9.724403561216151,0.0
36,80,16,-8.565801866257894,1.171289003337544,-10.86152831279948,-6.270075419716308,-9.737090869595438,0.0
60,68,51,-8.934875516298028,0.8091039586698785,-10.52071927529099,-7.349031757305067,-9.743979474967906,0.0
41,75,52,-8.795880102499298,0.96863213791522,-10.694399092813129,-6.897361112185467,-9.764512240414518,0.0
99,70,0,-8.230914079909054,1.5412249197605985,-11.251714922639827,-5.21011323717828,-9.772138999669652,0.0
6,104,45,-8.677733380027856,1.098415544955023,-10.830627848139702,-6.524838911916011,-9.776148924982879,0.0
38,32,31,-7.834438940936259,1.9886976036768034,-11.732286244142793,-3.9365916377297245,-9.823136544613062,0.0
111,68,7,-8.957476912288984,0.8730889969578833,-10.668731346326435,-7.246222478251532,-9.830565909246866,0.0
82,43,43,-8.805052743375533,1.0457632036649458,-10.854748622558827,-6.75535686419224,-9.850815947040479,0.0
60,6,31,-8.975439690145707,0.8799588118012018,-10.700158961276063,-7.250720419015352,-9.85539850194691,0.0
6,104,22,-8.94511772558568,0.9133545015604404,-10.735292548644143,-7.1549429025272175,-9.858472227146121,0.0
60,68,49,-9.173725154435484,0.7041001105446199,-10.553761371102938,-7.793688937768029,-9.877825264980103,0.0
36,43,23,-9.12204232888287,0.777678035437415,-10.646291278340204,-7.597793379425537,-9.899720364320284,0.0
111,6,22,-9.160772908862425,0.7509280353382152,-10.632591858125327,-7.688953959599523,-9.911700944200641,0.0
68,99,17,-8.810630666898529,1.102034072968365,-10.970617449916524,-6.650643883880534,-9.912664739866894,0.0
64,68,14,-8.530338363657183,1.395298484757006,-11.265123393780915,-5.7955533335334515,-9.92563684841419,0.0
36,60,31,-9.037292247880156,0.901933252605589,-10.805081422987111,-7.269503072773202,-9.939225500485746,0.0
36,104,45,-8.892574764695667,1.050568841706676,-10.951689694440752,-6.833459834950581,-9.943143606402343,0.0
117,45,4,-9.017972712693737,0.934517976361018,-10.849627946361332,-7.186317479026142,-9.952490689054756,0.0
36,60,21,-9.083522293658687,0.8922577028577031,-10.832347391259786,-7.334697196057589,-9.97577999651639,0.0
117,45,2,-9.093730401704349,0.8850142497615314,-10.82835833123695,-7.359102472171747,-9.978744651465881,0.0
111,68,6,-9.037143467860503,0.9453606754434516,-10.890050391729668,-7.184236543991338,-9.982504143303954,0.0
104,60,4,-8.46060671573547,1.5265070074565739,-11.452560450350354,-5.468652981120584,-9.987113723192044,0.0
111,80,13,-8.689538806092667,1.3278128980348505,-11.292052086240973,-6.087025525944361,-10.017351704127517,0.0
117,45,55,-9.118914677695964,0.9044692939607525,-10.891674493859039,-7.346154861532889,-10.023383971656717,0.0
6,43,23,-9.229459756493185,0.7967857287470722,-10.791159784837447,-7.667759728148924,-10.026245485240256,0.0
80,82,40,-9.16581599291834,0.8680706173028754,-10.867234402831976,-7.464397583004704,-10.033886610221215,0.0
60,68,45,-9.483718954532847,0.5587623278481901,-10.5788931171153,-8.388544791950395,-10.042481282381036,0.0
24,43,16,-9.310083931422044,0.7442130403678625,-10.768741490543054,-7.851426372301034,-10.054296971789906,0.0
60,68,21,-9.046820881983246,1.0236144123355126,-11.053105130160851,-7.040536633805641,-10.07043529431876,0.0
82,6,49,-8.503678804237197,1.5684220086903233,-11.57778594127023,-5.429571667204163,-10.07210081292752,0.0
99,6,17,-8.724917764170975,1.3481792246227273,-11.36734904443152,-6.082486483910429,-10.073096988793703,0.0
99,70,15,-8.381394005013174,1.696758322492239,-11.707040317097963,-5.055747692928386,-10.078152327505412,0.0
36,99,50,-8.910323345437076,1.2017315171098095,-11.265717118972303,-6.55492957190185,-10.112054862546886,0.0
6,82,42,-8.691997032032791,1.4276204550587372,-11.490133123947917,-5.8938609401176665,-10.119617487091528,0.0
104,82,43,-9.063482243481106,1.07595312840763,-11.172350375160061,-6.954614111802151,-10.139435371888736,0.0
68,24,42,-8.983100799359837,1.1640637836712326,-11.264665815355453,-6.701535783364221,-10.14716458303107,0.0
117,99,43,-8.782495104980052,1.3725648687170307,-11.472722247665432,-6.092267962294672,-10.155059973697083,0.0
111,82,10,-9.30135667489229,0.8540084403443788,-10.975213217967273,-7.627500131817307,-10.155365115236668,0.0
36,43,34,-9.554121774821246,0.6247290156188986,-10.778590645434287,-8.329652904208205,-10.178850790440144,0.0
60,6,44,-9.364193452200599,0.827308849681207,-10.985718797575764,-7.742668106825433,-10.191502301881807,0.0
64,68,17,-9.089587858058017,1.1191437047757367,-11.283109519418462,-6.896066196697573,-10.208731562833755,0.0
68,82,34,-9.25126303869322,0.9810155003418854,-11.174053419363316,-7.328472658023125,-10.232278539035107,0.0
38,99,25,-8.961779589410776,1.280496030206477,-11.471551808615471,-6.452007370206081,-10.242275619617253,0.0
104,82,19,-9.303354736018283,0.9551881099467496,-11.175523431513913,-7.431186040522654,-10.258542845965033,0.0
111,70,21,-8.647790745397705,1.6158422227396028,-11.814841501967326,-5.480739988828084,-10.263632968137308,0.0
43,6,40,-9.48877693307501,0.77830541081989,-11.014255538281995,-7.963298327868026,-10.2670823438949,0.0
68,80,32,-9.416807292591459,0.8742262488055355,-11.130290740250308,-7.703323844932609,-10.291033541396995,0.0
111,70,38,-9.028275680987004,1.269987483458736,-11.517451148566128,-6.539100213407882,-10.298263164445741,0.0
74,41,53,-9.107100302784588,1.1913575884638128,-11.442161176173661,-6.772039429395514,-10.2984578912484,0.0
36,68,10,-8.652232896308812,1.6496969191120001,-11.885638857768331,-5.4188269348492915,-10.301929815420811,0.0
80,82,4,-9.436346040904834,0.8821643627830131,-11.16538819195954,-7.707303889850128,-10.318510403687847,0.0
68,24,20,-9.126968689893685,1.1936037328332836,-11.46643200624692,-6.78750537354045,-10.320572422726968,0.0
6,104,14,-9.091681361087826,1.2294275694487553,-11.501359397207386,-6.6820033249682655,-10.321108930536582,0.0
82,43,13,-8.52421875363508,1.7994025777300362,-12.051047805985952,-4.9973897012842095,-10.323621331365118,0.0
104,60,25,-9.022959434989628,1.3063604664198603,-11.583425949172554,-6.462492920806703,-10.32931990140949,0.0
36,104,14,-9.136963449778554,1.1945409119937465,-11.478263637286297,-6.795663262270811,-10.3315043617723,0.0
111,24,10,-9.30362741553199,1.029652471820831,-11.321746260300818,-7.285508570763161,-10.333279887352822,0.0
104,80,1,-8.980802250014037,1.3607748102652408,-11.64792087813391,-6.313683621894165,-10.341577060279278,0.0
104,6,13,-9.245444680869323,1.1035803261276198,-11.408462120079458,-7.082427241659188,-10.349025006996943,0.0
74,37,17,-9.016064895675546,1.3524224293017697,-11.666812857107015,-6.365316934244078,-10.368487324977316,0.0
43,6,34,-9.701301438293738,0.6767222336744927,-11.027677016295744,-8.374925860291732,-10.378023671968231,0.0
99,82,43,-9.392938888580911,0.9864143169694202,-11.326310949840975,-7.459566827320847,-10.37935320555033,0.0
117,6,32,-9.722839750143281,0.661827194677552,-11.020021051711284,-8.425658448575279,-10.384666944820832,0.0
99,32,21,-8.814370218797624,1.600086618115251,-11.950539990303517,-5.678200447291731,-10.414456836912874,0.0
36,99,47,-9.338234968138421,1.0842395493942618,-11.463344484951174,-7.213125451325668,-10.422474517532683,0.0
111,82,52,-9.739273855093632,0.6973041625916196,-11.105990013773207,-8.372557696414058,-10.436578017685251,0.0
117,45,7,-9.65463756895553,0.7902322067960428,-11.203492694275775,-8.105782443635286,-10.444869775751574,0.0
60,32,13,-9.058622842043984,1.3903445391669065,-11.783698138811122,-6.333547545276848,-10.448967381210892,0.0
117,43,43,-9.59118074989949,0.8902500388060032,-11.336070825959256,-7.846290673839723,-10.481430788705493,0.0
24,45,58,-9.532812859250337,0.959330963909521,-11.413101548512998,-7.652524169987675,-10.492143823159857,0.0
80,82,18,-8.847386488572214,1.6460238679533663,-12.073593269760812,-5.621179707383616,-10.49341035652558,0.0
82,6,6,-8.588551173145596,1.9099772821304524,-12.332106646121282,-4.84499570016991,-10.498528455276048,0.0
111,70,1,-8.981656574167639,1.5208223766399374,-11.962468432381916,-6.000844715953361,-10.502478950807577,0.0
68,45,11,-9.627508611635095,0.876782372174781,-11.346002061097666,-7.909015162172524,-10.504290983809875,0.0
104,80,24,-9.430664105797074,1.0770791062481038,-11.541739154043357,-7.319589057550791,-10.507743212045177,0.0
68,80,24,-9.246901897459033,1.2921543318814392,-11.779524387946653,-6.7142794069714125,-10.539056229340472,0.0
80,6,4,-9.33193402067727,1.2112213592607468,-11.705927884828334,-6.957940156526206,-10.543155379938018,0.0
99,68,4,-9.752211548774056,0.7996581004649503,-11.319541425685358,-8.184881671862755,-10.551869649239007,0.0
64,68,52,-9.414192749034191,1.1612047828859318,-11.690154123490618,-7.138231374577765,-10.575397531920123,0.0
32,24,20,-9.634766678008754,0.9472397064677716,-11.491356502685587,-7.778176853331922,-10.582006384476525,0.0
6,104,7,-9.466564979710732,1.1328029557690733,-11.686858773018116,-7.246271186403348,-10.599367935479805,0.0
70,43,7,-9.294330127586939,1.3074143212567535,-11.856862197250177,-6.731798057923702,-10.601744448843693,0.0
104,80,28,-9.22899063100037,1.3736700574482856,-11.92138394359901,-6.53659731840173,-10.602660688448655,0.0
64,43,10,-9.667493950164358,0.9413013942326793,-11.51244468286041,-7.822543217468307,-10.608795344397038,0.0
104,60,10,-8.834992916118242,1.7978203116501608,-12.358720726952557,-5.311265105283928,-10.632813227768404,0.0
64,68,12,-9.253718064045211,1.3802835712232793,-11.959073863642839,-6.548362264447584,-10.63400163526849,0.0
80,82,37,-9.82883778817873,0.8199599375794552,-11.435959265834462,-8.221716310522996,-10.648797725758184,0.0
38,32,6,-8.654137812306594,1.9997007191481273,-12.573551221836922,-4.734724402776265,-10.65383853145472,0.0
36,80,4,-9.676379335969997,1.0003909438313732,-11.63714558587949,-7.715613086060506,-10.67677027980137,0.0
41,99,17,-9.179919758039922,1.5382677319880826,-12.194924512736565,-6.16491500334328,-10.718187490028004,0.0
64,60,10,-9.940257491280615,0.7850123138860079,-11.478881626497191,-8.401633356064039,-10.725269805166622,0.0
80,6,18,-9.282331295590817,1.445029498819736,-12.1145891132775,-6.450073477904134,-10.727360794410552,0.0
99,18,52,-9.790648433245641,0.9373963930330694,-11.627945363590458,-7.953351502900825,-10.72804482627871,0.0
80,82,38,-9.677021717026912,1.0662587071662195,-11.766888783072702,-7.587154650981122,-10.743280424193133,0.0
43,6,50,-9.762555895600194,0.9832455049651818,-11.68971708533195,-7.8353947058684374,-10.745801400565377,0.0
6,104,52,-9.652916638371211,1.114138502391743,-11.836628103059027,-7.469205173683395,-10.767055140762954,0.0
64,24,21,-9.764005285781154,1.0261336992354038,-11.775227336282546,-7.752783235279763,-10.790138985016558,0.0
68,82,11,-9.780889113969714,1.0103549121343902,-11.76118474175312,-7.800593486186309,-10.791244026104104,0.0
111,68,10,-10.179180844324845,0.6214492634042389,-11.397221400597154,-8.961140288052537,-10.800630107729084,0.0
111,82,27,-9.943192520145175,0.8706338960553142,-11.64963495641359,-8.236750083876759,-10.813826416200488,0.0
38,32,33,-8.692155753452434,2.1387481580196543,-12.884102143170956,-4.500209363733912,-10.830903911472088,0.0
68,82,27,-9.659094542553452,1.2048638389285422,-12.020627666853395,-7.29756141825351,-10.863958381481995,0.0
104,6,42,-9.493083352642195,1.4071569881107902,-12.251111049339343,-6.735055655945047,-10.900240340752985,0.0
99,6,2,-9.755092066260628,1.1520949975096875,-12.013198261379616,-7.496985871141641,-10.907187063770316,0.0
117,45,51,-10.19173513083484,0.7235265874544046,-11.609847242245472,-8.773623019424207,-10.915261718289244,0.0
68,24,5,-9.70616735250552,1.2320856302961636,-12.121055187886,-7.29127951712504,-10.938252982801684,0.0
80,6,55,-9.700732442457747,1.249766183401855,-12.150274161925383,-7.251190722990112,-10.950498625859602,0.0
68,82,48,-9.554699100199953,1.410139070212464,-12.318571677816383,-6.790826522583523,-10.964838170412417,0.0
36,117,38,-10.031519086281705,0.9341238797837716,-11.862401890657898,-8.200636281905512,-10.965642966065477,0.0
60,80,13,-9.542902371549184,1.4238041409134576,-12.33355848773956,-6.752246255358807,-10.966706512462641,0.0
111,38,51,-10.140425760834024,0.8346123462794189,-11.776265959541686,-8.504585562126362,-10.975038107113443,0.0
6,104,16,-9.981078302171309,0.9964012806816254,-11.934024812307294,-8.028131792035323,-10.977479582852935,0.0
104,45,28,-9.960292523833097,1.0213161435296247,-11.962072165151161,-7.958512882515032,-10.981608667362721,0.0
68,82,2,-9.291484853948557,1.6933600449394117,-12.610470542029804,-5.97249916586731,-10.98484489888797,0.0
36,43,56,-10.165798022033073,0.8379997863170392,-11.808277603214469,-8.523318440851677,-11.003797808350113,0.0
41,75,33,-9.89668416706698,1.1159618734030445,-12.083969438936947,-7.709398895197012,-11.012646040470024,0.0
68,82,37,-10.01498845248608,1.0065369868734177,-11.987800946757979,-8.04217595821418,-11.021525439359497,0.0
111,38,2,-9.797177390476225,1.2252489937772573,-12.19866541827965,-7.395689362672801,-11.022426384253482,0.0
111,68,52,-10.307060544548863,0.7541478712639336,-11.785190372226172,-8.828930716871554,-11.061208415812796,0.0
99,68,46,-10.284069260344399,0.7772602222943873,-11.807499296041398,-8.7606392246474,-11.061329482638786,0.0
6,104,4,-9.971395881448856,1.097010244442184,-12.121535960555537,-7.821255802342176,-11.068406125891041,0.0
36,104,41,-9.884205471392427,1.1962098009017839,-12.228776681159923,-7.539634261624931,-11.08041527229421,0.0
99,6,46,-10.063458547194918,1.0205391597070799,-12.063715300220794,-8.063201794169041,-11.083997706901997,0.0
111,68,26,-10.342874131039832,0.7494589237625456,-11.811813621614421,-8.873934640465242,-11.092333054802378,0.0
60,68,22,-10.54639464233616,0.5556566774427842,-11.635481730124017,-9.457307554548304,-11.102051319778944,0.0
36,104,48,-9.707888320737498,1.4223620478400933,-12.49571793450408,-6.920058706970915,-11.130250368577592,0.0
104,43,50,-9.941142896527895,1.189390912119639,-12.272349084282387,-7.609936708773402,-11.130533808647534,0.0
104,70,8,-9.723763475589616,1.407894065317555,-12.483235843612023,-6.964291107567208,-11.13165754090717,0.0
99,6,26,-9.931796027702529,1.2003656267362282,-12.284512656105536,-7.579079399299522,-11.132161654438757,0.0
6,43,52,-10.149191074029304,0.985862815880664,-12.081482193155406,-8.216899954903202,-11.135053889909967,0.0
6,104,33,-10.044016693984672,1.0919775499312334,-12.184292691849889,-7.9037406961194545,-11.135994243915905,0.0
117,43,8,-10.193829955835003,0.9537439248252023,-12.0631680484924,-8.324491863177606,-11.147573880660206,0.0
24,45,32,-10.267551584332315,0.8854012459288277,-12.002938026352817,-8.532165142311813,-11.152952830261142,0.0
70,43,27,-10.021475610874674,1.1341742680941753,-12.244457176339257,-7.798494045410091,-11.15564987896885,0.0
38,43,32,-9.746584656413988,1.4289435969604574,-12.547314106456485,-6.945855206371492,-11.175528253374445,0.0
36,99,8,-10.332748200823918,0.842914708836929,-11.984861030144298,-8.680635371503538,-11.175662909660847,0.0
36,60,42,-10.252969541574032,0.9259842811334037,-12.067898732595504,-8.43804035055256,-11.178953822707436,0.0
6,104,46,-9.85346465170973,1.3344646474658723,-12.46901536074284,-7.23791394267662,-11.187929299175602,0.0
99,6,8,-10.17545059596698,1.0178503276778013,-12.17043723821547,-8.18046395371849,-11.193300923644781,0.0
36,99,2,-9.939847044222896,1.255668253926428,-12.400956821918694,-7.478737266527098,-11.195515298149324,0.0
60,68,39,-10.327330509467004,0.9208496071885999,-12.132195739556659,-8.522465279377348,-11.248180116655604,0.0
80,6,21,-10.18966265805161,1.0726220341470132,-12.292001844979755,-8.087323471123465,-11.262284692198623,0.0
36,99,39,-10.149734188718917,1.1498310032996801,-12.403402955186289,-7.896065422251544,-11.299565192018596,0.0
32,24,25,-10.396751784509307,0.9088633120815692,-12.178123876189183,-8.615379692829432,-11.305615096590877,0.0
64,24,31,-10.442085350715198,0.8848181286741545,-12.176328882916541,-8.707841818513854,-11.326903479389353,0.0
70,24,24,-9.398890656771073,1.9369249621579376,-13.195263582600631,-5.602517730941515,-11.335815618929011,0.0
43,6,2,-10.215388227931108,1.1239330432263883,-12.41829699265483,-8.012479463207386,-11.339321271157496,0.0
6,43,21,-10.437266205373131,0.9092890074006004,-12.219472659878308,-8.655059750867954,-11.346555212773731,0.0
64,117,38,-10.627137520576548,0.7348081653989781,-12.067361524758546,-9.18691351639455,-11.361945685975526,0.0
99,6,43,-10.251848724491383,1.1159424964151554,-12.439096017465088,-8.064601431517678,-11.367791220906538,0.0
80,82,22,-10.14938399672612,1.227594299487203,-12.55546882372104,-7.743299169731203,-11.376978296213323,0.0
111,32,33,-10.16634478478004,1.2135139776616177,-12.544832180996812,-7.787857388563269,-11.379858762441659,0.0
60,68,17,-10.584903596512186,0.7951547219153032,-12.14340685146618,-9.026400341558192,-11.380058318427489,0.0
104,70,16,-10.218151088173025,1.1703743587740782,-12.512084831370219,-7.9242173449758315,-11.388525446947103,0.0
99,82,52,-10.401735336066277,0.9915526885406414,-12.345178605605934,-8.45829206652662,-11.39328802460692,0.0
36,43,54,-10.524063684748052,0.8793205100853089,-12.247531884515258,-8.800595484980846,-11.403384194833361,0.0
43,6,54,-10.604174920117151,0.8468132778271875,-12.263928944658439,-8.944420895575863,-11.450988197944339,0.0
99,82,7,-10.006746705437802,1.4532514592155332,-12.855119565500248,-7.1583738453753565,-11.459998164653335,0.0
99,24,14,-10.33524805323358,1.1273702552729177,-12.544893753568498,-8.12560235289866,-11.462618308506498,0.0
68,43,52,-10.675314066065425,0.788428595705964,-12.220634113649115,-9.129994018481735,-11.46374266177139,0.0
36,99,19,-10.37789825517,1.1047185178926178,-12.54314655023953,-8.212649960100471,-11.482616773062619,0.0
43,6,45,-10.349259767697937,1.1522140065573276,-12.607599220550298,-8.090920314845576,-11.501473774255265,0.0
68,82,17,-10.20119732678419,1.3151818267626274,-12.778953707238939,-7.62344094632944,-11.516379153546817,0.0
6,43,54,-10.668405082961257,0.8633411169509837,-12.360553672185185,-8.97625649373733,-11.531746199912241,0.0
99,68,14,-10.418968397308195,1.1205231235288948,-12.615193719424829,-8.222743075191561,-11.539491520837089,0.0
36,80,31,-10.213699706595794,1.3310111209926863,-12.822481503741459,-7.604917909450128,-11.54471082758848,0.0
80,6,31,-10.29955980383909,1.2510425716005944,-12.751603244176255,-7.847516363501924,-11.550602375439684,0.0
6,43,12,-10.535180951826183,1.037205020723722,-12.568102792444678,-8.502259111207687,-11.572385972549904,0.0
99,82,12,-10.045933860527992,1.534533029774948,-13.053618598886889,-7.038249122169094,-11.58046689030294,0.0
60,6,30,-10.762577776366655,0.8312593944344028,-12.391846189458084,-9.133309363275226,-11.593837170801057,0.0
111,45,13,-10.044494241794766,1.5717624529776886,-13.125148649631036,-6.963839833958496,-11.616256694772455,0.0
64,117,35,-10.784476090111108,0.8539756423934233,-12.458268349202218,-9.110683831019998,-11.638451732504532,0.0
43,6,4,-10.663120299643372,0.977969451649635,-12.579940424876657,-8.746300174410088,-11.641089751293007,0.0
43,6,12,-10.527423100250816,1.124538528361754,-12.731518615839853,-8.32332758466178,-11.65196162861257,0.0
68,82,10,-10.315369180715935,1.3558291583541884,-12.972794331090144,-7.657944030341726,-11.671198339070123,0.0
43,6,36,-10.83720779131286,0.8388530550313295,-12.481359779174266,-9.193055803451454,-11.676060846344189,0.0
104,70,57,-10.500840819894494,1.1918951987222863,-12.836955409390175,-8.164726230398813,-11.692736018616781,0.0
68,24,11,-10.668804020325425,1.0263320228159416,-12.68041478504467,-8.65719325560618,-11.695136043141366,0.0
99,24,41,-10.53868640471725,1.1733413537708277,-12.838435458108073,-8.238937351326427,-11.712027758488079,0.0
104,80,38,-10.544580243929486,1.2060650008575293,-12.908467645610244,-8.180692842248728,-11.750645244787016,0.0
32,24,10,-10.72415960734896,1.0407841317018167,-12.76409650548452,-8.684222709213401,-11.764943739050777,0.0
64,68,10,-10.718098532163063,1.0515378260557569,-12.779112671232348,-8.657084393093779,-11.76963635821882,0.0
60,70,32,-10.825248479938042,0.9552742476256135,-12.697586005284244,-8.95291095459184,-11.780522727563655,0.0
60,24,19,-10.911890709006721,0.8723355293159465,-12.621668346465977,-9.202113071547465,-11.784226238322669,0.0
68,82,6,-10.26064705198719,1.5565436859774642,-13.31147267650302,-7.20982142747136,-11.817190737964655,0.0
99,32,40,-9.971658730892061,1.8481939868042763,-13.594118945028443,-6.3491985167556795,-11.819852717696337,0.0
6,43,47,-10.883711937266089,0.9393929324953932,-12.72492208495706,-9.042501789575118,-11.823104869761481,0.0
104,80,56,-10.7468827550355,1.092368525711803,-12.887925065430634,-8.605840444640366,-11.839251280747304,0.0
104,80,14,-10.351780178951806,1.4882607925070501,-13.268771332265624,-7.434789025637988,-11.840040971458857,0.0
117,45,22,-10.957845803235816,0.8922341507698892,-12.7066247387448,-9.209066867726833,-11.850079954005706,0.0
111,32,17,-10.49174274879563,1.3712608472923686,-13.179414009488672,-7.804071488102588,-11.863003596088,0.0
111,70,25,-10.275648385505246,1.5903243660110689,-13.39268414288694,-7.158612628123551,-11.865972751516315,0.0
64,117,54,-10.9514786561457,0.9169534921704213,-12.748707500799725,-9.154249811491674,-11.86843214831612,0.0
104,70,6,-10.44105020516427,1.4283422753622255,-13.240601064874232,-7.641499345454308,-11.869392480526496,0.0
6,43,31,-10.876268953699613,1.0191313291315829,-12.873766358797516,-8.87877154860171,-11.895400282831195,0.0
24,43,33,-10.969862308652646,0.9456587483562454,-12.823353455430887,-9.116371161874405,-11.915521057008892,0.0
68,82,13,-10.111168095089976,1.8237699235241576,-13.685757145197325,-6.536579044982627,-11.934938018614133,0.0
36,43,46,-11.025475890185914,0.9173402727125427,-12.823462824702498,-9.227488955669331,-11.942816162898458,0.0
64,117,0,-11.010038285473064,0.9364768576409528,-12.84553292644933,-9.174543644496797,-11.946515143114016,0.0
64,24,50,-11.103607033921596,0.8670300011971661,-12.802985836268043,-9.40422823157515,-11.970637035118763,0.0
99,32,50,-10.070904694239692,1.933861438895779,-13.86127311447542,-6.280536274003965,-12.00476613313547,0.0
99,70,30,-10.295825422844818,1.7241662819568078,-13.67519133548016,-6.916459510209474,-12.019991704801626,0.0
70,43,5,-10.740891129277559,1.2879829317031253,-13.265337675415685,-8.216444583139433,-12.028874060980684,0.0
104,70,49,-10.484907315486385,1.5502026818266863,-13.52330457186669,-7.44651005910608,-12.035109997313072,0.0
70,43,6,-10.7192054795823,1.3353551287620469,-13.33650153195591,-8.101909427208689,-12.054560608344346,0.0
36,104,2,-10.833246878757265,1.2271006251846528,-13.238364104119185,-8.428129653395345,-12.060347503941918,0.0
24,45,21,-10.834518986957876,1.2555879715587992,-13.295471411213123,-8.37356656270263,-12.090106958516676,0.0
111,32,44,-10.870824193950767,1.2212657432275085,-13.264505050676684,-8.47714333722485,-12.092089937178276,0.0
80,6,30,-10.896146109753294,1.2016431623696844,-13.251366707997876,-8.540925511508712,-12.097789272122979,0.0
104,6,39,-11.019689109060119,1.0801280743899,-13.136740134864322,-8.902638083255916,-12.09981718345002,0.0
32,24,30,-11.036091139018835,1.0725882407876919,-13.13836409096271,-8.933818187074959,-12.108679379806526,0.0
111,32,2,-10.761405900464492,1.365096697479375,-13.436995427524067,-8.085816373404917,-12.126502597943867,0.0
82,24,58,-10.950032121001222,1.2025573929121673,-13.30704461110907,-8.593019630893373,-12.152589513913389,0.0
38,43,58,-10.840995288301837,1.3164494362581887,-13.421236183367887,-8.260754393235787,-12.157444724560026,0.0
104,6,12,-11.027173445612837,1.145386564204553,-13.27213111145376,-8.782215779771914,-12.17256000981739,0.0
68,24,57,-11.047540652261409,1.1325717638446975,-13.267381309397017,-8.827699995125801,-12.180112416106107,0.0
68,99,12,-10.81048346744614,1.380141661723971,-13.515561124425123,-8.105405810467158,-12.190625129170112,0.0
60,6,13,-10.753555924818984,1.4446477970780756,-13.585065607092012,-7.922046242545957,-12.19820372189706,0.0
64,117,56,-11.3612113238775,0.837933281226017,-13.003560555080494,-9.718862092674506,-12.199144605103516,0.0
70,43,52,-10.868864160985652,1.3381079134053528,-13.491555671260144,-8.24617265071116,-12.206972074391004,0.0
36,99,30,-11.387837053656398,0.8240402204164649,-13.00295588567267,-9.772718221640126,-12.211877274072863,0.0
68,24,28,-11.109313492171188,1.1668783010396586,-13.396394962208918,-8.822232022133457,-12.276191793210845,0.0
68,24,0,-11.410861687763303,0.8827895439948169,-13.141129193993144,-9.680594181533461,-12.293651231758119,0.0
68,24,1,-11.626333328255399,0.685626346122581,-12.970160966655657,-10.28250568985514,-12.31195967437798,0.0
36,104,11,-11.30616559019579,1.0158001137216968,-13.297133813090316,-9.315197367301263,-12.321965703917487,0.0
36,43,57,-11.45832437033199,0.8694651528537645,-13.162476069925368,-9.754172670738612,-12.327789523185755,0.0
70,43,54,-10.936696839893822,1.4024915521696288,-13.685580282146294,-8.18781339764135,-12.33918839206345,0.0
70,43,23,-10.94294340505465,1.4047690363945111,-13.696290716387892,-8.18959609372141,-12.347712441449161,0.0
104,45,46,-11.409771509145509,0.956008212486206,-13.283547605618473,-9.535995412672545,-12.365779721631714,0.0
104,6,2,-11.034657324746602,1.3602814663152352,-13.700808998724463,-8.368505650768741,-12.394938791061838,0.0
117,43,27,-11.367181451213426,1.0419829128481581,-13.409467960395816,-9.324894942031037,-12.409164364061585,0.0
6,43,0,-11.68059115146626,0.7320360593247465,-13.115381827742763,-10.245800475189757,-12.412627210791007,0.0
104,43,28,-11.34087554575664,1.0895916867143303,-13.476475251716728,-9.205275839796553,-12.43046723247097,0.0
32,45,29,-11.209715070862824,1.2240213681320518,-13.608796952401645,-8.810633189324003,-12.433736438994876,0.0
111,36,13,-10.919519962930138,1.5152946914857996,-13.889497558242306,-7.949542367617971,-12.434814654415938,0.0
6,104,51,-11.382974414790223,1.063454716347718,-13.46734565883175,-9.298603170748695,-12.44642913113794,0.0
99,70,34,-10.965382095428865,1.4977575796394327,-13.900986951522153,-8.029777239335576,-12.463139675068298,0.0
32,45,40,-11.469382225383661,1.0198531901737005,-13.468294478124115,-9.470469972643208,-12.489235415557362,0.0
24,45,57,-11.48243083173213,1.0262863483068194,-13.493952074413496,-9.470909589050763,-12.508717180038948,0.0
36,104,51,-11.548585071614752,0.9767139605080225,-13.462944434210476,-9.634225709019029,-12.525299032122774,0.0
32,24,5,-11.605279763791318,0.9412269137205485,-13.450084514683592,-9.760475012899043,-12.546506677511866,0.0
104,70,26,-11.090435767762438,1.4609646315500737,-13.953926445600583,-8.226945089924293,-12.551400399312511,0.0
104,45,47,-11.418268786664791,1.1486568367419472,-13.669636186679007,-9.166901386650576,-12.566925623406739,0.0
6,43,55,-11.678753039342237,0.9119406978508586,-13.46615680712992,-9.891349271554553,-12.590693737193096,0.0
24,45,47,-11.682126348441574,0.9192939263287111,-13.483942444045848,-9.880310252837301,-12.601420274770286,0.0
68,43,53,-11.830912682147472,0.7837140834997766,-13.366992285807035,-10.29483307848791,-12.614626765647248,0.0
70,43,46,-11.369215345104433,1.2520734935340936,-13.823279392431257,-8.915151297777609,-12.621288838638526,0.0
64,24,55,-11.576849621913999,1.0519759855341841,-13.638722553561,-9.514976690266998,-12.628825607448183,0.0
43,6,51,-11.78012719964325,0.8591407310247123,-13.464043032451686,-10.096211366834813,-12.639267930667963,0.0
82,24,24,-11.440907573764582,1.2030582678600532,-13.798901778770286,-9.082913368758877,-12.643965841624635,0.0
104,6,51,-11.520651971232128,1.1295780234375006,-13.73462489716963,-9.306679045294628,-12.65022999466963,0.0
38,99,48,-10.699959586965372,1.9571144176784139,-14.535903845615064,-6.864015328315681,-12.657074004643786,0.0
6,43,51,-11.871900286114117,0.8068409500551253,-13.453308548222163,-10.290492024006072,-12.678741236169243,0.0
36,99,22,-11.755893020739457,0.93810092394351,-13.594570831668737,-9.917215209810177,-12.693993944682967,0.0
104,43,34,-11.892285610156753,0.8093907459985065,-13.478691472313825,-10.30587974799968,-12.701676356155259,0.0
64,68,27,-11.52036465861442,1.2236119484686363,-13.918644077612948,-9.122085239615894,-12.743976607083058,0.0
24,45,45,-11.957189997516371,0.8382675516898541,-13.600194398828485,-10.314185596204258,-12.795457549206226,0.0
99,70,47,-11.159264126458243,1.637265924246831,-14.368305337982033,-7.9502229149344545,-12.796530050705075,0.0
24,43,45,-11.916455413729167,0.9079654877854801,-13.696067769788709,-10.136843057669626,-12.824420901514648,0.0
6,43,11,-12.139849945836604,0.697718952819232,-13.507379093362298,-10.77232079831091,-12.837568898655835,0.0
36,43,11,-12.129962582060285,0.7104125680526734,-13.522371215443524,-10.737553948677046,-12.840375150112958,0.0
104,45,22,-12.020383989717802,0.8244373935338432,-13.636281281044134,-10.40448669839147,-12.844821383251645,0.0
32,24,39,-11.607150291080409,1.240187339278076,-14.037917476065438,-9.176383106095379,-12.847337630358485,0.0
38,99,47,-11.057311566475919,1.8022216219847125,-14.589665945565955,-7.5249571873858825,-12.859533188460631,0.0
41,99,33,-11.602930548237234,1.2806354930514767,-14.112976114618128,-9.09288498185634,-12.883566041288711,0.0
64,104,58,-11.772178710852371,1.1317824284494533,-13.9904722706133,-9.553885151091443,-12.903961139301824,0.0
32,75,52,-11.183161709280462,1.7761873668638695,-14.664488948333647,-7.701834470227277,-12.959349076144331,0.0
117,6,53,-11.510269188574853,1.4655238985377765,-14.382696029708894,-8.637842347440811,-12.97579308711263,0.0
36,117,0,-11.709070011017042,1.277870329726174,-14.213695857280342,-9.204444164753742,-12.986940340743216,0.0
24,45,8,-11.826121631902547,1.1736475211711226,-14.126470773397948,-9.525772490407146,-12.99976915307367,0.0
80,82,36,-11.623804792369588,1.380590816415917,-14.329762792544786,-8.917846792194391,-13.004395608785506,0.0
104,45,40,-12.216199662171345,0.8001417767892007,-13.784477544678179,-10.647921779664511,-13.016341438960545,0.0
32,45,24,-11.92408866637091,1.106742894056891,-14.093304738722416,-9.754872594019403,-13.030831560427801,0.0
6,104,17,-11.947474432340075,1.1201820061276595,-14.143031164350287,-9.751917700329862,-13.067656438467735,0.0
70,99,37,-11.39838959064626,1.6816853069302755,-14.6944927922296,-8.102286389062922,-13.080074897576536,0.0
6,43,41,-12.063807051401074,1.0281976411148033,-14.07907442798609,-10.048539674816059,-13.092004692515877,0.0
74,37,12,-11.64985136978308,1.4499021538657602,-14.491659591359971,-8.80804314820619,-13.099753523648841,0.0
117,6,15,-11.986890674191429,1.1687022137434528,-14.277547013128597,-9.69623433525426,-13.155592887934882,0.0
117,99,51,-11.94658243095549,1.2256179952704649,-14.3487937016856,-9.544371160225378,-13.172200426225954,0.0
74,68,53,-11.990228820116107,1.1911633446273102,-14.324908975585634,-9.65554866464658,-13.181392164743418,0.0
43,6,22,-12.47400272177313,0.7098693708289197,-13.865346688597814,-11.082658754948447,-13.18387209260205,0.0
36,99,41,-12.071337277481955,1.1217475892145896,-14.269962552342552,-9.872712002621359,-13.193084866696545,0.0
43,6,6,-11.97279919161587,1.2287925119427838,-14.381232515023726,-9.564365868208014,-13.201591703558654,0.0
99,6,42,-12.123885716642956,1.0925452768438935,-14.265274459256988,-9.982496974028924,-13.21643099348685,0.0
6,43,6,-12.010511123513934,1.208346615467088,-14.378870489829428,-9.642151757198441,-13.218857738981022,0.0
111,70,4,-11.845373288912615,1.3738032235392266,-14.5380276070495,-9.15271897077573,-13.219176512451842,0.0
117,99,6,-11.96326484501962,1.2719390165818243,-14.456265317519994,-9.470264372519244,-13.235203861601443,0.0
117,45,11,-12.380032203781447,0.9061576288927318,-14.1561011564112,-10.603963251151693,-13.286189832674179,0.0
36,104,17,-11.888863084821487,1.4025816423990145,-14.637923103923555,-9.13980306571942,-13.291444727220501,0.0
80,70,9,-11.479498841839716,1.820330461516789,-15.047346546412623,-7.9116511372668095,-13.299829303356505,0.0
68,43,48,-12.164660527482747,1.152023053186146,-14.422625711727592,-9.906695343237901,-13.316683580668894,0.0
64,117,30,-12.268733420899881,1.0493384010619025,-14.32543668698121,-10.212030154818553,-13.318071821961784,0.0
99,68,27,-12.16579698420623,1.1690569738978975,-14.457148653046108,-9.874445315366351,-13.334853958104127,0.0
70,43,40,-12.027461402763995,1.315234087134873,-14.605320213548346,-9.449602591979644,-13.342695489898869,0.0
99,70,22,-12.033026084801506,1.3328131625150268,-14.645339883330958,-9.420712286272053,-13.365839247316533,0.0
104,80,54,-12.170192284498446,1.1987892968598732,-14.519819306343798,-9.820565262653094,-13.36898158135832,0.0
70,43,50,-12.034780482533824,1.3530140764180976,-14.686688072313295,-9.382872892754353,-13.38779455895192,0.0
117,6,51,-12.090241414406773,1.3181841358414799,-14.673882320656073,-9.506600508157472,-13.408425550248253,0.0
6,43,26,-12.125609297084068,1.2940056593630969,-14.661860389435738,-9.589358204732399,-13.419614956447166,0.0
104,43,45,-12.232534273792854,1.190292143364258,-14.5655068747868,-9.899561672798908,-13.422826417157113,0.0
24,43,43,-12.339106239237625,1.0838264037797853,-14.463405990646004,-10.214806487829245,-13.42293264301741,0.0
99,32,56,-11.787085010674721,1.648204002328265,-15.01756485523812,-8.556605166111321,-13.435289013002986,0.0
64,117,28,-12.341028047467358,1.1024097155897883,-14.501751090023342,-10.180305004911373,-13.443437763057146,0.0
111,38,19,-12.343732726760987,1.1085603941379951,-14.516511099271458,-10.170954354250515,-13.452293120898982,0.0
104,68,58,-12.457205688898663,0.9965749754917752,-14.410492640862541,-10.503918736934784,-13.453780664390438,0.0
38,82,9,-12.691982481561144,0.7722008280684932,-14.20549610457539,-11.178468858546898,-13.464183309629638,0.0
104,80,15,-11.949853216896834,1.5399791599792774,-14.968212370456218,-8.93149406333745,-13.48983237687611,0.0
43,6,27,-12.56198617743997,0.9533465707575547,-14.430545456124776,-10.693426898755163,-13.515332748197524,0.0
104,43,24,-12.342930696269836,1.178064135803061,-14.651936402443836,-10.033924990095835,-13.520994832072896,0.0
36,117,35,-12.316553044071668,1.2159462396768332,-14.699807673838261,-9.933298414305074,-13.532499283748502,0.0
99,70,18,-11.325411153933585,2.235288261011796,-15.706576145516705,-6.944246162350465,-13.56069941494538,0.0
64,117,47,-12.287375697439057,1.2778335742292697,-14.791929502928426,-9.782821891949688,-13.565209271668326,0.0
6,104,10,-12.408494177823073,1.197299265057661,-14.75520073733609,-10.061787618310056,-13.605793442880733,0.0
36,117,54,-12.362160499894326,1.329764102039649,-14.968498139892038,-9.755822859896615,-13.691924601933975,0.0
36,43,10,-12.74152899494036,0.9519817202141921,-14.607413166560177,-10.875644823320544,-13.693510715154552,0.0
111,70,46,-12.208994338542825,1.4855050322215677,-15.120584201697097,-9.297404475388552,-13.694499370764392,0.0
64,24,41,-12.627499764023918,1.0672780505769,-14.719364743154642,-10.535634784893194,-13.694777814600819,0.0
104,6,43,-12.414409590214781,1.2828308384607594,-14.92875803359787,-9.900061146831693,-13.69724042867554,0.0
38,104,53,-11.30455603642125,2.4048048728703773,-16.01797358724719,-6.591138485595311,-13.709360909291627,0.0
117,6,35,-12.513489996942875,1.2014597660060116,-14.868351138314658,-10.158628855571092,-13.714949762948887,0.0
68,70,10,-11.416107817700393,2.2999412611290735,-15.923992689513376,-6.908222945887409,-13.716049078829467,0.0
111,70,28,-11.901715790543967,1.816690727571694,-15.462429616584487,-8.341001964503448,-13.71840651811566,0.0
68,43,47,-12.848070911643825,0.8878611019412314,-14.588278671448638,-11.107863151839013,-13.735932013585057,0.0
64,68,19,-12.467691206078607,1.272788581406677,-14.962356825635695,-9.97302558652152,-13.740479787485285,0.0
36,117,12,-12.196370313793627,1.5508058345392455,-15.235949749490548,-9.156790878096707,-13.747176148332873,0.0
64,104,18,-12.403951450406424,1.349174392104871,-15.048333258931972,-9.759569641880876,-13.753125842511295,0.0
99,24,44,-12.627403638815242,1.128426908819812,-14.839120380102074,-10.41568689752841,-13.755830547635053,0.0
104,70,10,-12.469168404158914,1.2987967726919745,-15.014810078635184,-9.923526729682644,-13.767965176850888,0.0
6,104,19,-12.716919226938623,1.0650896567024943,-14.804494954075512,-10.629343499801735,-13.782008883641117,0.0
117,6,40,-12.519150039403936,1.2710891064742142,-15.010484688093396,-10.027815390714476,-13.79023914587815,0.0
99,32,18,-11.697346237328338,2.1137181819978137,-15.840233874044053,-7.554458600612623,-13.81106441932615,0.0
74,41,47,-12.607321746231966,1.2051233800383478,-14.969363571107127,-10.245279921356804,-13.812445126270314,0.0
36,104,10,-12.53421133917565,1.2873328104963038,-15.057383647748406,-10.011039030602895,-13.821544149671954,0.0
43,6,44,-12.90125623503584,0.941362822872725,-14.74632736786638,-11.0561851022053,-13.842619057908564,0.0
64,104,50,-12.904903939575027,0.9409883586457303,-14.749241122520658,-11.060566756629395,-13.845892298220758,0.0
64,24,36,-12.858331104407469,1.0089680746084526,-14.835908530640037,-10.880753678174901,-13.867299179015921,0.0
6,24,9,-12.820483424224037,1.050651529505657,-14.879760422055124,-10.761206426392949,-13.871134953729694,0.0
24,43,12,-12.725434462925108,1.2719568347865302,-15.218469859106706,-10.23239906674351,-13.997391297711639,0.0
43,6,49,-13.04042402640167,1.0190453596810234,-15.037752931376476,-11.043095121426864,-14.059469386082693,0.0
111,32,51,-12.957277199914799,1.1116036091493353,-15.136020273847496,-10.778534125982102,-14.068880809064135,0.0
74,41,57,-12.868399390960864,1.2224633574499966,-15.264427571562857,-10.47237121035887,-14.09086274841086,0.0
32,24,2,-12.811775607596537,1.2988576855910274,-15.357536671354952,-10.266014543838123,-14.110633293187565,0.0
104,45,15,-12.801503847323302,1.3187300164623654,-15.386214679589537,-10.216793015057066,-14.120233863785668,0.0
36,24,24,-12.583987368768154,1.5716937678206977,-15.664507153696722,-9.503467583839587,-14.155681136588852,0.0
99,68,26,-13.202124431500648,0.9571627340571462,-15.078163390252655,-11.326085472748641,-14.159287165557794,0.0
104,43,30,-12.74902027076184,1.4124574519708641,-15.517436876624734,-9.980603664898945,-14.161477722732704,0.0
99,32,28,-12.016820841802053,2.1797999360013973,-16.289228716364793,-7.744412967239314,-14.19662077780345,0.0
32,45,42,-12.937196041998526,1.3014673592454449,-15.488072066119598,-10.386320017877454,-14.23866340124397,0.0
104,80,52,-12.812343681602908,1.426387566606396,-15.608063312151444,-10.016624051054372,-14.238731248209303,0.0
70,43,47,-12.936516598711894,1.3122763951184029,-15.508578333143962,-10.364454864279825,-14.248792993830296,0.0
38,24,56,-12.627060839745397,1.6365179290254963,-15.834635980635369,-9.419485698855425,-14.263578768770893,0.0
24,43,7,-13.13501269999379,1.1318598985036001,-15.353458101060847,-10.916567298926735,-14.266872598497391,0.0
36,117,4,-13.138373471349807,1.1294742402253115,-15.352142982191417,-10.924603960508197,-14.267847711575119,0.0
111,104,32,-12.946557358378751,1.3282638958724218,-15.549954594288698,-10.343160122468804,-14.274821254251172,0.0
43,6,14,-13.254902346000357,1.081697948113332,-15.375030324302488,-11.134774367698226,-14.336600294113689,0.0
70,43,57,-12.927478775686247,1.4127613906986423,-15.696491101455585,-10.158466449916908,-14.34024016638489,0.0
111,104,1,-12.935092299883387,1.4106729250937715,-15.70001123306718,-10.170173366699593,-14.345765224977159,0.0
82,24,53,-12.83968867566422,1.5252373372294528,-15.829153856633948,-9.850223494694493,-14.364926012893672,0.0
36,24,38,-13.173840385096582,1.1998493260447012,-15.525545064144197,-10.822135706048968,-14.373689711141283,0.0
6,24,38,-13.250264570635672,1.170166579249027,-15.543791065963765,-10.956738075307578,-14.420431149884699,0.0
64,117,46,-13.50596920397059,0.9162605871590628,-15.301839954802354,-11.710098453138826,-14.422229791129652,0.0
38,24,9,-12.605364662153535,1.8341573869365855,-16.20031314054924,-9.010416183757828,-14.43952204909012,0.0
38,99,17,-12.410106537961056,2.0312360194006835,-16.391329135986396,-8.428883939935716,-14.44134255736174,0.0
70,24,58,-12.6725231805472,1.7726447192218027,-16.146906830221933,-9.198139530872467,-14.445167899769004,0.0
104,45,56,-13.407026757058434,1.1273095458314388,-15.616553466888053,-11.197500047228814,-14.534336302889873,0.0
64,117,6,-13.104096091060091,1.440747452297828,-15.927961097563834,-10.280231084556348,-14.544843543357919,0.0
99,70,54,-12.91003920605494,1.6405679557429345,-16.12555239931109,-9.694526012798788,-14.550607161797874,0.0
38,104,11,-12.399013009071238,2.1576287364637734,-16.627965332540235,-8.170060685602241,-14.55664174553501,0.0
24,45,11,-13.436237326129296,1.12883397359768,-15.64875191438075,-11.223722737877843,-14.565071299726977,0.0
104,43,26,-13.465803917200578,1.114837438800278,-15.650885297249122,-11.280722537152034,-14.580641356000855,0.0
6,43,14,-13.464733736477006,1.1409567358606243,-15.701008938763831,-11.228458534190182,-14.605690472337631,0.0
38,104,9,-12.87864870785605,1.7333564719456067,-16.276027392869437,-9.481270022842661,-14.612005179801656,0.0
104,99,9,-13.542197482291893,1.0766205294398612,-15.65237371999402,-11.432021244589766,-14.618818011731754,0.0
111,104,28,-13.091931645704049,1.5374997512472455,-16.10543115814865,-10.078432133259447,-14.629431396951295,0.0
104,24,18,-13.040903703724238,1.5913140951654219,-16.159879330248465,-9.921928077200011,-14.63221779888966,0.0
68,80,52,-13.089030715661282,1.549680432822382,-16.126404363993153,-10.051657067329414,-14.638711148483665,0.0
99,82,6,-13.458539303900466,1.1962621049400688,-15.803213029583,-11.113865578217931,-14.654801408840534,0.0
32,43,38,-13.21382336688291,1.4420956829277298,-16.04033090542126,-10.387315828344558,-14.65591904981064,0.0
68,80,54,-13.224451599852722,1.4389565940982885,-16.044806524285367,-10.404096675420078,-14.66340819395101,0.0
117,82,58,-13.178602423524064,1.553681198881155,-16.22381757333113,-10.133387273717,-14.732283622405218,0.0
117,6,6,-13.340600473100666,1.392051227824154,-16.069020879636007,-10.612180066565324,-14.732651700924821,0.0
82,24,28,-13.197480819674464,1.5361536210767974,-16.20834191698499,-10.186619722363941,-14.733634440751262,0.0
24,45,39,-13.431378820437342,1.3080439001992368,-15.995144864827846,-10.867612776046837,-14.739422720636579,0.0
104,80,57,-13.369544919534011,1.3827494319387854,-16.07973380613403,-10.659356032933992,-14.752294351472797,0.0
80,82,2,-12.958540972387729,1.8065819152454825,-16.499441526268875,-9.417640418506583,-14.765122887633211,0.0
24,6,20,-13.71146731328129,1.0607625575985131,-15.790561926174375,-11.632372700388204,-14.772229870879803,0.0
104,43,5,-13.487353225928874,1.305662194840696,-16.04645112781664,-10.92825532404111,-14.79301542076957,0.0
104,6,6,-13.219091363382253,1.5785057723150606,-16.31296267711977,-10.125220049644735,-14.797597135697313,0.0
64,104,23,-13.76953601563024,1.0402657917683313,-15.80845696749617,-11.730615063764311,-14.809801807398571,0.0
99,32,20,-13.313381854135352,1.5046660962728706,-16.26252740283018,-10.364236305440526,-14.818047950408223,0.0
24,45,10,-13.832501169276096,1.010731617439201,-15.81353513945693,-11.851467199095262,-14.843232786715298,0.0
36,117,45,-13.420476686825381,1.4251852727690215,-16.213839821452662,-10.6271135521981,-14.845661959594402,0.0
38,43,40,-13.588931647323452,1.2703440725626554,-16.078806029546257,-11.099057265100647,-14.859275719886108,0.0
111,82,13,-13.187285604604604,1.719297155952906,-16.5571080302723,-9.817463178936908,-14.90658276055751,0.0
38,99,33,-13.012486191020248,1.9050947417799762,-16.746471884909,-9.278500497131494,-14.917580932800224,0.0
104,43,44,-13.737711512087317,1.1850672852643085,-16.06044339120536,-11.414979632969272,-14.922778797351626,0.0
6,24,20,-13.803937868733943,1.130013672207551,-16.018764666260743,-11.589111071207142,-14.933951540941493,0.0
70,43,28,-13.479683364711612,1.4654997332911222,-16.352062841962212,-10.607303887461011,-14.945183098002733,0.0
32,45,47,-13.623766206389423,1.366766572972484,-16.302628689415492,-10.944903723363353,-14.990532779361907,0.0
68,18,37,-13.437585503021591,1.576996792855229,-16.52849921701784,-10.346671789025342,-15.01458229587682,0.0
104,117,23,-13.92000630293578,1.103900816784971,-16.083651903834323,-11.756360702037238,-15.023907119720752,0.0
43,6,42,-13.920184264456227,1.1114934281700373,-16.0987113836695,-11.741657145242954,-15.031677692626264,0.0
99,70,31,-12.922270225365157,2.1622922817157417,-17.160363097528013,-8.684177353202303,-15.084562507080898,0.0
68,24,51,-13.539177602883301,1.5647166075421408,-16.606022153665897,-10.472333052100705,-15.103894210425441,0.0
32,45,21,-13.492910225156537,1.6354621510933878,-16.698416041299577,-10.287404409013497,-15.128372376249924,0.0
32,45,18,-13.667803099033728,1.4718024934393843,-16.55253598617492,-10.783070211892536,-15.139605592473112,0.0
70,24,30,-13.277669903662376,1.8660732992029327,-16.935173570100126,-9.620166237224629,-15.14374320286531,0.0
104,117,32,-14.170531551046773,1.0089425197985107,-16.148058889851853,-12.193004212241693,-15.179474070845284,0.0
38,45,38,-14.131429298400596,1.0515959667459707,-16.1925573932227,-12.070301203578493,-15.183025265146567,0.0
104,80,44,-13.50768105232809,1.6807981751656789,-16.80204547565282,-10.213316629003359,-15.188479227493769,0.0
64,24,27,-13.903951069689606,1.285102426096706,-16.42275182483915,-11.385150314540063,-15.189053495786313,0.0
111,70,27,-13.645198083490074,1.561744115992293,-16.706216550834966,-10.58417961614518,-15.206942199482366,0.0
68,24,14,-14.071470354839184,1.1506933098163197,-16.32682924207917,-11.816111467599196,-15.222163664655504,0.0
74,68,52,-14.134182462490068,1.100760131751935,-16.291672320723862,-11.976692604256275,-15.234942594242003,0.0
36,117,11,-14.18446990207207,1.1357669211251664,-16.410573067477397,-11.958366736666743,-15.320236823197236,0.0
70,43,43,-13.880552325499588,1.4434274679159784,-16.709670162614906,-11.05143448838427,-15.323979793415566,0.0
64,117,10,-14.284237029377676,1.0630481707391242,-16.36781144402636,-12.200662614728992,-15.3472852001168,0.0
104,45,41,-13.874133324686712,1.4758895144655741,-16.766876773039236,-10.981389876334188,-15.350022839152286,0.0
38,24,40,-13.239039514031035,2.114086820935712,-17.38264968306503,-9.09542934499704,-15.353126334966747,0.0
68,43,6,-14.187595034631148,1.176202802611127,-16.492952527748958,-11.882237541513339,-15.363797837242275,0.0
70,43,2,-13.582771668801172,1.7890457590204685,-17.08930135648129,-10.076241981121054,-15.37181742782164,0.0
104,68,42,-14.086485597550702,1.2947173694321288,-16.624131641637675,-11.54883955346373,-15.38120296698283,0.0
68,24,45,-14.430458196302558,1.0249237624809848,-16.439308770765287,-12.421607621839827,-15.455381958783542,0.0
38,24,57,-13.429464846145889,2.044366770847901,-17.436423717007777,-9.422505975284002,-15.47383161699379,0.0
99,68,6,-14.141225491936892,1.3492409902273332,-16.785737832782466,-11.496713151091319,-15.490466482164225,0.0
104,45,55,-14.336861111274088,1.1547730857616028,-16.60021635936683,-12.073505863181346,-15.49163419703569,0.0
74,41,33,-14.268432018552666,1.2239430222724825,-16.66736034220673,-11.8695036948986,-15.492375040825149,0.0
43,6,13,-13.96438483564011,1.5339712243898482,-16.970968435444213,-10.957801235836008,-15.498356060029959,0.0
104,43,35,-14.205201657645025,1.3272812244599395,-16.806672857586506,-11.603730457703545,-15.532482882104965,0.0
32,99,47,-13.631645803744318,1.9035959843985037,-17.362693933165385,-9.90059767432325,-15.535241788142821,0.0
36,117,22,-14.38914931373885,1.1469885226039287,-16.63724681804255,-12.14105180943515,-15.536137836342778,0.0
99,70,42,-13.353803141703082,2.2196139987748946,-17.704246579301874,-9.00335970410429,-15.573417140477977,0.0
38,43,46,-14.273087770132728,1.3083497842937046,-16.83745334734839,-11.708722192917067,-15.581437554426433,0.0
117,6,22,-14.5433063408191,1.0870381160102265,-16.673901048199145,-12.412711633439056,-15.630344456829327,0.0
38,24,45,-13.529380988231141,2.137457855341993,-17.718798384701447,-9.339963591760835,-15.666838843573135,0.0
36,99,13,-14.04940071040122,1.6228235149353223,-17.230134799674452,-10.86866662112799,-15.672224225336542,0.0
68,80,16,-14.130227933900379,1.5434779994701724,-17.155444812861916,-11.105011054938842,-15.67370593337055,0.0
117,6,57,-14.499769534826635,1.2837315719603482,-17.015883415868917,-11.983655653784353,-15.783501106786984,0.0
104,43,41,-14.481069365881522,1.3118094407898964,-17.05221586982972,-11.909922861933325,-15.792878806671418,0.0
99,32,49,-13.7972191377636,2.0411591082768807,-17.797890989986286,-9.796547285540914,-15.838378246040481,0.0
104,43,4,-14.386487912033155,1.4920795266869276,-17.310963784339535,-11.462012039726778,-15.878567438720083,0.0
111,70,19,-13.948083989658679,1.9347429467488555,-17.740180165286436,-10.155987814030922,-15.882826936407534,0.0
24,45,17,-14.76510636691799,1.1403743839614626,-17.00024015948246,-12.529972574353524,-15.905480750879454,0.0
117,6,47,-14.202255628674765,1.7089395153313232,-17.551777078724157,-10.852734178625372,-15.911195144006088,0.0
111,104,24,-14.586395576481156,1.3338424784900282,-17.20072683432161,-11.972064318640701,-15.920238054971184,0.0
104,43,7,-14.664433350009462,1.2623570693365562,-17.13865320590911,-12.190213494109813,-15.926790419346018,0.0
38,45,1,-14.567681398307405,1.3644615852419857,-17.242026105381697,-11.893336691233113,-15.93214298354939,0.0
99,68,10,-14.615047719025046,1.3209212656757228,-17.204053399749462,-12.02604203830063,-15.93596898470077,0.0
24,6,34,-14.869941310096888,1.0694988071529379,-16.966158972116645,-12.77372364807713,-15.939440117249825,0.0
38,68,9,-14.35313671127879,1.6393266946874363,-17.566217032866163,-11.140056389691415,-15.992463405966227,0.0
104,45,8,-14.708958008842988,1.290217675549742,-17.23778465292048,-12.180131364765494,-15.99917568439273,0.0
104,68,25,-14.932408533763475,1.093085404035225,-17.074855925672516,-12.789961141854434,-16.0254939377987,0.0
99,24,10,-14.893589168791479,1.1354632289080209,-17.1190970974512,-12.668081240131759,-16.0290523976995,0.0
6,24,34,-15.056878114359867,1.0534188551870773,-17.121579070526536,-12.992177158193195,-16.110296969546944,0.0
68,43,26,-14.916319971589965,1.1967406231777904,-17.261931593018435,-12.570708350161496,-16.113060594767756,0.0
104,43,27,-14.972520941718972,1.1690088296568844,-17.263778247846467,-12.68126363559148,-16.141529771375858,0.0
38,24,35,-14.060350504863301,2.1174473675682064,-18.210547345296987,-9.910153664429616,-16.17779787243151,0.0
70,24,5,-14.189364958254604,1.9984297648194793,-18.106287297300785,-10.272442619208425,-16.187794723074084,0.0
104,117,24,-14.986618909102353,1.2174458058659958,-17.372812688599705,-12.600425129605,-16.204064714968347,0.0
117,6,43,-14.737741023225832,1.4859275133365204,-17.650158949365412,-11.825323097086251,-16.223668536562354,0.0
38,24,47,-14.412050923928485,1.847016022541801,-18.032202328110415,-10.791899519746554,-16.259066946470284,0.0
70,24,34,-14.81884716095857,1.4957111161497567,-17.750440948612095,-11.887253373305047,-16.31455827710833,0.0
117,68,24,-14.29247587782576,2.0970159790716987,-18.40262719680629,-10.182324558845231,-16.389491856897457,0.0
104,80,19,-15.028388738744592,1.3662703196029564,-17.706278565166386,-12.350498912322799,-16.39465905834755,0.0
68,80,55,-14.440683399339663,1.9644993125315007,-18.291102051901404,-10.590264746777923,-16.405182711871163,0.0
104,24,53,-14.676864442918843,1.7354914368727996,-18.07842765918953,-11.275301226648157,-16.412355879791644,0.0
117,6,30,-15.143513843292737,1.3828018841656249,-17.85380553625736,-12.433222150328113,-16.52631572745836,0.0
64,24,17,-15.461063509403468,1.0703774567616164,-17.559003324656235,-13.3631236941507,-16.531440966165086,0.0
104,45,0,-15.275504351000281,1.2690526491214575,-17.762847543278337,-12.788161158722225,-16.54455700012174,0.0
70,75,57,-14.948559307066267,1.6482363334524501,-18.17910252063307,-11.718016093499465,-16.596795640518717,0.0
80,43,13,-14.708226504233687,1.8897663669389004,-18.41216858343393,-11.004284425033443,-16.597992871172586,0.0
117,6,28,-15.205658073780668,1.400381247483563,-17.950405318848453,-12.460910828712885,-16.60603932126423,0.0
36,117,13,-15.112018724423889,1.4952360778720386,-18.042681437053083,-12.181356011794694,-16.607254802295927,0.0
36,117,31,-15.107191157571268,1.5189446318250666,-18.0843226359484,-12.130059679194138,-16.626135789396336,0.0
104,117,1,-14.997399535459552,1.659750542476722,-18.250510598713927,-11.744288472205177,-16.657150077936272,0.0
38,24,22,-14.537922205082161,2.1376494677534303,-18.727715161878884,-10.348129248285439,-16.67557167283559,0.0
104,68,55,-15.481159263851746,1.1979108883700293,-17.829064605057003,-13.133253922646489,-16.679070152221776,0.0
104,45,7,-15.084672303516621,1.608216328073973,-18.236776306541607,-11.932568300491635,-16.692888631590595,0.0
60,70,38,-14.866483663806129,1.8453321219975132,-18.483334622921255,-11.249632704691003,-16.71181578580364,0.0
70,99,33,-14.655112213353338,2.1133407462278972,-18.797260075960015,-10.51296435074666,-16.768452959581236,0.0
104,68,52,-15.692434366436888,1.0821719613338874,-17.81349141065131,-13.57137732222247,-16.774606327770776,0.0
99,70,14,-14.341694780810883,2.4375531434354953,-19.119298941944454,-9.564090619677312,-16.779247924246377,0.0
99,70,33,-14.646489793429714,2.1463199379368767,-18.853276871785994,-10.439702715073436,-16.79280973136659,0.0
68,80,12,-14.82324383108744,1.974857257797839,-18.693964056371204,-10.952523605803677,-16.79810108888528,0.0
41,117,17,-14.883030630228266,1.9409809217180347,-18.687353236795612,-11.078708023660917,-16.8240115519463,0.0
32,24,6,-15.694283898706832,1.1387796654814277,-17.92629204305043,-13.462275754363233,-16.833063564188258,0.0
38,24,46,-14.854551822846371,2.003998994551576,-18.78238985216746,-10.926713793525282,-16.858550817397948,0.0
36,24,23,-15.629816309071293,1.2470066335832286,-18.07394931089442,-13.185683307248166,-16.87682294265452,0.0
6,24,1,-15.543439996115886,1.3426463209095276,-18.17502678509856,-12.911853207133213,-16.886086317025413,0.0
104,117,45,-15.607095409756239,1.2916932148206612,-18.138814110804734,-13.075376708707743,-16.898788624576902,0.0
38,45,56,-15.542107839374605,1.3575279632212427,-18.202862647288242,-12.88135303146097,-16.89963580259585,0.0
104,45,13,-15.592264111314678,1.350432132762373,-18.23911109152893,-12.945417131100427,-16.94269624407705,0.0
36,117,48,-15.572493916539184,1.385922233436537,-18.288901494074796,-12.856086339003571,-16.958416149975722,0.0
104,117,18,-15.393473156859553,1.6116674305580108,-18.552341320753253,-12.234604992965853,-17.005140587417564,0.0
36,24,40,-15.43020237697218,1.612867961727352,-18.59142358195779,-12.26898117198657,-17.043070338699533,0.0
41,18,12,-15.087344228278504,1.9655863499547455,-18.939893474189805,-11.234794982367202,-17.052930578233248,0.0
38,99,27,-15.349029025275206,1.7347655169674918,-18.74916943853149,-11.948888612018923,-17.083794542242696,0.0
36,117,18,-15.615874940855717,1.5022913244264682,-18.560365936731593,-12.671383944979839,-17.118166265282184,0.0
104,45,51,-15.859746338881902,1.2651003973437511,-18.339343117675654,-13.38014956008815,-17.124846736225653,0.0
37,18,52,-15.674344055012176,1.4635215705567508,-18.54284633330341,-12.805841776720944,-17.137865625568928,0.0
117,82,34,-15.702918045335828,1.4357302241168732,-18.516949284604898,-12.888886806066756,-17.138648269452702,0.0
117,6,48,-15.607205964771596,1.5459474680842813,-18.637263002216788,-12.577148927326405,-17.153153432855877,0.0
99,32,43,-14.728693169252573,2.445350643016755,-19.52158042956541,-9.935805908939734,-17.17404381226933,0.0
38,82,24,-15.942825399597536,1.2325016379992426,-18.358528610076053,-13.527122189119021,-17.17532703759678,0.0
99,32,52,-15.438041545052824,1.7806898913136677,-18.928193732027612,-11.947889358078037,-17.218731436366493,0.0
82,24,21,-15.84426870342208,1.4569550575245331,-18.699900616170165,-12.988636790673993,-17.301223760946613,0.0
32,43,58,-15.615388109403867,1.739509719001309,-19.02482715864643,-12.205949060161302,-17.354897828405175,0.0
117,6,14,-15.883145156215912,1.4884524710645242,-18.80051199950238,-12.965778312929444,-17.371597627280437,0.0
32,45,10,-15.989640212350754,1.4329608083831091,-18.798243396781647,-13.18103702791986,-17.42260102073386,0.0
64,104,3,-16.014626594542168,1.4474109852938262,-18.85155212571807,-13.17770106336627,-17.462037579835993,0.0
104,117,34,-15.906943826020925,1.5768537284232227,-18.99757713373044,-12.816310518311408,-17.48379755444415,0.0
38,104,47,-15.101767996279625,2.387242500623969,-19.780763297502602,-10.422772695056645,-17.489010496903592,0.0
38,104,56,-14.992832316094837,2.527139652584416,-19.946026035160294,-10.039638597029382,-17.519971968679254,0.0
38,43,3,-16.23149245500335,1.3130656045049913,-18.805101039833133,-13.657883870173569,-17.544558059508343,0.0
32,99,33,-15.386610592501937,2.168060403866556,-19.636008984080384,-11.137212200923488,-17.554670996368493,0.0
117,43,13,-15.797533654208543,1.762761741170068,-19.252546666901875,-12.34252064151521,-17.56029539537861,0.0
24,6,12,-16.304420882997075,1.280188942440392,-18.813591210180242,-13.795250555813906,-17.584609825437468,0.0
60,70,25,-15.309198620274103,2.29880942915098,-19.814865101410025,-10.80353213913818,-17.60800804942508,0.0
36,24,56,-16.384998005623206,1.2399668229002054,-18.81533297850761,-13.954663032738804,-17.62496482852341,0.0
38,43,30,-15.466496829106916,2.1792616216799856,-19.73784960759969,-11.195144050614143,-17.6457584507869,0.0
117,68,20,-15.831120782033281,1.8271431453273397,-19.41232134687487,-12.249920217191695,-17.658263927360622,0.0
41,117,33,-16.088389627925714,1.6000022446232849,-19.22439402738735,-12.952385228464076,-17.688391872548998,0.0
6,24,0,-16.42947306636606,1.2616550866433556,-18.90231703618704,-13.956629096545084,-17.691128153009416,0.0
117,68,38,-15.79331012562518,1.9485392753757862,-19.61244710536172,-11.974173145888638,-17.741849401000966,0.0
38,43,47,-16.113399648539193,1.6415837480613438,-19.330903794739427,-12.89589550233896,-17.754983396600537,0.0
6,24,56,-16.430271738686773,1.3269723639083555,-19.03113757194715,-13.829405905426396,-17.75724410259513,0.0
68,80,27,-16.000838308128174,1.7702899953967186,-19.47060669910574,-12.531069917150605,-17.771128303524893,0.0
6,24,51,-16.395661720428123,1.4186936461793351,-19.17630126693962,-13.615022173916627,-17.814355366607458,0.0
36,24,29,-16.411982423931825,1.4084448440452695,-19.172534318260553,-13.651430529603097,-17.820427267977095,0.0
70,24,29,-16.119931031891962,1.7146325344834064,-19.48061079947944,-12.759251264304485,-17.83456356637537,0.0
6,24,5,-16.489213223294627,1.3509538494035236,-19.137082768125534,-13.841343678463721,-17.84016707269815,0.0
24,6,54,-16.289697820475592,1.5815572527377113,-19.389550035841506,-13.189845605109678,-17.8712550732133,0.0
38,68,58,-16.166312812761813,1.7716552549297164,-19.638757112424056,-12.693868513099568,-17.93796806769153,0.0
36,24,3,-16.561655719077528,1.4238659358807377,-19.352432953403774,-13.770878484751282,-17.985521654958266,0.0
24,6,4,-16.494515625981933,1.5283108860835903,-19.49000496270577,-13.499026289258095,-18.022826512065524,0.0
38,82,32,-16.560274388050566,1.4666832034751065,-19.434973466861774,-13.685575309239358,-18.026957591525672,0.0
70,75,37,-16.322906625982935,1.7386599926945523,-19.730680211664257,-12.915133040301612,-18.061566618677485,0.0
82,24,54,-16.61386760437611,1.4760795929015635,-19.506983606463177,-13.720751602289047,-18.089947197277674,0.0
104,43,6,-16.66849998836624,1.4338429942220396,-19.478832257041436,-13.858167719691043,-18.10234298258828,0.0
68,80,41,-16.27739928171734,1.9411328717635763,-20.08201971037395,-12.472778853060731,-18.218532153480915,0.0
111,104,11,-16.85000487987226,1.3721899681086802,-19.539497217365273,-14.160512542379246,-18.22219484798094,0.0
64,104,22,-16.71064414537231,1.5157280533218185,-19.681471129883075,-13.739817160861545,-18.22637219869413,0.0
104,24,32,-16.493733273379974,1.7462677836078906,-19.91641812925144,-13.071048417508507,-18.240001056987865,0.0
111,70,52,-16.372198525073618,1.8730089131274874,-20.043295994803493,-12.701101055343742,-18.245207438201106,0.0
32,45,2,-16.674887826605186,1.5853189668592296,-19.782113001649275,-13.567662651561097,-18.260206793464416,0.0
82,24,52,-16.789273980914363,1.4709906347595623,-19.672415625043104,-13.906132336785621,-18.260264615673925,0.0
38,104,46,-15.945522068546742,2.3332614955805937,-20.518714599884706,-11.372329537208778,-18.278783564127338,0.0
32,99,17,-16.285166303991485,2.0017515771828798,-20.20859939526993,-12.361733212713041,-18.286917881174364,0.0
104,117,46,-16.9685763579289,1.3647536467454748,-19.64349350555003,-14.29365921030777,-18.333330004674373,0.0
32,45,12,-16.763961987419083,1.5801097987563375,-19.860977192981505,-13.666946781856662,-18.34407178617542,0.0
104,68,41,-17.053006055004058,1.3046754281154047,-19.61016989411025,-14.495842215897865,-18.357681483119464,0.0
117,82,40,-16.610613681355346,1.7619601840208468,-20.064055642036205,-13.157171720674487,-18.372573865376193,0.0
38,68,53,-16.3077730083012,2.151485311961358,-20.524684219745463,-12.090861796856938,-18.45925832026256,0.0
38,43,26,-16.75616384021864,1.7128164096898801,-20.113284003210804,-13.399043677226475,-18.46898024990852,0.0
38,45,21,-16.845308692564057,1.7245194990505877,-20.225366910703208,-13.465250474424906,-18.569828191614643,0.0
36,24,55,-17.182639703608782,1.4306871758093158,-19.98678656819504,-14.378492839022524,-18.613326879418096,0.0
24,6,55,-17.099946735685634,1.5149088952239227,-20.069168170324524,-14.130725301046745,-18.614855630909556,0.0
99,32,26,-16.330531766093777,2.3375080421460908,-20.912047528700114,-11.74901600348744,-18.668039808239868,0.0
117,82,37,-16.943838960088737,1.7558727105820633,-20.38534947282958,-13.502328447347892,-18.6997116706708,0.0
36,24,57,-17.2805994500298,1.4234581091860738,-20.070577344034504,-14.490621556025095,-18.704057559215876,0.0
68,80,48,-16.78552377365448,1.925834926624593,-20.56016022983868,-13.010887317470276,-18.71135870027907,0.0
36,24,48,-17.22456882153671,1.5498028669562598,-20.262182440770978,-14.18695520230244,-18.77437168849297,0.0
64,32,40,-17.219468382360628,1.5996180325635625,-20.35471972618521,-14.084217038536046,-18.81908641492419,0.0
82,24,36,-17.24129159388238,1.6062236510321868,-20.389489949905467,-14.093093237859295,-18.847515244914568,0.0
24,6,41,-17.31467833792167,1.5429662894306173,-20.33889226520568,-14.29046441063766,-18.857644627352286,0.0
64,32,23,-17.330167482806132,1.5436829468866582,-20.355786058703984,-14.304548906908282,-18.87385042969279,0.0
38,82,53,-17.255705162597106,1.6693130720182754,-20.527558783752927,-13.983851541441286,-18.925018234615383,0.0
24,6,36,-17.703585391260408,1.3051256308248382,-20.26163162767709,-15.145539154843725,-19.008711022085247,0.0
6,24,48,-17.567993621155573,1.4464043818489696,-20.402946209579554,-14.733041032731592,-19.014398003004544,0.0
99,70,26,-16.573177935311822,2.4529274719310346,-21.38091578029665,-11.765440090326994,-19.026105407242856,0.0
70,24,51,-17.081533009428586,1.9472816967943738,-20.89820513514556,-13.264860883711613,-19.02881470622296,0.0
6,24,46,-17.5164990182595,1.5434562693852911,-20.54167330625467,-14.491324730264328,-19.05995528764479,0.0
70,24,52,-17.13032660636609,1.9540883604045596,-20.960339792759026,-13.300313419973154,-19.084414966770648,0.0
32,43,32,-17.107989936822634,1.9773459932650048,-20.983588083622042,-13.232391790023225,-19.085335930087638,0.0
117,6,42,-17.57613043586512,1.5279457381220725,-20.570904082584384,-14.58135678914586,-19.104076173987192,0.0
6,24,57,-17.735735297431628,1.3894073060286196,-20.45897361724772,-15.012496977615534,-19.125142603460247,0.0
24,6,46,-17.725646019623856,1.42148038694216,-20.511747578030487,-14.939544461217222,-19.147126406566016,0.0
64,104,42,-17.657376656203468,1.4975393880810826,-20.59255385684239,-14.722199455564546,-19.15491604428455,0.0
111,104,37,-17.766093270087154,1.4289622350568667,-20.566859250798615,-14.965327289375695,-19.19505550514402,0.0
70,99,12,-16.57142179933369,2.675884389881338,-21.816155203501115,-11.326688395166268,-19.24730618921503,0.0
104,68,39,-17.91290625162692,1.3368765728667498,-20.53318433444575,-15.292628168808092,-19.24978282449367,0.0
80,70,1,-16.894325806830633,2.3712577680901337,-21.541991032287296,-12.24666058137397,-19.26558357492077,0.0
111,70,8,-17.278850692991192,2.0396160996353734,-21.276498248276525,-13.28120313770586,-19.318466792626566,0.0
111,104,57,-17.665373722833678,1.6980809205949758,-20.99361232719983,-14.337135118467526,-19.363454643428653,0.0
32,43,53,-17.433630984458073,1.988863641533287,-21.331803721863317,-13.53545824705283,-19.42249462599136,0.0
104,68,12,-18.061687383503152,1.4023643376459527,-20.81032148528922,-15.313053281717085,-19.464051721149104,0.0
32,45,7,-17.771690567897927,1.7005131331340015,-21.10469630884057,-14.438684826955285,-19.47220370103193,0.0
60,70,29,-17.840129610355607,1.6892911080785582,-21.151140182189582,-14.529119038521634,-19.529420718434164,0.0
82,24,41,-17.549680827174374,1.9844112759351629,-21.439126928007294,-13.660234726341454,-19.534092103109536,0.0
38,104,38,-16.41078185433488,3.1257443417624478,-22.537240764189278,-10.284322944480481,-19.536526196097327,0.0
38,104,36,-17.26791919851428,2.2973072199118785,-21.770641349541563,-12.765197047487,-19.56522641842616,0.0
104,32,18,-16.580611571504456,3.0008251097989476,-22.46222878671039,-10.698994356298519,-19.5814366813034,0.0
117,68,15,-17.599418128090782,2.0350783260361247,-21.588171647121587,-13.610664609059977,-19.634496454126907,0.0
38,45,52,-18.212669065739128,1.4833271324480535,-21.119990245337313,-15.305347886140943,-19.69599619818718,0.0
111,104,36,-17.83738068216466,1.9192724986462495,-21.59915477951131,-14.075606584818011,-19.75665318081091,0.0
104,24,11,-18.155195861020967,1.6267086391069911,-21.34354479367067,-14.966846928371265,-19.781904500127958,0.0
38,82,38,-18.146356758430358,1.6804283090833048,-21.439996244233633,-14.85271727262708,-19.82678506751366,0.0
36,24,47,-18.387215328990763,1.4589905219356054,-21.24683675198455,-15.527593905996977,-19.846205850926367,0.0
38,43,51,-18.12263557394433,1.7293033957607369,-21.512070229635373,-14.733200918253285,-19.851938969705067,0.0
111,104,27,-18.185681964766488,1.7004651996727314,-21.518593756125043,-14.852770173407935,-19.88614716443922,0.0
64,104,49,-18.438344022537688,1.4545771171877389,-21.289315172225656,-15.58737287284972,-19.892921139725427,0.0
104,32,32,-17.65720133432116,2.237248454966879,-22.042208306056246,-13.27219436258608,-19.89444978928804,0.0
117,68,34,-17.75920231940092,2.1519786083263956,-21.977080391720655,-13.541324247081185,-19.911180927727315,0.0
38,36,32,-18.50303097320166,1.4714016898460212,-21.38697828529986,-15.61908366110346,-19.974432663047683,0.0
64,104,37,-18.424677228319382,1.5553372000674917,-21.473138140451667,-15.376216316187099,-19.980014428386873,0.0
38,104,37,-17.849044510037007,2.142090261553176,-22.04754142268123,-13.650547597392784,-19.991134771590183,0.0
38,68,29,-17.472963259947363,2.537127539975481,-22.445733238299304,-12.50019328159542,-20.010090799922843,0.0
111,104,31,-18.309820002940587,1.7246995712839845,-21.690231162657195,-14.929408843223976,-20.03451957422457,0.0
38,43,39,-18.079162915246055,1.9878267641928107,-21.975303373063966,-14.183022457428146,-20.066989679438866,0.0
64,24,13,-18.566151385758932,1.5660303779723757,-21.635570926584787,-15.496731844933075,-20.132181763731307,0.0
111,104,35,-18.48990861994592,1.6538547943382618,-21.73146401684891,-15.248353223042926,-20.14376341428418,0.0
38,43,14,-18.134751226869444,2.0231407966693937,-22.100107188341454,-14.169395265397432,-20.15789202353884,0.0
24,6,47,-18.5528455959387,1.6163607379724154,-21.72091264236463,-15.384778549512765,-20.169206333911113,0.0
104,117,55,-18.69231048750468,1.488642942724039,-21.610050655243796,-15.774570319765564,-20.18095343022872,0.0
117,68,1,-18.415978667635716,1.8816959492916565,-22.104102728247362,-14.72785460702407,-20.297674616927374,0.0
38,45,55,-18.728074499300316,1.5716695598296941,-21.808546836566517,-15.647602162034115,-20.29974405913001,0.0
38,104,31,-17.769792122724553,2.662034694683945,-22.987380124305083,-12.552204121144023,-20.4318268174085,0.0
82,24,39,-18.651342262397318,1.8049493861384778,-22.189043059228734,-15.113641465565902,-20.456291648535796,0.0
38,24,31,-18.02544091813962,2.433385301344905,-22.794876108775632,-13.256005727503606,-20.458826219484525,0.0
64,32,25,-18.87435915737461,1.6083889223417667,-22.026801445164473,-15.721916869584746,-20.482748079716377,0.0
38,82,34,-18.84641595236255,1.714138783340709,-22.206127967710337,-15.48670393701476,-20.560554735703256,0.0
99,24,13,-18.92188609372655,1.6495994667285003,-22.15510104851441,-15.688671138938687,-20.57148556045505,0.0
6,24,14,-18.880242861301458,1.700401956545061,-22.213030696129778,-15.547455026473138,-20.58064481784652,0.0
64,104,27,-18.858780447653523,1.7366795241880633,-22.262672315062126,-15.45488858024492,-20.595459971841585,0.0
117,82,36,-18.413558414191705,2.2017081205870244,-22.728906330542273,-14.098210497841137,-20.61526653477873,0.0
32,43,18,-18.254016985689663,2.366123522703777,-22.891619090189067,-13.61641488119026,-20.62014050839344,0.0
38,82,16,-18.65141048424295,1.988501079953911,-22.548872600952613,-14.753948367533283,-20.639911564196858,0.0
68,32,32,-18.89556175490434,1.791332511457455,-22.40657347736095,-15.384550032447727,-20.686894266361794,0.0
38,24,8,-18.458358632315324,2.2374505068392407,-22.843761625720237,-14.072955638910411,-20.695809139154566,0.0
117,82,15,-18.6930447135013,2.0261126685351263,-22.66422554383015,-14.721863883172453,-20.71915738203643,0.0
38,64,18,-19.039514306668323,1.7111938634455308,-22.39345427902156,-15.685574334315083,-20.750708170113853,0.0
104,117,7,-18.856791993401245,1.9176327413519827,-22.61535216645113,-15.098231820351359,-20.77442473475323,0.0
38,64,50,-18.88360057566823,1.8994297026947242,-22.60648279294989,-15.16071835838657,-20.783030278362954,0.0
64,104,36,-19.265379007626326,1.5235450213887765,-22.251527249548328,-16.279230765704323,-20.788924029015103,0.0
111,32,13,-18.83142645419023,2.027527142015887,-22.80537965254137,-14.85747325583909,-20.858953596206117,0.0
60,70,52,-18.647706170544897,2.2504256399092526,-23.05854042476703,-14.236871916322762,-20.89813181045415,0.0
82,24,48,-18.990522605641615,1.9317461415606727,-22.776745043100533,-15.204300168182698,-20.92226874720229,0.0
6,24,43,-19.56344141288859,1.4021244057669122,-22.31160524819174,-16.81527757758544,-20.965565818655502,0.0
104,24,47,-19.34161334036559,1.6352020929373268,-22.54660944252275,-16.13661723820843,-20.976815433302917,0.0
64,104,33,-19.692570187135964,1.2907210456862381,-22.22238343668099,-17.162756937590938,-20.9832912328222,0.0
60,70,37,-19.29345722787021,1.7212069876630167,-22.66702292368972,-15.919891532050697,-21.014664215533227,0.0
64,104,54,-19.188437785387432,1.9061117614680878,-22.924416837864882,-15.45245873290998,-21.094549546855518,0.0
38,64,11,-19.615794459666887,1.5529464205447254,-22.659569443934547,-16.572019475399227,-21.16874088021161,0.0
32,43,46,-19.066126729616165,2.132074011991572,-23.244991793119645,-14.887261666112686,-21.19820074160774,0.0
24,6,10,-19.412187800596065,1.8299448040817925,-22.99887961659638,-15.825495984595753,-21.242132604677856,0.0
64,32,29,-19.68683313264067,1.8030981007361497,-23.22090541008352,-16.152760855197815,-21.48993123337682,0.0
32,43,47,-19.324070034246287,2.166209641771237,-23.569840932117913,-15.078299136374662,-21.490279676017522,0.0
82,24,13,-19.33221853478661,2.165142972287215,-23.57589876046955,-15.088538309103669,-21.497361507073823,0.0
38,68,22,-19.170997330498494,2.3511848739829335,-23.779319683505044,-14.562674977491945,-21.522182204481428,0.0
117,68,52,-19.3773780405754,2.1464314805626636,-23.584383742478224,-15.17037233867258,-21.523809521138066,0.0
117,68,53,-19.196133335210224,2.3556980469730804,-23.813301507277462,-14.578965163142986,-21.551831382183305,0.0
117,82,14,-19.527806151755712,2.026133367438527,-23.499027551935225,-15.5565847515762,-21.553939519194238,0.0
117,82,20,-19.886484544589518,1.6869688721149578,-23.192943533934834,-16.5800255552442,-21.573453416704474,0.0
104,24,22,-19.439395671694918,2.1459069819576952,-23.645373356332,-15.233417987057834,-21.58530265365261,0.0
38,45,39,-19.940110787585535,1.6816635300169702,-23.236171306418797,-16.644050268752274,-21.621774317602505,0.0
99,32,6,-19.553510410106895,2.0729784264301148,-23.61654812590992,-15.490472694303872,-21.62648883653701,0.0
38,64,20,-20.03695621517731,1.6635336719183396,-23.297482212137254,-16.776430218217364,-21.70048988709565,0.0
99,32,19,-19.29021013305763,2.462438677241036,-24.116589940450062,-14.4638303256652,-21.752648810298666,0.0
104,117,10,-19.587274522764453,2.1666838296005686,-23.833974828781567,-15.340574216747338,-21.75395835236502,0.0
99,70,13,-18.95940693421709,2.924080906401303,-24.690605510763643,-13.228208357670535,-21.883487840618393,0.0
60,70,19,-19.895149441819587,2.047075949929691,-23.90741830368178,-15.882880579957394,-21.94222539174928,0.0
64,104,2,-20.38725901684186,1.605033167163334,-23.533124024481992,-17.241394009201727,-21.992292184005194,0.0
38,45,44,-20.12422031997213,1.9070545614415295,-23.862047260397528,-16.386393379546735,-22.031274881413662,0.0
117,70,9,-20.053329062290665,2.1193007367427286,-24.207158506306413,-15.899499618274916,-22.172629799033395,0.0
64,32,18,-20.395983083271034,1.7937337572051277,-23.911701247393083,-16.880264919148985,-22.189716840476162,0.0
32,43,3,-20.18406741774158,2.061035953085334,-24.223697885788837,-16.144436949694324,-22.245103370826914,0.0
104,117,42,-20.151268345600066,2.105509668049506,-24.2780672949771,-16.024469396223033,-22.256778013649573,0.0
60,70,28,-20.3965990934932,1.8838219439576274,-24.08889010365015,-16.70430808333625,-22.28042103745083,0.0
32,43,31,-19.973488497664203,2.3118247153121856,-24.504664939676086,-15.44231205565232,-22.285313212976387,0.0
64,32,35,-20.49751004570537,1.800582387386313,-24.02665152498254,-16.968368566428197,-22.298092433091682,0.0
38,64,5,-20.5524271513481,1.8013203119962946,-24.083014962860837,-17.02183933983536,-22.353747463344394,0.0
82,24,12,-20.187361918475915,2.2212458126019827,-24.5410037111758,-15.83372012577603,-22.408607731077897,0.0
38,43,2,-20.561050692096053,1.8777802270152222,-24.241499937045887,-16.88060144714622,-22.438830919111275,0.0
111,104,41,-20.417827041875253,2.03289747304626,-24.402306089045922,-16.433347994704583,-22.45072451492151,0.0
64,104,8,-21.013829684697665,1.4568624043559255,-23.869279997235278,-18.158379372160052,-22.47069208905359,0.0
38,64,22,-20.938266917205212,1.5367222962583582,-23.950242617871595,-17.92629121653883,-22.47498921346357,0.0
117,68,21,-20.166494578653786,2.328671260800692,-24.73069024982314,-15.60229890748443,-22.49516583945448,0.0
104,99,40,-20.920851415179165,1.5859354773505558,-24.029284950786256,-17.812417879572074,-22.50678689252972,0.0
36,32,25,-20.754442328054544,1.7974930193027332,-24.2775286458879,-17.231356010221187,-22.55193534735728,0.0
80,70,50,-20.050601935316408,2.5146656110888377,-24.97934653305053,-15.121857337582286,-22.565267546405245,0.0
38,68,36,-20.551076000829223,2.087961404562854,-24.643480353772418,-16.458671647886028,-22.639037405392077,0.0
38,45,43,-20.958231737426992,1.6868789975048437,-24.264514572536484,-17.6519489023175,-22.645110734931837,0.0
104,24,16,-20.603705437297208,2.0452365761909164,-24.612369126631403,-16.595041747963013,-22.648942013488124,0.0
104,24,14,-20.42587874277614,2.2242946757118527,-24.78549630717137,-16.066261178380906,-22.65017341848799,0.0
117,68,22,-20.865374181335643,1.9037607380762236,-24.59674522796504,-17.134003134706244,-22.769134919411865,0.0
80,70,56,-20.61677082427922,2.180317991981861,-24.890194088563668,-16.343347559994776,-22.797088816261084,0.0
38,64,52,-21.301327419132257,1.5218190689329085,-24.284092794240756,-18.318562044023757,-22.823146488065166,0.0
64,32,31,-20.855559116107703,1.9904147497669733,-24.75677202565097,-16.954346206564434,-22.845973865874676,0.0
64,104,39,-21.444729824701113,1.5598314010762155,-24.501999370810495,-18.387460278591732,-23.00456122577733,0.0
6,32,38,-21.22931302231482,1.7833222482886915,-24.724624628960655,-17.734001415668985,-23.01263527060351,0.0
117,68,5,-20.81044466702726,2.2294504434768068,-25.1801675362418,-16.440721797812717,-23.039895110504066,0.0
6,32,1,-21.08652720351503,2.049934455514908,-25.10439873632425,-17.06865567070581,-23.136461659029937,0.0
32,6,1,-21.362402312204,1.7907532886172806,-24.87227875789387,-17.85252586651413,-23.153155600821282,0.0
80,70,46,-20.579156484234737,2.580635173694694,-25.637201424676338,-15.521111543793136,-23.159791657929432,0.0
70,75,12,-20.832570918472772,2.3333104401806533,-25.405859381226854,-16.25928245571869,-23.165881358653426,0.0
117,82,3,-20.958743536800778,2.2282968148025413,-25.326205293813757,-16.5912817797878,-23.18704035160332,0.0
60,70,57,-21.221841542703725,1.9874300124614714,-25.11720436712821,-17.32647871827924,-23.209271555165195,0.0
32,43,49,-20.93878617081383,2.2833286718082175,-25.41411036755794,-16.463461974069723,-23.222114842622048,0.0
104,24,35,-21.227984778777927,2.0511475867543143,-25.248234048816382,-17.20773550873947,-23.27913236553224,0.0
38,104,27,-20.30847045988015,2.9939323814226535,-26.176577927468553,-14.44036299229175,-23.302402841302804,0.0
111,104,13,-21.660649264098637,1.7249591885974533,-25.041569273749644,-18.27972925444763,-23.38560845269609,0.0
104,32,45,-21.091258011602786,2.301533844594864,-25.60226434700872,-16.580251676196852,-23.39279185619765,0.0
111,104,10,-21.48613653522295,1.9492582126979388,-25.30668263211091,-17.66559043833499,-23.43539474792089,0.0
104,117,2,-21.31583518226899,2.143932141670479,-25.51794217994313,-17.11372818459485,-23.45976732393947,0.0
32,43,52,-21.25505563394123,2.301724869346619,-25.7664363778606,-16.743674890021857,-23.556780503287847,0.0
104,32,38,-20.41755458475159,3.141229576715389,-26.57436455511375,-14.260744614389427,-23.558784161466978,0.0
80,70,25,-20.769702510684006,2.790757468672182,-26.239587149281483,-15.299817872086528,-23.56045997935619,0.0
60,70,41,-21.460738053241933,2.1930982748175687,-25.759210671884368,-17.162265434599497,-23.6538363280595,0.0
38,82,26,-21.900754595523175,1.8146488910854945,-25.457466422050743,-18.344042768995607,-23.71540348660867,0.0
111,104,43,-21.828114886286922,1.8979882330055984,-25.548171822977896,-18.10805794959595,-23.72610311929252,0.0
64,32,8,-21.613167857739786,2.117384212054159,-25.763240913365937,-17.463094802113634,-23.730552069793944,0.0
60,70,39,-21.257242269729307,2.507950205702166,-26.172824672905552,-16.341659866553062,-23.765192475431473,0.0
74,70,17,-21.64816368535788,2.1937789800931022,-25.94797048634036,-17.3483568843754,-23.841942665450983,0.0
74,70,47,-21.45021790560158,2.4246169543643403,-26.202467136155686,-16.697968675047473,-23.87483485996592,0.0
104,32,29,-21.782814866558,2.096588699253904,-25.892128717095652,-17.673501016020346,-23.879403565811902,0.0
38,104,12,-20.4146733347493,3.4689941866963694,-27.213901940674184,-13.615444728824414,-23.88366752144567,0.0
111,104,51,-21.75189365062751,2.2030527918261886,-26.069877122606837,-17.43391017864818,-23.954946442453696,0.0
111,104,19,-21.972361812561125,2.0517216913658136,-25.993736327638118,-17.950987297484133,-24.02408350392694,0.0
38,43,19,-22.24669944282717,1.8009981480813777,-25.776655813066668,-18.71674307258767,-24.047697590908545,0.0
104,24,41,-21.91647883600277,2.136995884696478,-26.104990770007866,-17.727966901997675,-24.05347472069925,0.0
6,32,20,-22.335440264888028,1.7597099452141625,-25.784471757507788,-18.88640877226827,-24.09515021010219,0.0
64,32,7,-22.465747440719973,1.6559181638822178,-25.71134704192912,-19.220147839510826,-24.121665604602192,0.0
117,68,11,-21.602801346934953,2.6195201501119936,-26.73706084115446,-16.468541852715447,-24.22232149704695,0.0
64,104,43,-22.088265453315103,2.1487399417960944,-26.29979573923545,-17.876735167394756,-24.237005395111197,0.0
32,43,33,-21.770336868978443,2.5562005671002344,-26.780489980494902,-16.760183757461984,-24.326537436078677,0.0
64,32,33,-22.760813333932628,1.9144189630823685,-26.51307450157407,-19.008552166291185,-24.675232297014997,0.0
60,70,33,-22.626403218169383,2.221476191709479,-26.980496553919963,-18.272309882418803,-24.84787940987886,0.0
38,45,27,-23.02000460440062,1.8747034220299807,-26.69442331157938,-19.345585897221856,-24.8947080264306,0.0
36,32,16,-23.01110240219615,1.9244987974009835,-26.78312004510208,-19.239084759290222,-24.935601199597134,0.0
38,82,36,-23.075881798279852,1.8859978423461545,-26.772437569278313,-19.37932602728139,-24.961879640626005,0.0
38,6,25,-22.905303227387886,2.15522885216583,-27.129551777632912,-18.68105467714286,-25.060532079553717,0.0
80,70,0,-22.34200973260421,2.7255597602264725,-27.684106862648097,-16.999912602560325,-25.067569492830685,0.0
60,70,10,-22.6024040412794,2.4850660922226298,-27.473133582035754,-17.731674500523045,-25.08747013350203,0.0
104,32,15,-22.125175321914778,3.033724141483433,-28.071274639222306,-16.17907600460725,-25.15889946339821,0.0
80,70,37,-22.824359719976588,2.3450490176887926,-27.42065579464662,-18.228063645306555,-25.169408737665382,0.0
6,32,58,-22.972164095387885,2.242940295713871,-27.36832707498707,-18.5760011157887,-25.215104391101757,0.0
60,70,8,-22.60782178346065,2.613776426300209,-27.730823579009062,-17.48481998791224,-25.22159820976086,0.0
104,99,11,-23.253459467575045,1.9835902611163356,-27.141296379363062,-19.365622555787027,-25.23704972869138,0.0
104,99,30,-23.34736528915467,1.9704796811412273,-27.209505464191476,-19.485225114117863,-25.317844970295898,0.0
80,70,22,-22.774877300109196,2.558945257651519,-27.790410005106175,-17.759344595112218,-25.333822557760715,0.0
104,24,13,-23.278537871381232,2.304872572396295,-27.79608811327797,-18.760987629484493,-25.583410443777527,0.0
38,45,6,-23.812535805909146,1.8796882120881457,-27.496724701601913,-20.12834691021638,-25.69222401799729,0.0
117,68,12,-23.390902805074266,2.348320318369668,-27.993610629078816,-18.788194981069715,-25.739223123443935,0.0
104,24,49,-23.23026015052025,2.5320295905859846,-28.19303814806878,-18.267482152971724,-25.762289741106237,0.0
32,6,53,-23.829597824462077,1.9439985815181646,-27.639835044237678,-20.019360604686476,-25.773596405980243,0.0
6,38,20,-23.677058252322595,2.206621023094332,-28.002035457587485,-19.352081047057705,-25.883679275416927,0.0
38,64,27,-23.89522044186936,1.9926008703826725,-27.800718147819396,-19.989722735919322,-25.887821312252033,0.0
70,117,53,-23.99812308818304,1.9811201210266085,-27.88111852539519,-20.115127650970887,-25.97924320920965,0.0
36,32,30,-23.68821394393757,2.3667213263801794,-28.32698774364272,-19.049440144232417,-26.05493527031775,0.0
80,70,18,-23.12481124084879,3.0982643976993858,-29.197409460339586,-17.052213021357993,-26.223075638548174,0.0
38,82,8,-23.746550075835344,2.5141550540014115,-28.67429398167811,-18.818806169992577,-26.260705129836754,0.0
80,70,35,-23.691426798749703,2.6067401233611807,-28.800637440537617,-18.58221615696179,-26.298166922110884,0.0
104,24,52,-24.285489309692952,2.073796101604982,-28.35012966883872,-20.220848950547186,-26.359285411297932,0.0
32,82,29,-23.938193742128963,2.426216669848907,-28.69357841503282,-19.182809069225105,-26.36441041197787,0.0
6,32,15,-24.367479654133113,2.1673978078577196,-28.615579357534244,-20.119379950731982,-26.53487746199083,0.0
6,32,36,-24.71715889022982,1.879292498622794,-28.400572187530493,-21.033745592929144,-26.59645138885261,0.0
68,32,24,-24.000903902858475,2.597407944666204,-29.091823474404237,-18.909984331312714,-26.59831184752468,0.0
38,6,53,-24.42360668212488,2.2560124348111477,-28.845391054354728,-20.001822309895033,-26.679619116936028,0.0
38,36,58,-24.266220028741962,2.4634560994090977,-29.094593983583792,-19.437846073900133,-26.72967612815106,0.0
64,32,26,-24.549578965471444,2.1804080727178996,-28.823178787998526,-20.27597914294436,-26.729987038189343,0.0
117,70,1,-24.462180654331462,2.377137712973169,-29.121370571758874,-19.80299073690405,-26.83931836730463,0.0
38,36,0,-24.89479288901561,1.9858346307825678,-28.78702876534944,-21.002557012681777,-26.880627519798175,0.0
6,32,4,-24.55494604036876,2.371224155722986,-29.20254538558581,-19.907346695151706,-26.926170196091743,0.0
6,38,1,-24.76378139663203,2.201704648174126,-29.079122507053317,-20.448440286210744,-26.965486044806156,0.0
38,6,11,-24.682524996368933,2.288473027471701,-29.167932130213465,-20.1971178625244,-26.970998023840636,0.0
104,99,17,-24.89831025523684,2.1240855410038195,-29.061517915604327,-20.735102594869353,-27.02239579624066,0.0
68,32,1,-24.384530331062383,2.6427766496077645,-29.5643725642936,-19.204688097831166,-27.027306980670147,0.0
117,68,43,-24.53476820758811,2.5693551819379605,-29.570704364186515,-19.49883205098971,-27.104123389526073,0.0
32,6,36,-24.90299057674938,2.2106648953591277,-29.235893771653274,-20.57008738184549,-27.11365547210851,0.0
38,64,14,-25.269961572422563,1.8723304517018708,-28.93972925775823,-21.600193887086895,-27.142292024124433,0.0
32,43,2,-24.37109531729462,2.7767079270308486,-29.813442854275085,-18.928747780314158,-27.14780324432547,0.0
36,32,37,-25.27400739979211,2.009528964506145,-29.212684170224158,-21.335330629360065,-27.283536364298257,0.0
38,36,21,-25.441016284984865,1.9282984536027774,-29.22048125404631,-21.661551315923422,-27.369314738587644,0.0
104,32,52,-24.055642304784236,3.452683697927385,-30.82290235272191,-17.28838225684656,-27.50832600271162,0.0
36,32,57,-25.2931441179868,2.2687181694166116,-29.739831730043356,-20.84645650593024,-27.56186228740341,0.0
36,32,50,-25.68701260892142,1.9338847066465321,-29.477426633948625,-21.896598583894217,-27.62089731556795,0.0
32,82,1,-24.534427933062158,3.1011443730774575,-30.612670904293974,-18.456184961830342,-27.635572306139615,0.0
38,68,3,-25.12511243002539,2.5508228734051674,-30.124725261899517,-20.12549959815126,-27.675935303430556,0.0
6,38,36,-25.633164851451358,2.0679137959964864,-29.68627589160447,-21.580053811298246,-27.701078647447844,0.0
117,68,14,-25.28004739094906,2.5508645987858243,-30.27974200456928,-20.280352777328844,-27.830911989734886,0.0
6,32,18,-25.746889867837314,2.1159105304156176,-29.894074507451926,-21.599705228222703,-27.862800398252933,0.0
38,82,48,-25.690547392021493,2.197790466210701,-29.998216705794466,-21.38287807824852,-27.888337858232195,0.0
32,6,57,-25.894097259073437,2.0363838035302266,-29.88540951399268,-21.902785004154193,-27.930481062603665,0.0
68,32,29,-25.38581982086627,2.6459675349610103,-30.571916189389853,-20.19972345234269,-28.03178735582728,0.0
38,6,22,-25.845149427240624,2.1903732069071356,-30.13828091277861,-21.552017941702637,-28.03552263414776,0.0
104,99,14,-25.581678397658187,2.4652720836015454,-30.413611681517217,-20.749745113799158,-28.04695048125973,0.0
104,99,54,-25.87717491975844,2.1810271120788625,-30.15198805943301,-21.602361780083868,-28.0582020318373,0.0
104,99,5,-25.734889466203068,2.376312024112375,-30.392461033463324,-21.077317898942812,-28.111201490315445,0.0
32,6,45,-25.781067248437267,2.419145392129069,-30.522592217010242,-21.039542279864293,-28.200212640566335,0.0
68,32,53,-25.692321495609825,2.5336663185185797,-30.65830747990624,-20.72633551131341,-28.225987814128406,0.0
104,32,48,-24.770306745604223,3.5360834909481884,-31.701030387862673,-17.839583103345774,-28.30639023655241,0.0
104,32,44,-25.238032733256176,3.124258157185506,-31.361578721339768,-19.114486745172584,-28.36229089044168,0.0
104,99,0,-26.310804776894518,2.0608612586658217,-30.35009284387953,-22.271516709909505,-28.371666035560338,0.0
38,64,19,-26.446835875721206,2.123627712537769,-30.609146192295235,-22.284525559147177,-28.570463588258974,0.0
104,32,33,-25.1096803439203,3.762946659826258,-32.48505579717977,-17.734304890660834,-28.872627003746558,0.0
32,82,56,-26.404287008621566,2.5178904499397237,-31.339352290503424,-21.469221726739708,-28.92217745856129,0.0
104,32,10,-26.202334322712655,2.730200672330456,-31.55352764048035,-20.85114100494496,-28.932534995043113,0.0
117,70,36,-26.484073102475723,2.457589354556487,-31.300948237406438,-21.667197967545007,-28.94166245703221,0.0
32,82,28,-26.037715645987348,2.948640605792225,-31.81705123334011,-20.258380058634586,-28.986356251779572,0.0
38,68,49,-26.681459898519794,2.3646088036998636,-31.316093153771526,-22.046826643268062,-29.046068702219657,0.0
38,64,43,-26.973295649119127,2.1492735592035963,-31.185871825158173,-22.76071947308008,-29.122569208322723,0.0
117,70,0,-26.808649496062714,2.344390515003748,-31.40365490547006,-22.213644086655368,-29.153040011066462,0.0
36,32,8,-26.97270016224482,2.1876334152374626,-31.260461656110245,-22.684938668379395,-29.160333577482284,0.0
38,6,7,-26.956842489886025,2.211060362105765,-31.290520799613326,-22.623164180158724,-29.16790285199179,0.0
36,32,28,-26.940039969059725,2.2366247901810077,-31.3238245578145,-22.55625538030495,-29.176664759240733,0.0
36,32,17,-27.070584045422756,2.118615974857087,-31.223071356142647,-22.918096734702864,-29.18920002027984,0.0
6,38,30,-27.018238235598556,2.280510783074817,-31.4880393704252,-22.548437100771913,-29.298749018673373,0.0
38,68,39,-26.59232880585287,2.7646389254434314,-32.011021099721994,-21.173636511983744,-29.3569677312963,0.0
32,6,3,-27.007040937951334,2.359426721832982,-31.63151731274398,-22.382564563158688,-29.366467659784316,0.0
104,24,12,-27.237630638502434,2.303944263124332,-31.753361394226125,-22.721899882778743,-29.541574901626767,0.0
38,36,35,-27.186536098904202,2.3787312033777854,-31.848849257524662,-22.524222940283742,-29.56526730228199,0.0
32,6,28,-27.173781892343694,2.484756203776928,-32.04390405174647,-22.303659732940915,-29.658538096120623,0.0
38,36,54,-27.0858393467654,2.5765873145871065,-32.135950483356126,-22.03572821017467,-29.662426661352505,0.0
36,32,43,-27.387790354202757,2.3109843923955076,-31.917319763297954,-22.85826094510756,-29.698774746598264,0.0
38,68,51,-27.38925412067697,2.3733000607165162,-32.04092223968134,-22.737586001672597,-29.762554181393487,0.0
36,32,49,-27.28360060570485,2.5274542598282594,-32.23741095496824,-22.329790256441463,-29.811054865533112,0.0
38,6,52,-27.427823179327305,2.4235687369611023,-32.178017903771064,-22.677628454883546,-29.851391916288406,0.0
68,32,23,-27.037848307386152,2.9638982146885997,-32.847088808175805,-21.228607806596496,-30.001746522074754,0.0
104,99,41,-27.669960098455345,2.372945009973163,-32.32093231800275,-23.018987878907947,-30.042905108428506,0.0
38,36,37,-27.653583921138353,2.454018166013964,-32.463459526525725,-22.843708315750984,-30.107602087152316,0.0
104,32,19,-27.09537870211265,3.090343173470373,-33.15245132211458,-21.03830608211072,-30.185721875583024,0.0
6,38,54,-27.66516670491307,2.5240764032191123,-32.61235645522253,-22.71797695460361,-30.18924310813218,0.0
104,24,43,-27.785006689365797,2.436069818390861,-32.559703533411884,-23.01030984531971,-30.22107650775666,0.0
32,82,47,-27.559508543145224,2.7927517689092842,-33.03330201020742,-22.085715076083027,-30.352260312054508,0.0
36,32,42,-28.27494417134962,2.0931975012775035,-32.377611273853525,-24.172277068845712,-30.368141672627125,0.0
38,64,13,-28.396483790186316,2.0407123419715036,-32.396279980450466,-24.39668759992217,-30.43719613215782,0.0
32,6,44,-28.285522343700492,2.2333674580794822,-32.66292256153628,-23.908122125864708,-30.518889801779974,0.0
6,38,16,-27.97100619405305,2.578731786617327,-33.02532049582301,-22.91669189228309,-30.54973798067038,0.0
6,32,19,-28.47568131572872,2.0822568343550687,-32.556904711064654,-24.39445792039279,-30.55793815008379,0.0
117,70,34,-27.756908513715747,2.8611117785922286,-33.364687599756515,-22.14912942767498,-30.618020292307975,0.0
117,70,54,-28.175294893022766,2.5159977537260882,-33.1066504903259,-23.243939295719635,-30.691292646748856,0.0
104,32,43,-26.84604505592823,3.8628359468602373,-34.4172035117743,-19.274886600082162,-30.708881002788466,0.0
104,99,7,-28.25806808486259,2.473401066264997,-33.10593417474198,-23.410201994983197,-30.731469151127587,0.0
36,32,10,-28.524476732661213,2.228390535055471,-32.892122181369935,-24.156831283952492,-30.752867267716685,0.0
6,38,51,-28.443337732832017,2.321912943089095,-32.994287101286645,-23.89238836437739,-30.765250675921113,0.0
38,82,12,-28.321567391981553,2.5284977395749557,-33.27742296154847,-23.36571182241464,-30.85006513155651,0.0
80,70,31,-28.017426805785473,2.9614017923436875,-33.8217743187791,-22.213079292791846,-30.97882859812916,0.0
38,6,50,-28.23806535022963,2.795205980589762,-33.71666907218556,-22.759461628273694,-31.033271330819392,0.0
6,32,2,-28.66356397741622,2.419244207582412,-33.405282624277746,-23.921845330554692,-31.082808184998633,0.0
32,6,14,-28.701216309318482,2.387893946680889,-33.38148844481302,-24.020944173823942,-31.089110255999373,0.0
68,32,7,-28.20150554024251,2.996976317823226,-34.075579123176034,-22.32743195730899,-31.198481858065737,0.0
32,6,6,-29.03201783445203,2.192890602995117,-33.33008341632246,-24.733952252581602,-31.224908437447148,0.0
68,32,54,-28.32737233272057,2.977437117380903,-34.16314908278714,-22.491595582654,-31.304809450101473,0.0
80,70,39,-28.822542450916735,2.7119539588020043,-34.13797221016866,-23.50711269166481,-31.53449640971874,0.0
80,70,48,-28.106743546547452,3.465310900106036,-34.898752910755285,-21.31473418233962,-31.57205444665349,0.0
38,36,55,-29.26513546933326,2.3709504668829497,-33.91219838442384,-24.61807255424268,-31.636085936216208,0.0
38,36,3,-29.246635026553275,2.4217829855732327,-33.99332967827681,-24.499940374829738,-31.66841801212651,0.0
38,6,41,-29.104901319756017,2.5726069438201806,-34.14721092964357,-24.062591709868464,-31.677508263576197,0.0
38,6,55,-29.047801648574065,2.6786171531524623,-34.29789126875289,-23.79771202839524,-31.726418801726528,0.0
38,36,45,-28.94739556211407,2.8052589332838287,-34.44570307135037,-23.449088052877766,-31.7526544953979,0.0
38,36,47,-28.761326802959918,3.0137860300145713,-34.668347421788475,-22.854306184131357,-31.77511283297449,0.0
117,70,47,-29.214076486327638,2.5698215046902226,-34.25092663552047,-24.1772263371348,-31.78389799101786,0.0
117,70,50,-28.91407110087253,2.87736798110262,-34.553712343833666,-23.274429857911393,-31.79143908197515,0.0
80,70,8,-29.09766502824567,2.70794936075923,-34.40524577533376,-23.790084281157583,-31.8056143890049,0.0
38,36,13,-29.2173189257393,2.6615900280997393,-34.43403538081479,-24.00060247066381,-31.878908953839037,0.0
6,38,55,-29.125939033483487,2.7550275393935095,-34.52579301069476,-23.726085056272208,-31.880966572876996,0.0
70,117,52,-29.206112067740097,2.6997157684172968,-34.497554973838,-23.914669161642195,-31.905827836157393,0.0
70,117,47,-29.38432022977086,2.7094054969934698,-34.69475500387806,-24.07388545566366,-32.09372572676433,0.0
70,32,32,-29.991776346368706,2.1833111198397406,-34.2710661412546,-25.712486551482815,-32.175087466208446,0.0
70,18,37,-29.55908385980107,2.7239245180563216,-34.89797591519146,-24.220191804410682,-32.28300837785739,0.0
32,82,22,-29.160018444139894,3.161868450865217,-35.35728060783572,-22.96275628044407,-32.32188689500511,0.0
38,6,14,-29.704109442753587,2.7139014364543725,-35.02335625820416,-24.38486262730302,-32.41801087920796,0.0
38,68,2,-29.91940552310753,2.5433464028543704,-34.9043644727021,-24.934446573512965,-32.4627519259619,0.0
104,99,51,-29.96610373785963,2.515628864223566,-34.89673631173782,-25.03547116398144,-32.4817326020832,0.0
38,36,28,-30.007187556313664,2.523846029282056,-34.953925773706494,-25.060449338920833,-32.53103358559572,0.0
38,36,14,-30.11086278405048,2.5787774671807475,-35.16526661972475,-25.056458948376214,-32.689640251231225,0.0
104,99,13,-30.621705916105782,2.109557315709816,-34.75643825489702,-26.486973577314544,-32.731263231815596,0.0
38,36,12,-30.122483241291413,2.6400136037681006,-35.29690990467689,-24.948056577905938,-32.762496845059516,0.0
117,70,16,-29.734129971986484,3.1968479102608516,-35.999951876097754,-23.468308067875213,-32.93097788224733,0.0
38,6,28,-30.362031705877367,2.7162873250604678,-35.685954862995885,-25.03810854875885,-33.078319030937834,0.0
68,32,33,-30.481602778539482,2.6476147518187783,-35.670927692104286,-25.29227786497468,-33.12921753035826,0.0
38,6,6,-30.780098574951264,2.5206440576324844,-35.72056092791093,-25.839636221991594,-33.30074263258375,0.0
38,6,31,-30.693434939428425,2.643821487417451,-35.87532505476663,-25.511544824090223,-33.337256426845876,0.0
38,6,17,-31.020953830367123,2.520864066715948,-35.961847401130385,-26.080060259603865,-33.54181789708307,0.0
38,6,48,-30.7395203450843,2.88155934750131,-36.38737666618687,-25.091664023981735,-33.62107969258561,0.0
38,36,31,-31.158569348858943,2.4717009333797724,-36.0031031782833,-26.31403551943459,-33.63027028223872,0.0
38,36,44,-31.028039230093473,2.7155463775443702,-36.35051013008044,-25.70556833010651,-33.74358560763784,0.0
38,6,42,-30.931531116846685,2.9331753466542914,-36.680554796289094,-25.182507437404276,-33.86470646350098,0.0
38,36,42,-31.303405703962646,2.5696988820826845,-36.34001551284471,-26.266795895080584,-33.87310458604533,0.0
117,70,39,-31.272015755419467,2.625897976653465,-36.41877578966026,-26.125255721178675,-33.89791373207293,0.0
68,32,31,-31.34144125022559,2.929300504110767,-37.082870238282695,-25.600012262168487,-34.270741754336356,0.0
32,82,36,-31.552917001881116,2.788713399372913,-37.01879526465203,-26.087038739110206,-34.34163040125403,0.0
117,70,5,-31.437726429144092,2.9692557517379123,-37.2574677025504,-25.617985155737784,-34.406982180882004,0.0
6,38,26,-31.489911244706175,3.0225103084304923,-37.41403144922994,-25.56579104018241,-34.51242155313667,0.0
117,70,30,-31.572453447771746,3.014792281736825,-37.48144631997592,-25.66346057556757,-34.587245729508574,0.0
68,32,8,-31.597267999631562,3.129656335741257,-37.73139441768443,-25.463141581578697,-34.72692433537282,0.0
68,32,55,-31.70835572709427,3.048908058006065,-37.684215520786154,-25.732495933402383,-34.757263785100335,0.0
32,82,0,-32.05541275053835,2.8866566125534336,-37.71325971114308,-26.397565789933623,-34.94206936309178,0.0
68,32,43,-32.497002198757464,3.274354921380531,-38.91473784466331,-26.07926655285162,-35.77135712013799,0.0
70,117,12,-33.14390496440739,2.9813125576010804,-38.987277577305505,-27.300532351509272,-36.12521752200847,0.0
117,70,12,-33.12342293860922,3.099440063665623,-39.198325463393836,-27.048520413824598,-36.22286300227484,0.0
68,32,14,-33.264532339793405,3.011960378898754,-39.16797468243496,-27.361089997151847,-36.27649271869216,0.0
117,70,26,-33.00759329377484,3.283098925066893,-39.44246718690595,-26.572719400643727,-36.290692218841734,0.0
32,82,7,-33.40866324246209,2.9556622669729884,-39.20176128572915,-27.615565199195032,-36.364325509435076,0.0
117,70,31,-33.76207369204105,2.831511315900228,-39.311835871205496,-28.212311512876603,-36.59358500794128,0.0
38,70,23,-33.99752626433597,3.0449183433974536,-39.96556621739498,-28.02948631127696,-37.04244460773342,0.0
32,82,41,-34.03810192986009,3.2513534747367,-40.410754740344025,-27.66544911937616,-37.289455404596794,0.0
32,82,19,-35.103994796846024,2.6764824968321177,-40.349900490636976,-29.85808910305507,-37.78047729367814,0.0
38,70,56,-34.98463241694378,2.819497925891108,-40.510848351690356,-29.45841648219721,-37.80413034283489,0.0
68,32,2,-35.36493151566194,3.3941117172486805,-42.01739048146935,-28.712472549854525,-38.759043232910614,0.0
38,70,4,-36.01170010078222,3.2569690145492305,-42.39535936929871,-29.62804083226573,-39.26866911533145,0.0
38,70,37,-36.91684856559774,2.81400214710082,-42.43229277391535,-31.401404357280132,-39.73085071269856,0.0
38,70,35,-37.2470528139801,2.9994255794161466,-43.12592694963575,-31.36817867832445,-40.246478393396245,0.0
38,70,46,-37.65900213343406,3.167717602211666,-43.86772863376892,-31.450275633099192,-40.826719735645725,0.0
70,32,11,-37.699727701146756,3.397636869248122,-44.35909596487308,-31.040359437420438,-41.09736457039488,0.0
38,70,45,-38.61029844307195,3.1032353805494384,-44.692639788948846,-32.52795709719505,-41.71353382362138,0.0
70,32,46,-39.053579006549526,3.3422788222881428,-45.604445498234284,-32.50271251486477,-42.39585782883767,0.0
70,32,36,-39.41831137395338,3.5155322971714953,-46.30875467640951,-32.52786807149725,-42.933843671124876,0.0
38,70,21,-39.912881065903484,3.0325760750723636,-45.856730173045314,-33.969031958761654,-42.94545714097585,0.0
38,70,5,-39.57222078705685,3.486751619051285,-46.406253960397365,-32.738187613716335,-43.05897240610813,0.0
70,32,0,-40.34496913342277,3.144651034732175,-46.50848516149784,-34.18145310534771,-43.48962016815495,0.0
38,70,41,-41.362286376914795,3.182157279620738,-47.59931464497144,-35.12525810885815,-44.544443656535535,0.0
70,32,35,-41.09757819820236,3.5373819179208783,-48.03084675732728,-34.164309639077445,-44.63496011612324,0.0
70,32,28,-42.69429732928265,3.3616587949169316,-49.283148567319834,-36.10544609124546,-46.05595612419958,0.0
38,70,7,-42.958296820013416,3.8066833298257756,-50.41939614647194,-35.49719749355489,-46.76498014983919,0.0
38,70,44,-44.04852638475853,3.5098561633000305,-50.92784446482659,-37.16920830469047,-47.55838254805856,0.0
38,70,51,-43.97532616869369,3.675580977004077,-51.179464883621684,-36.7711874537657,-47.650907145697765,0.0
70,32,41,-44.32220162289679,3.6707756092224058,-51.516921816972705,-37.12748142882088,-47.992977232119195,0.0
70,32,33,-44.760617214967304,3.8448799300449337,-52.296581877855374,-37.224652552079235,-48.60549714501224,0.0
70,32,31,-44.931597630428804,3.7640260271586814,-52.30908864365982,-37.55410661719779,-48.69562365758748,0.0
38,70,13,-45.42505622188596,3.574332549645393,-52.43074801919093,-38.41936442458099,-48.99938877153135,0.0
70,32,19,-45.429886101379964,3.6937627062912113,-52.669661005710736,-38.19011119704919,-49.123648807671174,0.0
70,32,12,-47.24222956590748,4.029056329753662,-55.13917997222466,-39.3452791595903,-51.271285895661144,0.0
