drug_row,drug_col,cell_line,mean_synergy,std,ci_low,ci_high,conservative_score,topk_probability
111,45,13,5.786698985988441,0.9246411519402398,3.9744023281855707,7.59899564379131,4.862057834048201,0.89
111,64,7,4.858170829504397,0.6109355843866687,3.6607370841065263,6.055604574902268,4.247235245117729,0.65
111,32,13,4.801327146238985,0.6861852263756767,3.456404102542659,6.146250189935311,4.115141919863309,0.64
64,45,39,4.510085561033838,0.7399658133966636,3.0597525667763774,5.960418555291299,3.7701197476371746,0.47
111,36,13,4.185148760320901,0.7753097732325285,2.6655416047851457,5.704755915856657,3.4098389870883725,0.26
80,70,39,3.5175899503576966,0.6464042332182525,2.250637653249922,4.784542247465471,2.8711857171394444,0.05
41,75,52,3.4274358920717702,0.60273805555562,2.2460693031827548,4.608802480960786,2.82469783651615,0.01
117,43,13,3.409916054645973,0.753821225972662,1.9324264517395555,4.8874056575523905,2.656094828673311,0.02
80,32,27,3.1850117019642155,0.5536103673138744,2.0999353820290216,4.27008802189941,2.631401334650341,0.0
111,99,39,3.2384537397880706,0.6605493321094569,1.943777048853535,4.533130430722606,2.5779044076786137,0.0
111,45,7,3.23078313274909,0.6551377218763491,1.9467131978714458,4.514853067626735,2.575645410872741,0.0
111,36,7,3.173850469732777,0.5984568839104678,2.00087497726826,4.346825962197293,2.575393585822309,0.0
99,43,39,3.1208560815462865,0.5489379273543238,2.044937743931812,4.196774419160761,2.5719181541919625,0.0
36,99,13,3.3052783966505017,0.8182412777147854,1.7015254923295224,4.909031300971481,2.4870371189357163,0.01
111,6,19,3.1001003112793697,0.6654649597034078,1.7957889902606905,4.404411632298049,2.434635351575962,0.0
111,70,52,2.791494838168544,0.5357869956267949,1.7413523267400262,3.841637349597062,2.2557078425417494,0.0
80,32,39,2.767445521211764,0.5454292060343802,1.6984042773843788,3.836486765039149,2.2220163151773837,0.0
111,70,27,2.9300816072156954,0.712244181452563,1.534083011568672,4.326080202862719,2.2178374257631326,0.0
111,64,44,2.7596492199861906,0.579729525959709,1.6233793491051611,3.89591909086722,2.1799196940264816,0.0
64,45,6,2.812173102128138,0.6697941309630273,1.4993766054406046,4.124969598815671,2.142378971165111,0.0
38,99,16,2.6276748261728105,0.5023289017093266,1.6431101788225302,3.6122394735230907,2.125345924463484,0.0
80,117,52,2.58565817538507,0.46191286896744727,1.6803089522088734,3.4910073985612664,2.123745306417623,0.0
80,117,10,2.512182541908054,0.389025117763333,1.7496933110919215,3.2746717727241865,2.123157424144721,0.0
111,70,19,2.6723999976952215,0.6010612523901072,1.4943199430106113,3.8504800523798317,2.0713387453051144,0.0
99,70,13,2.644226812524433,0.62429442873213,1.420609732209458,3.8678438928394074,2.0199323837923027,0.0
60,32,13,2.605282185739298,0.6367044521811316,1.35734145946428,3.853222912014316,1.9685777335581665,0.0
70,32,19,2.5879713322285434,0.6233349644816577,1.3662348018444943,3.8097078626125924,1.9646363677468857,0.0
32,18,52,2.3666698597320086,0.408307746992884,1.566386675625956,3.1669530438380615,1.9583621127391246,0.0
80,32,12,2.355236352848525,0.4057882031630808,1.5598914746488868,3.1505812310481636,1.9494481496854443,0.0
38,32,6,2.4627450219247935,0.5356133899284136,1.412942777665103,3.512547266184484,1.9271316319963798,0.0
38,80,14,2.4299142782913132,0.5055656824033997,1.43900554078065,3.4208230158019766,1.9243485958879134,0.0
60,45,39,2.5141075951480127,0.6081893644622223,1.3220564408020572,3.7061587494939685,1.9059182306857905,0.0
70,117,52,2.5255939846535775,0.6331313661001102,1.2846565070973615,3.7665314622097936,1.8924626185534672,0.0
70,32,28,2.500703119359959,0.6261242225924147,1.2734996430788261,3.727906595641092,1.8745788967675443,0.0
111,82,13,2.387127821024545,0.5230064791231108,1.3620351219432476,3.412220520105842,1.864121341901434,0.0
111,36,39,2.456319881848803,0.5987296815864082,1.282809705939443,3.629830057758163,1.8575902002623947,0.0
68,80,27,2.3831348860790964,0.5283867941166237,1.347496769610514,3.418773002547679,1.8547480919624726,0.0
111,99,17,2.4182891275406786,0.5872233520465507,1.2673313575294392,3.569246897551918,1.8310657754941277,0.0
38,32,56,2.3443558711989545,0.5167921991084131,1.3314431609464648,3.3572685814514442,1.8275636720905415,0.0
80,117,28,2.277041612640854,0.451974412553882,1.3911717640352455,3.1629114612464626,1.825067200086972,0.0
60,32,39,2.341538393612256,0.5495523483676028,1.2644157908117546,3.4186609964127577,1.7919860452446532,0.0
80,117,7,2.196857934499018,0.41251973353660043,1.3883192567672809,3.0053966122307547,1.7843382009624174,0.0
111,45,17,2.4138814338852743,0.6503066091556767,1.139280479940148,3.6884823878304007,1.7635748247295977,0.0
99,32,26,2.1647515151081884,0.41644684580196756,1.3485156973363321,2.9809873328800447,1.7483046693062207,0.0
111,64,6,2.3598106595259765,0.6338880870108817,1.1173900089846482,3.602231310067305,1.7259225725150946,0.0
111,6,4,2.2284585883858554,0.5395537356994712,1.170933266414892,3.285983910356819,1.6889048526863841,0.0
111,45,26,2.1840816012892015,0.5105164879130394,1.1834692849796442,3.184693917598759,1.6735651133761622,0.0
111,80,13,2.2824301923231176,0.6131393835737089,1.0806770005186481,3.4841833841275873,1.6692908087494087,0.0
38,32,48,2.287266785831731,0.6187988677399336,1.074421005061461,3.500112566602001,1.6684679180917974,0.0
80,32,56,2.0344584433936417,0.3687957405504392,1.311618791914781,2.7572980948725023,1.6656627028432025,0.0
41,99,17,2.207754539094986,0.58792279336204,1.0554258641053875,3.360083214084584,1.619831745732946,0.0
38,32,33,2.141249279435227,0.5282198215503576,1.1059384291965262,3.176560129673928,1.6130294578848696,0.0
80,117,43,2.0411708719588044,0.43087996797134465,1.1966461347349688,2.88569560918264,1.6102909039874598,0.0
80,117,20,2.080718209154645,0.4727018337180346,1.154222615067297,3.0072138032419926,1.6080163754366101,0.0
32,75,52,2.1443169312123223,0.5406023912347657,1.0847362443921815,3.203897618032463,1.6037145399775565,0.0
117,43,27,2.226983953178383,0.6341797296612465,0.9839916830423401,3.469976223314426,1.5928042235171365,0.0
80,117,33,1.966879186524077,0.40379239072634177,1.175446100700447,2.7583122723477067,1.563086795797735,0.0
38,80,9,1.9956659645106491,0.44316902650424395,1.127054672562331,2.8642772564589674,1.552496938006405,0.0
38,32,57,2.0807704949008103,0.5340951615185504,1.0339439783244515,3.127597011477169,1.54667533338226,0.0
111,36,36,2.0848223979758016,0.5399033268780943,1.0266118772947368,3.1430329186568664,1.5449190710977074,0.0
60,70,39,2.08163903691429,0.5544256728137599,0.9949647181993206,3.168313355629259,1.5272133641005299,0.0
70,45,39,2.026839520846852,0.5013796733067106,1.0441353611656994,3.009543680528005,1.5254598475401415,0.0
38,32,23,1.9285990271052758,0.413664104597011,1.1178173820951343,2.7393806721154172,1.5149349225082647,0.0
70,32,12,2.1899264641489182,0.6779161474929694,0.8612108150626983,3.5186421132351384,1.5120103166559489,0.0
38,32,5,1.981085519860162,0.4692100087090429,1.061433902790438,2.900737136929886,1.511875511151119,0.0
111,6,22,1.9463824020288742,0.43540637904474766,1.0929858991011687,2.7997789049565798,1.5109760229841265,0.0
32,99,17,1.9085861688768366,0.4021651303351347,1.1203425134199727,2.6968298243337006,1.5064210385417018,0.0
70,32,36,2.1330093133392283,0.635716748206431,0.8870044868546236,3.379014139823833,1.4972925651327973,0.0
32,18,17,1.8769643485151077,0.3798366642071655,1.1324844866690635,2.621444210361152,1.4971276843079422,0.0
111,99,52,1.9956693779403774,0.512274600447416,0.9916111610634419,2.9997275948173128,1.4833947774929612,0.0
99,32,52,1.9292681702428127,0.458522438343334,1.0305641910898782,2.8279721493957473,1.4707457318994788,0.0
38,32,58,1.9670704670120016,0.5008551204727354,0.9853944308854402,2.948746503138563,1.4662153465392662,0.0
117,70,39,2.22933057812389,0.7632800869483487,0.7333016077051266,3.7253595485426536,1.4660504911755414,0.0
80,117,41,1.7996521980654934,0.3372737770441109,1.138595595059036,2.4607088010719504,1.4623784210213824,0.0
111,38,22,1.85272575622322,0.3920413447123564,1.0843247205870015,2.6211267918594388,1.4606844115108637,0.0
80,32,43,1.8589058707108133,0.3994116156938268,1.0760591039509126,2.641752637470714,1.4594942550169865,0.0
99,24,13,2.154623666256147,0.7035079227274424,0.7757481377103599,3.5334991948019345,1.4511157435287045,0.0
111,32,16,1.9613677802864389,0.5154556635254819,0.9510746797764944,2.9716608807963834,1.445912116760957,0.0
117,70,12,2.0446769283637214,0.5998243977387324,0.869021108795806,3.2203327479316366,1.4448525306249889,0.0
38,32,35,1.931936757206185,0.5069346807160254,0.9383447830027751,2.925528731409595,1.4250020764901596,0.0
64,99,19,1.9164673446896385,0.49466754795304646,0.9469189507016675,2.8860157386776093,1.421799796736592,0.0
80,117,45,1.7909336972872254,0.37349512494294373,1.0588832523990557,2.522984142175395,1.4174385723442817,0.0
38,80,0,1.8536315540928425,0.45994422939186924,0.9521408644847789,2.755122243700906,1.3936873247009733,0.0
70,32,0,1.9123977863462225,0.5291052968397258,0.8753514045403599,2.949444168152085,1.3832924895064966,0.0
38,99,56,1.832329100945833,0.4616907613425949,0.9274152087143469,2.737242993177319,1.370638339603238,0.0
117,18,17,1.7073981099580156,0.34264958870152173,1.035804916103033,2.378991303812998,1.3647485212564938,0.0
70,32,33,1.9256990894330521,0.5619357568525342,0.8243050060020851,3.027093172864019,1.3637633325805179,0.0
60,80,6,1.839702669549506,0.4817745518868358,0.8954245478513078,2.7839807912477044,1.35792811766267,0.0
80,32,4,1.7613077613861732,0.4056804953520431,0.9661739904961687,2.5564415322761778,1.35562726603413,0.0
80,32,21,1.7299596137379198,0.3940526585251222,0.9576164030286803,2.5023028244471592,1.3359069552127976,0.0
80,32,18,1.6974878362398296,0.36690854974723036,0.9783470787352581,2.416628593744401,1.3305792864925992,0.0
70,43,27,1.9356010251303954,0.607300993725834,0.7452910774277608,3.1259109728330303,1.3283000314045614,0.0
111,38,16,1.7392087620111396,0.4145697240107389,0.9266521029500914,2.551765421072188,1.3246390380004007,0.0
80,117,51,1.7279828117941807,0.4172336571821278,0.9102048437172102,2.5457607798711512,1.3107491546120529,0.0
41,117,17,1.8534284367821214,0.5628692871331924,0.7502046340010644,2.9566522395631782,1.290559149648929,0.0
70,117,12,1.982338142767004,0.7018825290091452,0.6066483859090794,3.358027899624928,1.2804556137578587,0.0
38,32,31,1.782554416121197,0.5196170508591889,0.7641049964371869,2.801003835805207,1.2629373652620082,0.0
38,80,43,1.7105201175753648,0.4786027146038598,0.7724587969517996,2.64858143819893,1.231917402971505,0.0
60,80,13,1.8042500457697173,0.5764307378335755,0.6744457996159094,2.934054291923525,1.2278193079361417,0.0
111,64,51,1.902519554211234,0.6773680312223407,0.5748782130154464,3.230160895407022,1.2251515229888934,0.0
80,32,33,1.6178232051855452,0.3953433733721271,0.8429501933761762,2.3926962169949144,1.222479831813418,0.0
80,45,19,1.6574223545670772,0.44123764226168594,0.7925965757341727,2.5222481333999816,1.2161847123053913,0.0
80,32,23,1.5983450791847673,0.3888488544974399,0.8362013243697851,2.3604888339997494,1.2094962246873275,0.0
111,45,8,1.727896223924993,0.5196372430258566,0.7094072275943142,2.746385220255672,1.2082589808991364,0.0
111,36,14,1.6364247174841624,0.4406627646440939,0.7727256987817385,2.5001237361865862,1.1957619528400685,0.0
38,32,40,1.6048828172017853,0.42130311497021905,0.779128711860156,2.430636922543415,1.1835797022315662,0.0
68,32,14,1.5385993443724135,0.3670401761513555,0.8192005991157568,2.25799808962907,1.171559168221058,0.0
117,6,51,1.7619138502021037,0.5972326502509029,0.5913378557103339,2.9324898446938734,1.1646811999512008,0.0
117,32,10,1.5105998384172343,0.34599419901031697,0.832451208357013,2.1887484684774554,1.1646056394069173,0.0
38,80,33,1.6135967823068629,0.45431715401061956,0.7231351604460485,2.504058404167677,1.1592796282962432,0.0
80,32,32,1.5044446351076879,0.3589431141070551,0.8009161314578599,2.2079731387575157,1.1455015210006327,0.0
111,117,7,1.5545715102856592,0.41349231304524775,0.7441265767169737,2.3650164438543446,1.1410791972404115,0.0
70,32,31,1.7246618139200944,0.5884469307970059,0.5713058295579627,2.878017798282226,1.1362148831230885,0.0
70,32,46,1.6765970260813297,0.5463901743178762,0.6056722844182925,2.7475217677443666,1.1302068517634534,0.0
70,32,41,1.6443693314287544,0.5143021699806143,0.6363370782667503,2.6524015845907583,1.1300671614481401,0.0
99,6,17,1.65771412765204,0.528440246220581,0.6219712450597012,2.6934570102443787,1.129273881431459,0.0
60,45,6,1.781793516081513,0.6564249370399314,0.49520063948324755,3.0683863926797788,1.1253685790415817,0.0
38,60,28,1.5191840399262315,0.3988025558931441,0.737531030375669,2.300837049476794,1.1203814840330875,0.0
80,70,8,1.579429579509903,0.47789153261581846,0.6427621755828987,2.516096983436907,1.1015380468940845,0.0
60,80,39,1.5966684912313114,0.5287160818407697,0.5603849708234028,2.6329520116392198,1.0679524093905417,0.0
38,80,40,1.4559765568947982,0.390582194636041,0.6904354554081579,2.2215176583814387,1.0653943622587572,0.0
38,99,17,1.5090871206294045,0.4471460654655514,0.6326808323169237,2.385493408941885,1.061941055163853,0.0
64,70,14,1.4757129813114118,0.41810821857156477,0.6562208729111448,2.2952050897116787,1.057604762739847,0.0
36,99,39,1.5467763707061166,0.4895724681355554,0.587214333160428,2.506338408251805,1.0572039025705613,0.0
60,68,39,1.6159888274661904,0.5734276932157806,0.4920705487632606,2.7399071061691203,1.04256113425041,0.0
111,117,16,1.670424210554311,0.6307215386839278,0.4342099947338125,2.9066384263748093,1.0397026718703832,0.0
38,60,29,1.4146276088618932,0.3790341826400647,0.6717206108873663,2.1575346068364203,1.0355934262218285,0.0
38,80,54,1.4540941343128997,0.4225049820812144,0.6259843694337195,2.28220389919208,1.0315891522316853,0.0
82,43,13,1.6875992076647477,0.6584565349861259,0.39702439909194087,2.9781740162375545,1.029142672678622,0.0
80,43,13,1.7680993000890477,0.7530662781744836,0.29208939486706,3.2441092053110356,1.0150330219145642,0.0
80,117,18,1.3276586263787886,0.32099934655023055,0.6984999071403367,1.9568173456172406,1.006659279828558,0.0
32,117,52,1.316306106362653,0.3103220920880961,0.7080748058699848,1.9245374068553214,1.005984014274557,0.0
80,117,35,1.3098591766674812,0.3050191312997608,0.71202167931995,1.9076966740150123,1.0048400453677204,0.0
111,64,30,1.633904271765678,0.6302777620088885,0.39855985822825657,2.8692486853030994,1.0036265097567894,0.0
74,75,17,1.4447681284153449,0.44170812657595626,0.5790202003264706,2.310516056504219,1.0030600018393887,0.0
80,32,24,1.3350885961077767,0.34358909578189867,0.6616539683752554,2.008523223840298,0.9914995003258781,0.0
80,117,40,1.303818230584813,0.3144228248669678,0.6875494938455561,1.9200869673240697,0.9893954057178451,0.0
99,32,49,1.3771770179404095,0.3916755458305308,0.609492948112569,2.14486108776825,0.9855014721098787,0.0
111,70,46,1.3690126799627425,0.3988365581269882,0.5872930260338456,2.1507323338916393,0.9701761218357543,0.0
38,6,14,1.3668015531460713,0.3967603504873706,0.5891512661908249,2.1444518401013175,0.9700412026587006,0.0
38,80,50,1.3968526150100886,0.429483124646352,0.5550656907032386,2.2386395393169387,0.9673694903637367,0.0
117,32,17,1.2952648586652598,0.3386786816536937,0.6314546426240202,1.9590750747064993,0.956586177011566,0.0
68,70,10,1.4544015327044442,0.51163253516009,0.45160176379066774,2.4572013016182206,0.9427689975443542,0.0
117,68,12,1.403163618985611,0.4658679591436432,0.4900624190640702,2.3162648189071517,0.9372956598419677,0.0
74,70,17,1.3865790029310048,0.45448297627278716,0.495792369436342,2.2773656364256674,0.9320960266582177,0.0
111,6,26,1.3625170837200908,0.4397174207697157,0.5006709390114481,2.2243632284287336,0.9227996629503752,0.0
117,32,20,1.268887859911572,0.3471764837945552,0.5884219516742439,1.9493537681489002,0.9217113761170168,0.0
111,64,41,1.384085272882169,0.46645065552229276,0.4698419880584753,2.298328557705863,0.9176346173598764,0.0
70,32,11,1.3723198818308726,0.45630461871674666,0.47796282914604915,2.2666769345156963,0.916015263114126,0.0
111,6,1,1.3289168685293957,0.41329002599094883,0.5188684175871361,2.138965319471655,0.9156268425384468,0.0
36,117,12,1.305376472200619,0.39119240791938004,0.538639352678634,2.0721135917226037,0.9141840642812389,0.0
70,43,28,1.3234404357177605,0.41363591836157765,0.5127140357290683,2.134166835706453,0.9098045173561828,0.0
36,45,27,1.4302432961091691,0.5404037578647592,0.37105193069424103,2.489434661524097,0.8898395382444099,0.0
36,99,22,1.3744926407634186,0.493505562669188,0.40722173793181016,2.341763543595027,0.8809870780942306,0.0
117,32,14,1.1840892233186633,0.30856452218987995,0.5793027598264986,1.788875686810828,0.8755247011287833,0.0
117,32,52,1.2491555100121885,0.3750834115909733,0.5139920232938808,1.9843189967304962,0.8740720984212151,0.0
80,117,1,1.2578539753151556,0.3956756208845612,0.4823297583814157,2.033378192248896,0.8621783544305944,0.0
38,36,14,1.3071421493565465,0.4488266000060567,0.42744201334467546,2.1868422853684173,0.8583155493504898,0.0
117,32,29,1.2365605614087332,0.38184162664042487,0.4881509731935004,1.9849701496239658,0.8547189347683083,0.0
36,99,19,1.3705975861707975,0.519131786916248,0.3530992838149516,2.3880958885266432,0.8514657992545496,0.0
111,36,1,1.3354042456885813,0.4862207985103461,0.382411480608303,2.2883970107688594,0.8491834471782351,0.0
60,70,19,1.3450946166027893,0.4981483184928722,0.3687239123567597,2.321465320848819,0.8469462981099171,0.0
117,70,30,1.4808832700465304,0.634667009060501,0.23693593228794851,2.7248306078051123,0.8462162609860294,0.0
70,32,35,1.3607758587752803,0.516585679379308,0.34826792719183675,2.373283790358724,0.8441901793959723,0.0
80,70,0,1.2820478413161962,0.4463981480478847,0.40710747114234225,2.15698821149005,0.8356496932683115,0.0
80,70,22,1.3410008796771917,0.5174959609857279,0.3267087961451651,2.3552929632092185,0.8235049186914638,0.0
68,80,52,1.2191066692854298,0.39829550680178866,0.43844747595392397,1.9997658626169357,0.8208111624836412,0.0
68,80,12,1.2245234903922706,0.41576015323662663,0.40963359004848243,2.0394133907360588,0.808763337155644,0.0
64,99,52,1.3141756234650699,0.5096967353680337,0.3151700221437238,2.313181224786416,0.8044788880970362,0.0
68,70,3,1.2548532670388988,0.4551702924256666,0.36271949388459224,2.1469870401932054,0.7996829746132321,0.0
37,75,30,1.2222198499982433,0.42573124098642573,0.3877866176648489,2.056653082331638,0.7964886090118175,0.0
38,60,46,1.08255720409294,0.30643769289268263,0.48193932602328216,1.683175082162598,0.7761195112002575,0.0
80,117,48,1.1859743821898912,0.41423013355475574,0.37408332042256986,1.9978654439572123,0.7717442486351354,0.0
117,6,14,1.1489969022603905,0.3815665793180788,0.4011264067969561,1.8968673977238248,0.7674303229423117,0.0
74,117,52,1.1353002155810816,0.3726181831485922,0.404968576609841,1.8656318545523223,0.7626820324324894,0.0
117,70,0,1.2554322512672558,0.49730708235674875,0.2807103698480282,2.2301541326864833,0.7581251689105071,0.0
80,70,46,1.1878808549307942,0.4419863011435679,0.3215877046894011,2.0541740051721873,0.7458945537872264,0.0
111,70,4,1.1551038242919942,0.41682370023540244,0.33812937183060543,1.972078276753383,0.7382801240565917,0.0
38,68,29,1.0603760182613133,0.32375351538102826,0.42581912811449796,1.6949329084081288,0.7366225028802851,0.0
111,45,12,1.1947712386196914,0.45916172680284173,0.2948142540861216,2.094728223153261,0.7356095118168496,0.0
111,6,51,1.2610821941918209,0.5273680007711251,0.22744091268041577,2.294723475703226,0.7337141934206958,0.0
38,68,9,1.1104472190724137,0.3780953889582241,0.36938025671429453,1.851514181430533,0.7323518301141896,0.0
99,32,28,1.1050424675553814,0.37311671150529685,0.3737337130049996,1.8363512221057632,0.7319257560500845,0.0
80,70,37,1.110142254883856,0.3809495191692599,0.3634811973121066,1.8568033124556054,0.7291927357145961,0.0
74,32,52,1.0844264122215748,0.35553648356389295,0.38757490443634457,1.781277920006805,0.7288899286576818,0.0
99,32,19,1.2212008930658624,0.49435811586524625,0.25225898596997975,2.190142800161745,0.7268427772006162,0.0
117,32,38,1.067620388768699,0.34385144643443816,0.3936715537572002,1.7415692237801979,0.7237689423342608,0.0
38,36,28,1.1538783388081955,0.4337446203705443,0.30373888288192863,2.0040177947344624,0.7201337184376512,0.0
117,6,28,1.0580532807568037,0.33842236935570297,0.39474543681962593,1.7213611246939815,0.7196309114011008,0.0
60,32,29,0.990196491181619,0.2734664029999154,0.45420234130178483,1.5261906410614532,0.7167300881817036,0.0
38,6,28,1.148356156698343,0.4341084101741017,0.29750367275710365,1.9992086406395821,0.7142477465242412,0.0
64,117,6,1.2169015878439815,0.505977334943866,0.22518601135400418,2.2086171643339587,0.7109242529001155,0.0
117,68,52,0.9902735523858796,0.28178208001736815,0.43798067555183795,1.5425664292199213,0.7084914723685114,0.0
117,99,6,1.2943300021326465,0.5872453678299849,0.14332908118587606,2.4453309230794167,0.7070846343026616,0.0
60,117,12,1.0287334415032545,0.32838155695570925,0.3851055898700644,1.6723612931364447,0.7003518845475453,0.0
111,36,6,1.2126878927239009,0.520503218714758,0.19250158404297513,2.232874201404827,0.6921846740091429,0.0
111,45,41,1.1020074374548192,0.4124124445401756,0.293679046156075,1.9103358287535634,0.6895949929146437,0.0
117,70,26,1.1207803757259933,0.4315209175169362,0.27499937739279834,1.9665613740591883,0.6892594582090571,0.0
6,38,36,1.2115727906109666,0.523071952512973,0.1863517636855394,2.2367938175363937,0.6885008380979936,0.0
38,68,36,1.1451288975295553,0.4578378995909329,0.24776661433132674,2.042491180727784,0.6872909979386224,0.0
38,60,30,1.0952278902662986,0.4132294106492092,0.2852982453938486,1.9051575351387486,0.6819984796170895,0.0
60,80,17,1.0299443713871803,0.34882583648642124,0.3462457318737947,1.713643010900566,0.6811185349007591,0.0
111,6,29,1.0863803147071824,0.412458865586818,0.27796093815701917,1.8947996912573457,0.6739214491203644,0.0
74,70,47,1.0515556808206876,0.38274107440918087,0.30138317497869316,1.801728186662682,0.6688146064115068,0.0
64,117,30,1.1995551523564767,0.5313876370445986,0.15803538374906356,2.24107492096389,0.6681675153118781,0.0
111,32,44,1.146347615987425,0.47939018782555864,0.20674284784933017,2.08595238412552,0.6669574281618664,0.0
117,70,47,0.9706172508988672,0.304260875296606,0.3742659353175194,1.5669685664802149,0.6663563756022612,0.0
70,43,52,1.0842760512987832,0.4266514275658222,0.24803925326977172,1.9205128493277948,0.657624623732961,0.0
111,68,7,1.1006196644751423,0.4432181495614369,0.2319120913347259,1.9693272376155586,0.6574015149137054,0.0
45,6,19,1.154195799447697,0.5014634515754696,0.1713274343597767,2.137064164535617,0.6527323478722274,0.0
68,70,37,1.064619655683418,0.4131287845596654,0.25488723794647383,1.8743520734203623,0.6514908711237526,0.0
111,6,44,1.055988679679803,0.4075840862581434,0.257123870613842,1.8548534887457642,0.6484045934216596,0.0
60,45,12,1.0887199953152125,0.44260987228626414,0.22120464563413478,1.9562353449962901,0.6461101230289483,0.0
80,70,48,1.0736345498623905,0.42958491241111607,0.23164812153660297,1.9156209781881781,0.6440496374512744,0.0
64,80,51,1.2056500281479405,0.5616244326438794,0.10486614016593698,2.306433916129944,0.6440255955040611,0.0
117,6,22,0.9395354441680422,0.3007239010082121,0.3501165981919465,1.528954290144138,0.6388115431598301,0.0
38,68,22,1.0380405312502616,0.4037687101570006,0.24665385934254047,1.8294272031579828,0.634271821093261,0.0
60,32,2,1.0458092711103646,0.4132828147791978,0.23577495414313687,1.8558435880775923,0.6325264563311668,0.0
111,38,45,1.0203286683361656,0.39463812429901635,0.24683794471009357,1.7938193919622378,0.6256905440371493,0.0
111,68,17,1.1505940436949684,0.5253262662927026,0.12095456176127128,2.1802335256286653,0.6252677774022658,0.0
111,36,44,1.0583411427722205,0.4335987151049651,0.20848766116648887,1.908194624377952,0.6247424276672553,0.0
64,117,10,0.9609304298640146,0.35002099346218424,0.2748892826781335,1.6469715770498956,0.6109094364018304,0.0
99,32,56,0.9091820172254909,0.29873859920775064,0.3236543627782996,1.4947096716726822,0.6104434180177403,0.0
64,80,7,1.0354975115096559,0.4292073279184573,0.19425114878947958,1.8767438742298321,0.6062901835911986,0.0
117,6,53,0.9822590813395706,0.3765156520229359,0.24428840337461621,1.720229759304525,0.6057434293166347,0.0
36,117,22,0.9321247028914227,0.3265743877009181,0.29203890299762314,1.5722105027852222,0.6055503151905046,0.0
38,6,22,0.95699673521769,0.3583259201360944,0.254677931750945,1.6593155386844352,0.5986708150815956,0.0
111,6,47,1.0668399450561148,0.4737601846835925,0.13826998307627358,1.995409907035956,0.5930797603725223,0.0
64,70,22,1.043946967916639,0.4517311651972052,0.15855388413011695,1.9293400517031611,0.592215802719434,0.0
70,43,7,0.9866187337808171,0.3956067366585346,0.21122952993008937,1.762007937631545,0.5910119971222825,0.0
117,70,16,1.0759871005160668,0.48953252541738707,0.11650335069798823,2.0354708503341454,0.5864545750986798,0.0
38,68,2,0.9885408916618281,0.41240368690491447,0.18022966532819573,1.7968521179954604,0.5761372047569137,0.0
117,32,43,0.844525671913351,0.27830613967666007,0.2990456381470973,1.390005705679605,0.566219532236691,0.0
117,6,47,0.9885785451920192,0.4260313977242022,0.1535570056525829,1.8236000847314555,0.562547147467817,0.0
117,6,6,0.9995343324426155,0.43748356448311315,0.14206654605571367,1.8570021188295174,0.5620507679595024,0.0
60,117,28,0.8192414113974967,0.25955409394607104,0.3105153872631975,1.327967435531796,0.5596873174514256,0.0
111,99,36,1.1219683122970625,0.5645605773814485,0.015429580629423567,2.2285070439647017,0.557407734915614,0.0
64,45,29,1.051377918878981,0.49427081316385146,0.08260712507783208,2.02014871268013,0.5571071057151294,0.0
60,32,36,0.9909876297722536,0.44134054724605076,0.1259601571699942,1.856015102374513,0.5496470825262029,0.0
117,45,51,1.1456021798132507,0.5962765447185528,-0.023099847835112763,2.314304207461614,0.5493256350946979,0.0
117,32,42,0.8374492760055825,0.29039943284587105,0.2682663876276753,1.4066321643834896,0.5470498431597115,0.0
111,36,8,0.9204378915025456,0.3755313712842063,0.18439640378550137,1.65647937921959,0.5449065202183394,0.0
111,68,26,0.8525432528436917,0.3137389909899317,0.23761483050342558,1.4674716751839578,0.5388042618537601,0.0
82,45,27,1.0934930354030437,0.5631453611405164,-0.01027187243236849,2.197257943238456,0.5303476742625273,0.0
38,6,53,0.8588086228099868,0.32890298286488706,0.21415877639480818,1.5034584692251656,0.5299056399450998,0.0
64,45,28,1.0402726085573848,0.5118554463204155,0.03703593376937042,2.043509283345399,0.5284171622369693,0.0
38,60,12,0.9455154352102773,0.41873562812945864,0.12479360407653839,1.766237266344016,0.5267798070808186,0.0
38,68,53,0.8279742992202158,0.3034924197749956,0.23312915646122445,1.422819441979207,0.5244818794452202,0.0
82,45,13,1.0153312610971077,0.4976483529212295,0.039940489371497856,1.9907220328227175,0.5176829081758783,0.0
38,6,55,0.8915325001164862,0.3796550576762917,0.1474085870709545,1.635656413162018,0.5118774424401945,0.0
41,117,33,0.8943233641883371,0.3836843301589745,0.14230207707674714,1.6463446512999271,0.5106390340293626,0.0
38,60,44,0.9001995550069939,0.4036231530404702,0.10909817504767227,1.6913009349663155,0.4965764019665237,0.0
80,99,30,0.8742486891707445,0.3824775833531878,0.12459262579849639,1.6239047525429926,0.4917711058175567,0.0
70,43,46,0.8563302590323426,0.3659257832676168,0.13911572382781368,1.5735447942368714,0.4904044757647258,0.0
117,99,36,0.8462491671626683,0.3580904455048388,0.1443918939731842,1.5481064403521523,0.4881587216578295,0.0
117,32,51,0.8333417379662887,0.34794375974162345,0.15137196887270676,1.5153115070598706,0.4853979782246653,0.0
80,70,56,0.9023141127006847,0.4240792154724051,0.07111885037477073,1.7335093750265989,0.4782348972282796,0.0
70,117,47,0.9295574892454134,0.4531926472623494,0.04129990061120847,1.8178150778796183,0.47636484198306395,0.0
38,60,34,0.7410182145104892,0.276053532722537,0.19995329037431664,1.2820831386466618,0.4649646817879522,0.0
117,70,36,0.8956407320787535,0.4340314977529131,0.04493899648304378,1.7463424676744632,0.4616092343258404,0.0
74,18,52,0.7369185285270521,0.27703342408589554,0.19393301731869683,1.2799040397354073,0.45988510444115654,0.0
111,68,52,0.8374310421031751,0.37782068096509014,0.09690250741159845,1.5779595767947519,0.45961036113808496,0.0
38,60,11,0.772565793140481,0.3139535237725602,0.1572168865462631,1.387914699734699,0.4586122693679208,0.0
70,45,6,0.9628482636782097,0.5062230813571535,-0.02934897578181117,1.9550455031382308,0.4566251823210562,0.0
64,99,17,1.0758989861622743,0.6207008573685885,-0.1406746942801591,2.2924726666047075,0.4551981287936858,0.0
68,32,2,0.9305837400306283,0.47592057642781505,-0.0022205897678891917,1.8633880698291456,0.4546631636028132,0.0
38,36,55,0.8682166495274198,0.4180462740664415,0.048845952357194466,1.6875873466976452,0.4501703754609783,0.0
74,37,17,0.8337384663537654,0.38462255501845355,0.07987825851759645,1.5875986741899344,0.4491159113353118,0.0
6,38,55,0.897538706269842,0.47111009019654143,-0.0258370705153792,1.8209144830550632,0.42642861607330057,0.0
32,117,47,0.723537641012363,0.29990969188978295,0.13571464490838836,1.3113606371163375,0.42362794912258,0.0
38,70,44,1.0878473452193531,0.6659410509750782,-0.21739711469180012,2.3930918051305063,0.42190629424427495,0.0
99,43,52,0.8055441599480694,0.38975032742513777,0.041633518194799324,1.5694548017013394,0.4157938325229316,0.0
38,60,9,0.7351096085139324,0.3215132637187964,0.10494361162509147,1.3652756054027733,0.41359634479513596,0.0
117,6,30,0.9605946009702994,0.556683633158201,-0.13050532001977466,2.0516945219603735,0.40391096781209834,0.0
117,32,0,0.7002180274782124,0.29746517461215755,0.11718628523838359,1.2832497697180412,0.40275285286605483,0.0
117,32,2,0.7088294058128195,0.3082253491212373,0.10470772153519448,1.3129510900904444,0.4006040566915822,0.0
68,70,47,0.7820446255399315,0.3835771524154133,0.030233406805721397,1.5338558442741417,0.3984674731245182,0.0
80,45,30,0.904567229701293,0.506961170700108,-0.0890766648709187,1.8982111242735047,0.39760605900118495,0.0
64,99,16,1.1254704491499357,0.7308103554848719,-0.3069178476004133,2.5578587459002846,0.3946600936650637,0.0
70,32,32,0.7877188336958415,0.39422440304139184,0.015039003734713563,1.5603986636569696,0.39349443065444967,0.0
60,117,39,0.6088277625620585,0.21590835872627112,0.18564737945856713,1.0320081456655499,0.3929194038357874,0.0
80,70,35,0.7870619469454639,0.3946618763981368,0.013524669205115747,1.560599224685812,0.3924000705473271,0.0
111,64,47,0.7737912291886525,0.3887367495540823,0.011867200062651295,1.5357152583146538,0.38505447963457023,0.0
80,70,18,0.8068591279303253,0.4271363357272956,-0.03032809009517401,1.6440463459558248,0.37972279220302974,0.0
99,45,8,0.8684304405555531,0.4932990499065679,-0.09843569726132007,1.8352965783724262,0.37513139064898515,0.0
117,6,15,0.7002449532948813,0.33090392952503456,0.05167325142581358,1.348816655163949,0.3693410237698468,0.0
64,70,50,0.8502508210204313,0.48092722112474734,-0.09236653238407355,1.7928681744249362,0.3693235998956839,0.0
111,6,45,0.8772932286064002,0.5084168392753484,-0.11920377637328261,1.873790233586083,0.3688763893310518,0.0
38,6,17,0.8318845031874939,0.4693418565457773,-0.0880255356422297,1.7517945420172174,0.36254264664171654,0.0
111,117,17,0.8075022945611715,0.4467209250332533,-0.06807071850400492,1.683075307626348,0.3607813695279182,0.0
111,32,17,0.8853698400536816,0.5381933291492018,-0.16948908507875404,1.9402287651861172,0.34717651090447976,0.0
32,6,44,0.7172330815454674,0.37267471058241336,-0.013209351196062813,1.4476755142869977,0.34455837096305403,0.0
36,117,0,0.6756364635741563,0.33531247737594616,0.01842400791730181,1.3328489192310107,0.34032398619821014,0.0
38,70,23,0.8909145215761668,0.5526889265505253,-0.19235577446286267,1.9741848176151962,0.33822559502564153,0.0
38,43,14,0.7497329289940045,0.4156109713408662,-0.06486457483409336,1.5643304328221022,0.33412195765313824,0.0
38,60,53,0.7696257385479939,0.4383605705956503,-0.08956097981948075,1.6288124569154685,0.33126516795234356,0.0
32,99,47,0.6639358561793238,0.3334607405708481,0.010352804660461512,1.3175189076981861,0.3304751156084757,0.0
74,41,47,0.7235459848706223,0.3952585948342226,-0.05116086100445405,1.4982528307456986,0.3282873900363997,0.0
36,60,12,0.6690771322211126,0.344468791318417,-0.0060816987629847,1.34423596320521,0.32460834090269564,0.0
111,70,28,0.793314445224339,0.4740964686697102,-0.13591463336829301,1.722543523816971,0.3192179765546288,0.0
80,99,26,0.6499549055226451,0.3318891376642162,-0.0005478042992186349,1.3004576153445089,0.31806576785842894,0.0
111,38,41,0.6549481899033627,0.34159830429467075,-0.014584486514191974,1.3244808663209173,0.3133498856086919,0.0
38,36,44,0.7757046874937921,0.4681752378250094,-0.14191877864322633,1.6933281536308105,0.30752944966878265,0.0
38,6,7,0.7080162988321018,0.40072909592532596,-0.07741272918153708,1.4934453268457406,0.30728720290677586,0.0
68,45,16,0.7897571341070758,0.49173674809606716,-0.17404689216121583,1.7535611603753676,0.29802038601100866,0.0
38,60,19,0.6398736531239969,0.35039768254241094,-0.046905804659128525,1.3266531109071225,0.289475970581586,0.0
80,99,6,0.7024992653242492,0.4263624612614069,-0.13317115874810836,1.5381696893966068,0.2761368040628423,0.0
38,117,16,0.7184327663747685,0.44364252778585256,-0.15110658808550248,1.5879721208350395,0.27479023858891594,0.0
117,68,14,0.6530557437463952,0.378392230327961,-0.08859302769640831,1.3947045151891988,0.2746635134184342,0.0
36,80,16,0.6227686605100631,0.34827706221067917,-0.05985438142286803,1.3053917024429942,0.2744915982993839,0.0
99,32,6,0.7324251804419597,0.4598737550402577,-0.16892737943694536,1.6337777403208649,0.272551425401702,0.0
64,117,46,0.5263653223687682,0.25428030217232916,0.027975930111003078,1.0247547146265332,0.27208502019643904,0.0
117,45,7,0.7312440066099657,0.46562598387342746,-0.18138292178195214,1.6438709350018836,0.26561802273653823,0.0
37,75,47,0.6344789368568665,0.37634363481041166,-0.10315458737154037,1.3721124610852735,0.25813530204645485,0.0
111,117,30,0.6715161408614428,0.42176067996329536,-0.15513479186661605,1.4981670735895016,0.24975546089814749,0.0
74,32,12,0.5904925897215154,0.3410421007467805,-0.07794992774217435,1.2589351071852053,0.24945048897473493,0.0
70,43,47,0.5357071228580035,0.288117852838774,-0.029003868705993585,1.1004181144220007,0.24758927001922948,0.0
36,32,17,0.6791014873139807,0.43259788099046337,-0.16879035942732756,1.5269933340552888,0.2465036063235173,0.0
60,117,11,0.48628080050035244,0.2428056079155889,0.010381808985798213,0.9621797920149067,0.24347519258476355,0.0
36,117,4,0.5938959389592308,0.35908656741686446,-0.1099137331778236,1.2977056110962852,0.2348093715423663,0.0
38,60,20,0.701607221868985,0.4690968649649029,-0.21782263346222452,1.6210370772001945,0.23251035690408217,0.0
74,32,47,0.4516653336778652,0.22381767240953096,0.012982695755184515,0.8903479716005459,0.22784766126833425,0.0
80,70,31,0.6552223084495783,0.43116358640379787,-0.1898583209018655,1.5003029378010222,0.22405872204578042,0.0
117,68,22,0.5907475606271071,0.37013942914702125,-0.13472572050105458,1.3162208417552688,0.22060813148008585,0.0
38,117,32,0.515409034559644,0.29580520508106517,-0.0643691673992437,1.0951872365185318,0.21960382947857887,0.0
38,6,52,0.6290413418414439,0.4185798401674874,-0.19137514488683138,1.4494578285697193,0.2104615016739565,0.0
64,80,16,0.5670553458454238,0.3576767427747106,-0.13399106999300903,1.2681017616838566,0.2093786030707132,0.0
111,36,30,0.6213171677432142,0.41537012437002413,-0.1928082760220331,1.4354426115084615,0.2059470433731901,0.0
64,45,0,0.7575663308369045,0.5542563094062836,-0.3287760355994114,1.8439086972732204,0.20331002143062094,0.0
111,99,37,0.5280543774036621,0.3256748741848529,-0.11026837599864958,1.1663771308059738,0.2023795032188092,0.0
99,43,17,0.6206261868278046,0.418724846003977,-0.20007451133999044,1.4413268849955996,0.20190134082382755,0.0
99,24,14,0.5368768004440133,0.3351695855705513,-0.12005558727426724,1.1938091881622939,0.201707214873462,0.0
64,45,11,0.5911824941807033,0.39051021658033636,-0.1742175303167559,1.3565825186781626,0.200672277600367,0.0
38,68,49,0.6217514555325291,0.42340738221063007,-0.20812701360030583,1.451629924665364,0.19834407332189902,0.0
70,43,2,0.5813409795825368,0.38592460849493554,-0.1750712530675368,1.3377532122326103,0.1954163710876013,0.0
38,117,8,0.4789851023129042,0.28450637074731655,-0.07864738435183621,1.0366175889776446,0.19447873156558765,0.0
38,117,41,0.5518311962447694,0.3595179467312158,-0.15282397934841352,1.2564863718379522,0.1923132495135536,0.0
68,70,41,0.5909097892015547,0.4012526633309438,-0.1955454309270951,1.3773650093302043,0.1896571258706109,0.0
38,36,42,0.5960703987692231,0.4072058385727158,-0.2020530448332999,1.3941938423717462,0.18886456019650727,0.0
68,32,29,0.5303173027245782,0.3426322152487982,-0.14124183916306632,1.2018764446122228,0.18768508747578,0.0
74,41,53,0.56130045929318,0.37720291833891195,-0.17801726065108747,1.3006181792374474,0.184097540954268,0.0
60,70,52,0.5244747813988506,0.34325812157592717,-0.14831113688996667,1.1972606996876678,0.18121665982292345,0.0
68,70,8,0.6056042840330264,0.4285391768723135,-0.23433250263670813,1.445541070702761,0.17706510716071283,0.0
6,38,30,0.5962713460200871,0.4213270651047677,-0.22952970158525754,1.4220723936254318,0.17494428091531944,0.0
99,68,27,0.6911720342765065,0.5204051998820328,-0.3288221574922777,1.711166226045291,0.1707668343944737,0.0
117,32,24,0.4709780958638832,0.3010491693868396,-0.11907827613432242,1.0610344678620889,0.16992892647704355,0.0
117,45,22,0.5410061011044331,0.3767727376747917,-0.1974684647381586,1.279480666947025,0.16423336342964145,0.0
60,80,56,0.430746837379101,0.26796833029966716,-0.0944710900082466,0.9559647647664486,0.16277850707943387,0.0
38,36,0,0.5622941548024807,0.40106882611757416,-0.2238007443879647,1.3483890539929262,0.16122532868490652,0.0
36,32,28,0.5489914976172733,0.38797586020856595,-0.21144118839151593,1.3094241836260625,0.16101563740870733,0.0
38,36,47,0.5100613073122162,0.3493463026555977,-0.17465744589275523,1.1947800605171877,0.16071500465661853,0.0
111,32,1,0.44992001086615563,0.2895086024320183,-0.1175168499006003,1.0173568716329116,0.16041140843413731,0.0
117,32,5,0.44302576645543507,0.2829353145025039,-0.11152744996947256,0.9975789828803427,0.16009045195293115,0.0
111,38,7,0.4800350500933808,0.3203153429366652,-0.1477830220624829,1.1078531222492445,0.15971970715671563,0.0
111,117,56,0.4269757432601533,0.2775510102958079,-0.11702423691963015,0.9709757234399368,0.14942473296434539,0.0
38,43,26,0.5037539188869934,0.3588936999366525,-0.1996777329888455,1.2071855707628323,0.1448602189503409,0.0
74,117,37,0.38337879052720136,0.23884789684661226,-0.08476308729215865,0.8515206683465614,0.1445308936805891,0.0
38,99,47,0.4244950270033634,0.28243049092725747,-0.12906873521406126,0.978058789220788,0.14206453607610592,0.0
80,70,9,0.49823368282611097,0.35849476445950385,-0.20441605551451653,1.2008834211667385,0.13973891836660712,0.0
38,36,3,0.54975003550959,0.4107381305352157,-0.25529670033943275,1.3547967713586129,0.13901190497437432,0.0
111,64,53,0.6308345362173736,0.49593893594338134,-0.34120577823165377,1.602874850666401,0.13489560027399228,0.0
111,99,30,0.5914385867825009,0.4570648326275902,-0.3044084851675758,1.4872856587325778,0.13437375415491076,0.0
80,45,17,0.5308157761999285,0.4046682628691792,-0.2623340190236627,1.3239655714235197,0.1261475133307493,0.0
38,36,31,0.4950918797972439,0.3721846438306765,-0.234390022110882,1.2245737817053697,0.12290723596656739,0.0
6,38,26,0.46698187299317906,0.3465773479333958,-0.21230972895627664,1.1462734749426349,0.12040452505978327,0.0
38,70,4,0.6765418130571674,0.5636758054874587,-0.4282627656982516,1.7813463918125865,0.11286600756970877,0.0
60,80,26,0.3906488026194656,0.28191969691550933,-0.16191380333493272,0.9432114085738639,0.10872910570395627,0.0
99,68,26,0.3734084818914721,0.26617087114988475,-0.14828642556230204,0.8951033893452462,0.10723761074158733,0.0
99,6,46,0.5188319508199277,0.4118721463664082,-0.28843745605823223,1.3261013576980876,0.10695980445351955,0.0
111,36,24,0.4519265252636163,0.3475171172463687,-0.22920702453926634,1.133060075066499,0.10440940801724763,0.0
70,45,47,0.47040536934680016,0.36925341693503627,-0.2533313278458709,1.1941420665394713,0.10115195241176389,0.0
60,6,12,0.49792945178067405,0.40354709254272925,-0.29302284960307523,1.2888817531644232,0.0943823592379448,0.0
38,70,37,0.6817451154878726,0.5877598819235977,-0.47026425308237885,1.8337544840581241,0.0939852335642749,0.0
68,32,23,0.38421124197895534,0.29106674383004166,-0.18627957592792627,0.9547020598858369,0.09314449814891368,0.0
43,45,51,0.8194105377925031,0.7368778213466646,-0.6248699920469595,2.2636910676319655,0.08253271644583848,0.0
64,70,36,0.5207046956937305,0.44314360032540867,-0.3478567609440705,1.3892661523315315,0.07756109536832179,0.0
99,70,9,0.3777679643179413,0.30062922113946183,-0.2114653091154039,0.9670012377512864,0.07713874317847946,0.0
99,45,29,0.36869974387318166,0.29268623621269974,-0.20496527910370982,0.9423647668500732,0.07601350766048193,0.0
37,18,52,0.4456150185405348,0.37352081541433596,-0.2864857796715637,1.1777158167526334,0.07209420312619885,0.0
111,70,1,0.40306125312922514,0.3315848388980292,-0.24684503111091205,1.0529675373693623,0.07147641423119594,0.0
111,6,38,0.5576381844821163,0.49121274257403424,-0.40513879096299077,1.5204151599272233,0.06642544190808208,0.0
80,99,46,0.4347018955131479,0.3710629680782999,-0.2925815219203199,1.1619853129466158,0.063638927434848,0.0
111,36,18,0.47364687327299304,0.41172195910654374,-0.33332816657583264,1.2806219131218186,0.061924914166449296,0.0
111,36,9,0.37938530394582604,0.31865292293733827,-0.245174425011357,1.003945032903009,0.06073238100848777,0.0
41,18,12,0.6070674231769337,0.5480518955789135,-0.4671142921577367,1.6812491385116042,0.0590155275980202,0.0
60,80,20,0.45055519263990274,0.39529840769863633,-0.3242296864494245,1.22534007172923,0.0552567849412664,0.0
64,70,4,0.4953304933476495,0.44225369704712714,-0.3714867528647197,1.3621477395600188,0.053076796300522366,0.0
60,117,42,0.2920721108587444,0.24354426733451945,-0.1852746531169137,0.7694188748344025,0.048527843524224956,0.0
117,6,43,0.4689379362352591,0.42276581674527974,-0.3596830645854892,1.2975589370560074,0.046172119489979346,0.0
37,75,37,0.4613972467542389,0.4171461586011188,-0.35620922410395395,1.2790037176124316,0.044251088153120066,0.0
60,117,33,0.25027945271543145,0.21493899316635492,-0.17100097389062419,0.6715598793214871,0.035340459549076525,0.0
38,68,39,0.4336361722950154,0.3983905550777871,-0.3472093156574473,1.2144816602474782,0.0352456172172283,0.0
38,70,7,0.8122734205234078,0.7792589281854202,-0.7150740787200157,2.339620919766831,0.03301449233798759,0.0
117,6,42,0.3615140452464146,0.3303386504344686,-0.28594970960514376,1.008977800097973,0.031175394811946033,0.0
82,43,30,0.6007937387218856,0.5710847393109016,-0.5185323503274817,1.7201198277712528,0.029708999410983927,0.0
38,70,46,0.5785152736089888,0.5588046870742075,-0.5167419130564578,1.6737724602744355,0.019710586534781305,0.0
38,6,50,0.3597982612252639,0.34671945980136204,-0.3197718799854057,1.0393684024359335,0.013078801423901887,0.0
60,80,11,0.26506068846587316,0.25340620428706034,-0.23161547193676513,0.7617368488685115,0.011654484178812818,0.0
117,75,53,0.38619989387967946,0.3746309063063896,-0.3480766824808442,1.1204764702402032,0.011568987573289835,0.0
111,68,29,0.3397815678137025,0.32906027257822656,-0.30517656643962154,0.9847397020670265,0.010721295235475936,0.0
111,117,14,0.4299214428175255,0.4195173119047935,-0.3923324885158698,1.2521753741509207,0.010404130912731957,0.0
32,6,6,0.43647938249381646,0.4312961536232691,-0.408861078607791,1.2818198435954238,0.005183228870547341,0.0
38,117,4,0.37854867709897594,0.3757137523631381,-0.3578502775327747,1.1149476317307265,0.0028349247358378515,0.0
36,60,51,0.33391603101117523,0.3354192143003904,-0.3235056290175899,0.9913376910399403,-0.0015031832892151709,0.0
64,70,47,0.395067018219435,0.3998060262021484,-0.3885527931367758,1.1786868295756459,-0.004739007982713372,0.0
32,6,14,0.37478914836292354,0.38177841704803744,-0.37349654905122986,1.123074845777077,-0.006989268685113903,0.0
68,70,39,0.31938891627486005,0.32740226581134213,-0.32231952471537056,0.9610973572650907,-0.008013349536482084,0.0
41,75,33,0.5046540553739952,0.5144151227576738,-0.5035995852310454,1.512907695979036,-0.009761067383678546,0.0
99,6,8,0.3334059589526196,0.34348738263276346,-0.3398293110075967,1.006641228912836,-0.010081423680143864,0.0
32,6,28,0.43631939183920143,0.4469845555096196,-0.43977033695965295,1.3124091206380557,-0.010665163670418143,0.0
60,80,36,0.30270053502117894,0.31501429542215104,-0.3147274840062371,0.9201285540485951,-0.012313760400972096,0.0
38,6,42,0.46088115230529075,0.47504912191910265,-0.47021512665615045,1.391977431266732,-0.014167969613811893,0.0
38,64,22,0.32243140075723037,0.33933335480722815,-0.3426619746649368,0.9875247761793975,-0.01690195404999778,0.0
38,24,45,0.5315354226647625,0.5522205158575878,-0.5508167884161096,1.6138876337456347,-0.0206850931928253,0.0
68,32,55,0.4977077913668513,0.518404775916107,-0.5183655694287184,1.513781152162421,-0.020696984549255726,0.0
36,117,13,0.5135310429422641,0.5350873011832993,-0.5352400673770024,1.5623021532615307,-0.02155625824103513,0.0
82,45,39,0.515674164395416,0.5383638604471698,-0.5395190020810366,1.5708673308718688,-0.02268969605175375,0.0
38,68,3,0.40426423044426585,0.4302774976271874,-0.4390796649050215,1.2476081257935532,-0.026013267182921573,0.0
99,18,52,0.27350840021478046,0.3025521590945516,-0.3194938316105406,0.8665106320401015,-0.02904375887977112,0.0
60,6,51,0.32114035177451,0.3536212789636204,-0.371957354994186,1.014238058543206,-0.03248092718911039,0.0
38,6,6,0.3339963079026549,0.3669326922401856,-0.3851917688881089,1.0531843846934188,-0.03293638433753071,0.0
68,99,17,0.33009628183716266,0.3652732545898237,-0.38583929715889176,1.046031860833217,-0.03517697275266102,0.0
36,70,14,0.4739293907680932,0.5095875784779854,-0.5248622630487583,1.4727210445849446,-0.03565818770989221,0.0
36,99,1,0.37569550480040725,0.4140383737610971,-0.43581970777134305,1.1872107173721576,-0.038342868960689835,0.0
36,80,20,0.31008313721044084,0.35185418231781496,-0.37955106013247647,0.9997173345533581,-0.041771045107374116,0.0
38,70,56,0.44948988615863505,0.49181861657055054,-0.514474602319644,1.4134543746369141,-0.04232873041191548,0.0
43,45,52,0.40597726759576946,0.4537820549780004,-0.48343556016111133,1.2953900953526503,-0.04780478738223093,0.0
64,99,46,0.3267912602443692,0.3768868837085741,-0.411907031824436,1.0654895523131744,-0.050095623464204875,0.0
36,99,8,0.3165560029152211,0.36913388039776174,-0.40694640266439186,1.040058408494834,-0.052577877482540614,0.0
99,70,14,0.39600901847380765,0.44890171485652397,-0.48383834264497927,1.2758563795925946,-0.05289269638271632,0.0
38,117,7,0.29157826007058596,0.34512673108886116,-0.38487013286358185,0.9680266530047538,-0.0535484710182752,0.0
111,36,56,0.33290056321252665,0.390833985916253,-0.43313404918332926,1.0989351756083825,-0.05793342270372637,0.0
70,43,50,0.2954892960522394,0.35556992142320215,-0.40142774993723684,0.9924063420417156,-0.06008062537096276,0.0
70,117,53,0.37153468974853376,0.43259358549099086,-0.47634873781380827,1.2194181173108758,-0.0610588957424571,0.0
74,68,52,0.25978423827190394,0.3236414118232124,-0.37455292890159225,0.8941214054454001,-0.06385717355130843,0.0
36,80,53,0.3525556125735424,0.4164196955757149,-0.4636269907548588,1.1687382159019437,-0.0638640830021725,0.0
38,70,35,0.36961645880754757,0.43516219096703634,-0.48330143548784366,1.222534353102939,-0.06554573215948878,0.0
111,82,27,0.3140879368888352,0.3819542290529698,-0.4345423520549856,1.062718225832656,-0.06786629216413459,0.0
99,32,50,0.26427361782537373,0.3323744942198939,-0.3871803908456183,0.9157276264963657,-0.06810087639452017,0.0
38,60,15,0.24738102620459435,0.31562173842593083,-0.3712375811102301,0.8659996335194188,-0.06824071222133649,0.0
38,6,31,0.3831823523163118,0.45627040694436555,-0.5111076452946447,1.2774723499272684,-0.07308805462805373,0.0
38,117,40,0.21122701029333896,0.2863649006565123,-0.35004819499342515,0.7725022155801031,-0.07513789036317337,0.0
80,6,30,0.22438441301890005,0.3004151458450978,-0.36442927283749166,0.8131980988752918,-0.07603073282619777,0.0
68,32,7,0.3475499565166743,0.42371787445774994,-0.4829370774205156,1.1780369904538643,-0.07616791794107564,0.0
60,80,21,0.26104162141008147,0.3421288642123426,-0.40953095244611004,0.931614195266273,-0.08108724280226115,0.0
111,6,56,0.315400993664205,0.39982441386276246,-0.46825485750680945,1.0990568448352194,-0.08442342019855748,0.0
68,70,54,0.3542330956584468,0.43913240754755845,-0.5064664231347678,1.2149326144516612,-0.08489931188911165,0.0
60,32,49,0.1921447553093814,0.27765008215337417,-0.35204940571123194,0.7363389163299947,-0.08550532684399276,0.0
38,70,41,0.4789201995366458,0.5676049348070193,-0.6335854726851121,1.5914258717584038,-0.08868473527037357,0.0
74,117,47,0.17087086026683465,0.26291701567109876,-0.34444649044851894,0.6861882109821882,-0.09204615540426411,0.0
111,70,8,0.2480284972009732,0.349247688434079,-0.43649697212982164,0.932553966531768,-0.1012191912331058,0.0
117,32,31,0.2304485774286182,0.3340666897741712,-0.42432213452875733,0.8852192893859938,-0.10361811234555299,0.0
38,60,54,0.24446360127211111,0.3500854959688238,-0.4417039708267836,0.9306311733710058,-0.10562189469671271,0.0
70,45,46,0.2383004399211017,0.3453030560514586,-0.4384935499397571,0.9150944297819605,-0.10700261613035691,0.0
45,6,28,0.34950275992606783,0.4567387391707704,-0.5457051688486422,1.2447106887007777,-0.10723597924470257,0.0
117,32,18,0.21228048496834065,0.32060870870734975,-0.41611258409806484,0.8406735540347461,-0.1083282237390091,0.0
38,117,58,0.1866092571387213,0.29998761225500453,-0.40136646288108757,0.7745849771585303,-0.11337835511628322,0.0
111,43,8,0.22077156252504113,0.335903630265801,-0.43759955279592877,0.8791426778460111,-0.11513206774075987,0.0
38,70,45,0.42550791977133484,0.5422850175460625,-0.6373707146189477,1.4883865541616172,-0.11677709777472767,0.0
36,99,50,0.26011187188787094,0.37719959320067276,-0.4791993307854477,0.9994230745611896,-0.11708772131280182,0.0
38,60,24,0.18142712154774493,0.30270513380700753,-0.41187494071398983,0.7747291838094796,-0.1212780122592626,0.0
36,99,47,0.19205552746825041,0.3134623884305542,-0.4223307538556358,0.8064418087921366,-0.12140686096230377,0.0
111,68,51,0.4076861171300845,0.5328100729732852,-0.6366216258975546,1.4519938601577236,-0.12512395584320068,0.0
38,99,27,0.18712430395369528,0.3132312796936585,-0.4268090042458753,0.8010576121532659,-0.1261069757399632,0.0
68,32,8,0.27506420671550463,0.4021312216788384,-0.5131129877750187,1.0632414012060278,-0.12706701496333378,0.0
111,68,30,0.35417853587343034,0.4816252263543496,-0.5898069077810948,1.2981639795279556,-0.12744669048091928,0.0
117,99,28,0.16610727113992418,0.29520608546040605,-0.4124966563624717,0.74471119864232,-0.12909881432048187,0.0
6,70,14,0.3538107538698726,0.48499327261213054,-0.5967760604499033,1.3043975681896485,-0.13118251874225795,0.0
6,6,28,0.6065407122902299,0.7407605410101706,-0.8453499480897045,2.058431372670164,-0.13421982871994076,0.0
38,36,37,0.24264268883254192,0.3780258425452371,-0.49828796255612273,0.9835733402212066,-0.13538315371269516,0.0
80,70,25,0.2107986918104039,0.34798731279429074,-0.471256441266406,0.8928538248872138,-0.13718862098388684,0.0
70,43,53,0.24127837041289285,0.3786845508625078,-0.5009433492776225,0.9835000901034081,-0.13740618044961495,0.0
99,32,18,0.22455031752443133,0.3636749920431035,-0.48825266688005153,0.9373533019289142,-0.13912467451867216,0.0
117,70,9,0.11794742515714657,0.25769949092250455,-0.3871435770509623,0.6230384273652554,-0.13975206576535798,0.0
117,99,12,0.3416160641968043,0.4816371046261263,-0.6023926608704033,1.2856247892640118,-0.140021040429322,0.0
36,32,30,0.31448742947579134,0.45742781198838767,-0.5820710820214485,1.2110459409730312,-0.14294038251259633,0.0
38,68,58,0.1291141126374105,0.2748538652811014,-0.40959946331354824,0.6678276885883692,-0.1457397526436909,0.0
36,70,22,0.4327594225080655,0.5791145998598917,-0.7023051932173221,1.5678240382334532,-0.14635517735182618,0.0
60,80,14,0.0884223716831531,0.23558987264008546,-0.37333377869141443,0.5501785220577207,-0.14716750095693237,0.0
111,64,37,0.3028407501479789,0.451702342154074,-0.5824958404740062,1.1881773407699638,-0.1488615920060951,0.0
111,38,28,0.10271343129958473,0.254415991766024,-0.39594191256182226,0.6013687751609917,-0.15170256046643926,0.0
80,6,53,0.2326079044641082,0.3860343376898946,-0.5240193974080852,0.9892352063363016,-0.1534264332257864,0.0
99,32,40,0.2077365835730665,0.3630134377623273,-0.5037697544410951,0.919242921587228,-0.1552768541892608,0.0
117,99,35,0.21177912379565247,0.3698478328884278,-0.513122628665666,0.9366808762569709,-0.15806870909277534,0.0
38,6,48,0.24873170458677968,0.41008945703705185,-0.555043631205842,1.0525070403794012,-0.16135775245027217,0.0
38,36,35,0.21446973405731454,0.3846721231276735,-0.5394876272729255,0.9684270953875546,-0.17020238907035898,0.0
60,68,51,0.3311184608414377,0.5033541981196876,-0.65545576747315,1.3176926891560254,-0.17223573727824992,0.0
80,45,56,0.1895344669967633,0.36229830418287073,-0.5205702092016633,0.89963914319519,-0.17276383718610744,0.0
60,80,38,0.1103198059531926,0.2843898695284385,-0.4470843383225468,0.6677239502289319,-0.17407006357524588,0.0
37,75,12,0.30652298381824306,0.484007839204157,-0.6421323810219047,1.255178348658391,-0.17748485538591396,0.0
111,32,24,0.15948337685775635,0.33793631012976416,-0.5028717909965814,0.8218385447120942,-0.1784529332720078,0.0
6,45,47,0.2259645594516683,0.40729187291684044,-0.572327511465339,1.0242566303686755,-0.18132731346517214,0.0
70,43,23,0.1278465966550113,0.3130845580366253,-0.48579913709677436,0.741492330406797,-0.18523796138161402,0.0
36,99,30,0.14826316628129285,0.3340058260632539,-0.5063882528026847,0.8029145853652705,-0.18574265978196106,0.0
111,43,14,0.15616544873545823,0.3477999089964386,-0.5255223728975614,0.8378532703684779,-0.19163446026098035,0.0
80,6,55,0.10876101452564958,0.3004081118820732,-0.480038884763214,0.6975609138145131,-0.19164709735642366,0.0
6,32,36,0.23812216392183935,0.43099264903177187,-0.6066234281804335,1.0828677560241122,-0.19287048510993252,0.0
111,70,24,0.10920769442207501,0.30260359995217995,-0.48389536148419765,0.7023107503283477,-0.19339590553010494,0.0
117,70,5,0.2512188410904304,0.44836506650893765,-0.6275766892670873,1.1300143714479483,-0.19714622541850724,0.0
38,64,14,0.21825462199318618,0.4165731119037054,-0.5982286773380763,1.0347379213244488,-0.1983184899105192,0.0
64,70,30,0.21515177131984448,0.41375098219220596,-0.5958001537768791,1.0261036964165682,-0.1985992108723615,0.0
60,6,44,0.10055335798678516,0.30192764805126826,-0.49122483219370067,0.6923315481672709,-0.2013742900644831,0.0
60,70,10,0.19223934718969218,0.3959039904853882,-0.5837324741616687,0.968211168541053,-0.20366464329569603,0.0
38,6,41,0.15743733220046413,0.36116584542253644,-0.5504477248277073,0.8653223892286355,-0.2037285132220723,0.0
38,36,21,0.1445110207835254,0.35025183559312595,-0.5419825769790014,0.8310046185460522,-0.20574081480960055,0.0
6,38,16,0.12045200240413852,0.328885182828891,-0.5241629559404878,0.7650669607487649,-0.2084331804247525,0.0
38,36,12,0.26382598223429554,0.47412458346995845,-0.665458201366823,1.1931101658354142,-0.2102986012356629,0.0
68,45,29,0.02500812842780709,0.2456846494337335,-0.4565337844623106,0.5065500413179248,-0.2206765210059264,0.0
38,60,43,0.18684246925399245,0.4124225673902166,-0.621505762830832,0.995190701338817,-0.22558009813622415,0.0
6,70,42,0.16594436378330393,0.39404093001688006,-0.606375859049781,0.9382645866163888,-0.22809656623357613,0.0
111,32,8,0.1529432177719406,0.3820022219428651,-0.5957811372360751,0.9016675727799561,-0.2290590041709245,0.0
68,32,33,0.1433266978473529,0.3747592722712702,-0.5912014758043367,0.8778548714990424,-0.2314325744239173,0.0
99,32,21,0.21336652787102603,0.4463525991866913,-0.6614845665348889,1.0882176222769409,-0.23298607131566526,0.0
38,117,48,0.04306054626333645,0.2775627787441668,-0.5009625000752305,0.5870835926019033,-0.23450223248083035,0.0
99,43,14,0.041917236838230884,0.28396401695740453,-0.514652236398282,0.5984867100747437,-0.24204678011917363,0.0
111,6,15,0.2229493854170373,0.46563356131659445,-0.6896923947634879,1.1355911655975623,-0.24268417589955715,0.0
64,117,28,-0.011652146066776514,0.23365615424602537,-0.4696182083889862,0.4463139162554332,-0.24530830031280187,0.0
111,6,23,0.05222941618572227,0.3005131035592206,-0.5367762667903501,0.6412350991617947,-0.24828368737349835,0.0
36,45,7,0.29031196502048506,0.549194783316578,-0.7861098102800077,1.3667337403209778,-0.25888281829609294,0.0
36,80,4,0.03908033779955616,0.29945257537175246,-0.5478467099290787,0.6260073855281909,-0.2603722375721963,0.0
117,99,9,-0.0018719371189169982,0.2588888461842485,-0.509294075640044,0.5055502014022101,-0.2607607833031655,0.0
60,117,3,-0.05262752493540409,0.20953227045736428,-0.46331077503183804,0.3580557251610299,-0.26215979539276835,0.0
80,99,47,0.015095901546298408,0.28422133424159635,-0.5419779135672305,0.5721697166598272,-0.26912543269529793,0.0
111,80,19,0.0839369903956502,0.358082664818975,-0.6179050326495408,0.7857790134408411,-0.2741456744233248,0.0
60,45,8,0.10259966240914421,0.38100836554003087,-0.6441767340493163,0.8493760588676047,-0.27840870313088667,0.0
74,37,12,0.09685210455181839,0.3826401746833213,-0.6531226378274914,0.8468268469311281,-0.28578807013150287,0.0
80,24,29,0.019749124267338578,0.312582224970925,-0.5929120366756745,0.6324102852103516,-0.2928331007035864,0.0
36,32,16,0.07365610653646622,0.3686555924390096,-0.6489088546439925,0.796221067716925,-0.2949994859025434,0.0
68,70,12,0.14970770650179627,0.44731724436829096,-0.727034092460054,1.0264495054636464,-0.2976095378664947,0.0
32,6,36,0.2180616741929638,0.5196852977644196,-0.8005215094252986,1.2366448578112261,-0.30162362357145583,0.0
99,45,4,0.12159116179042925,0.42536424506699283,-0.7121227585408767,0.9553050821217353,-0.3037730832765636,0.0
64,99,26,0.07152655452451333,0.37754245208962206,-0.668456651571146,0.8115097606201725,-0.3060158975651087,0.0
111,80,44,0.12305208235094922,0.42943790073516086,-0.7186462030899661,0.9647503677918645,-0.30638581838421164,0.0
74,117,53,-0.0027432374944596945,0.3043544178473097,-0.5992778964751867,0.5937914214862673,-0.3070976553417694,0.0
117,32,58,0.06960408634829213,0.377691295502291,-0.6706708528361982,0.8098790255327826,-0.3080872091539989,0.0
111,117,37,-0.03657152586664815,0.2722593267966331,-0.570199806388049,0.49705675465475274,-0.30883085266328125,0.0
64,70,8,0.07315603506814829,0.3842837803903181,-0.6800401744968751,0.8263522446331717,-0.3111277453221698,0.0
6,38,20,0.06845127342551023,0.3796951843071807,-0.6757512878165639,0.8126538346675845,-0.31124391088167047,0.0
38,117,54,-0.006481496323885189,0.3053429542848191,-0.6049536867221306,0.5919906940743602,-0.3118244506087043,0.0
74,41,33,0.01577266087155249,0.33040352184173205,-0.6318182419382423,0.6633635636813473,-0.31463086097017956,0.0
38,99,25,0.054685345309582245,0.37645800896009846,-0.6831723522522107,0.7925430428713752,-0.3217726636505162,0.0
6,45,50,0.12030771950962275,0.44384687370086656,-0.7496321529440757,0.9902475919633211,-0.3235391541912438,0.0
38,36,45,0.0481403440861709,0.37178894257397377,-0.6805659833588177,0.7768466715311594,-0.32364859848780286,0.0
111,68,41,-0.05774220716362913,0.271532084069999,-0.5899450919408271,0.4744606776135689,-0.32927429123362817,0.0
68,32,53,0.04522545605873372,0.3798717931957163,-0.6993232586048702,0.7897741707223377,-0.33464633713698255,0.0
111,99,18,0.04419310845605631,0.3792500244785906,-0.6991369395219812,0.7875231564340938,-0.3350569160225343,0.0
111,38,18,-0.06054710602828474,0.2746073663554968,-0.5987775440850585,0.477683332028489,-0.33515447238378154,0.0
6,36,16,0.44185556970413037,0.7770250834654978,-1.0811135938882452,1.964824733296506,-0.33516951376136744,0.0
6,38,51,0.09142277933242314,0.42689696608663025,-0.7452952741973721,0.9281408328622184,-0.3354741867542071,0.0
80,6,4,-0.016904439568876623,0.3191358279243159,-0.6424106623005358,0.6086017831627825,-0.3360402674931925,0.0
70,45,45,0.04881435818355139,0.38552147889657007,-0.706807740453726,0.8044364568208288,-0.33670712071301867,0.0
60,80,34,-0.16877230274681168,0.16806808669732576,-0.4981857526735701,0.1606411471799468,-0.3368403894441374,0.0
60,117,54,-0.1728910878473422,0.171888449850023,-0.5097924495533872,0.16401027385870287,-0.3447795376973652,0.0
104,32,29,0.019454330683795543,0.3655675040148139,-0.6970579771852398,0.7359666385528308,-0.3461131733310184,0.0
32,6,53,0.050230425854237974,0.39670865629205115,-0.7273185404781822,0.8277793921866582,-0.3464782304378132,0.0
111,60,26,0.021821261267570394,0.3759375690449439,-0.7150163740605197,0.7586588965956605,-0.3541163077773735,0.0
60,70,28,-0.07543518019555562,0.2819841313759342,-0.6281240776923867,0.4772537173012754,-0.3574193115714898,0.0
99,68,10,0.05814081137320141,0.4160391811629003,-0.7572959837060832,0.8735776064524859,-0.35789836978969886,0.0
68,80,41,-0.08585377784825493,0.2728437369226577,-0.6206275022166641,0.44891994652015416,-0.3586975147709126,0.0
80,99,51,0.09227549647262055,0.4561105137230996,-0.8017011104246546,0.9862521033698958,-0.363835017250479,0.0
6,70,52,0.38388505111714183,0.7487210288804009,-1.083608165488444,1.8513782677227277,-0.3648359777632591,0.0
70,24,29,0.08210789207292592,0.45623506603565606,-0.8121128373569599,0.9763286215028117,-0.37412717396273015,0.0
37,99,47,-0.04034607154095473,0.3350386550263466,-0.6970218353925941,0.6163296923106847,-0.3753847265673013,0.0
36,45,30,0.007079255879650299,0.38416063078478185,-0.7458755804585221,0.7600340922178227,-0.37708137490513155,0.0
6,32,19,0.03800040813206909,0.4183046564545141,-0.7818767185187785,0.8578775347829166,-0.380304248322445,0.0
36,60,36,-0.06989041403052083,0.31269202616882324,-0.6827667853214144,0.5429859572603727,-0.38258244019934406,0.0
70,6,16,0.08995272339635113,0.4741199479331772,-0.8393223745526761,1.0192278213453785,-0.38416722453682606,0.0
45,6,1,0.026217024701503507,0.4106763801159171,-0.778708680325694,0.8311427297287011,-0.3844593554144136,0.0
60,6,30,-0.06911465958816841,0.3180883760105586,-0.6925678765688633,0.5543385573925265,-0.38720303559872704,0.0
38,117,24,-0.11530912015596236,0.27288629129858444,-0.6501662511011879,0.4195480107892631,-0.3881954114545468,0.0
45,6,50,-0.006551106247466007,0.3834851142852126,-0.7581819302464827,0.7450797177515507,-0.3900362205326786,0.0
60,6,13,0.055269138840063556,0.44551858719843,-0.8179472920688593,0.9284855697489864,-0.39024944835836645,0.0
111,70,21,0.08376449106799871,0.474745677272073,-0.8467370363852644,1.0142660185212617,-0.3909811862040743,0.0
68,45,10,-0.05642250850196277,0.3365463759357624,-0.7160534053360571,0.6032083883321316,-0.3929688844377252,0.0
36,60,20,-0.0869221468757485,0.3070210919964297,-0.6886834871887507,0.5148391934372537,-0.3939432388721782,0.0
45,6,46,-0.0031690922224834,0.39099844318164256,-0.7695260408585028,0.763187856413536,-0.39416753540412597,0.0
60,32,5,-0.035559348182287925,0.3610960514923195,-0.743307609107234,0.6721889127426582,-0.3966553996746074,0.0
111,60,22,0.03584526798409013,0.43298652208509825,-0.8128083153027024,0.8844988512708827,-0.3971412541010081,0.0
117,43,8,-0.08923821367171247,0.30902845996547124,-0.6949339952040361,0.5164575678606111,-0.3982666736371837,0.0
117,99,51,0.21454473848409664,0.6138097303362281,-0.9885223329749104,1.4176118099431037,-0.3992649918521315,0.0
64,117,0,0.0072000938823612425,0.40719167363851555,-0.7908955864491293,0.8052957742138517,-0.3999915797561543,0.0
60,68,29,-0.1639408505434277,0.23606380607653624,-0.6266259104534387,0.2987442093665833,-0.4000046566199639,0.0
111,80,56,-0.042007538394742826,0.35844989449834885,-0.7445693316115065,0.6605542548220209,-0.40045743289309166,0.0
60,24,29,-0.0389369429175858,0.3641996584928745,-0.7527682735636197,0.6748943877284482,-0.4031366014104603,0.0
117,70,31,0.05583271374627763,0.46202450719946586,-0.8497353203646755,0.9614007478572307,-0.40619179345318823,0.0
99,43,45,0.06791341234221204,0.4748069800875692,-0.8627082686294236,0.9985350933138477,-0.4068935677453572,0.0
64,70,11,-0.12226467222360271,0.2851219432286221,-0.681103680951702,0.4365743365044966,-0.4073866154522248,0.0
111,68,6,0.1136034793814842,0.5230568423576623,-0.9115879316395339,1.1387948904025023,-0.40945336297617807,0.0
36,45,12,0.06758212751297511,0.47802305654541605,-0.8693430633160404,1.0045073183419906,-0.41044092903244095,0.0
36,68,27,-0.09925458463715857,0.31754201156870626,-0.7216369273118228,0.5231277580375058,-0.41679659620586484,0.0
70,45,49,-0.08241876372317306,0.3346582099896991,-0.7383488553029832,0.5735113278566372,-0.4170769737128721,0.0
80,99,1,-0.11821132748897428,0.29988061103595937,-0.7059773251194545,0.46955467014150604,-0.41809193852493365,0.0
117,68,11,-0.1507262227046249,0.2727057520303492,-0.6852294966841093,0.3837770512748595,-0.42343197473497407,0.0
70,82,13,-0.09426550775733186,0.33361819170186746,-0.7481571634929921,0.5596261479783283,-0.42788369945919935,0.0
64,99,36,0.03082621815579812,0.46447845306538377,-0.8795515498523541,0.9412039861639503,-0.43365223490958565,0.0
75,18,47,-0.16091911297158448,0.27400548764654753,-0.6979698687588176,0.3761316428156487,-0.434924600618132,0.0
70,45,8,-0.06140642200382666,0.3737316877009592,-0.7939205298977067,0.6711076858900534,-0.4351381097047859,0.0
32,6,3,-0.07696317413944899,0.3591194230638155,-0.7808372433445273,0.6269108950656294,-0.4360825972032645,0.0
38,6,11,-0.14446063018679778,0.2932296390009483,-0.7191907226286564,0.4302694622550608,-0.43769026918774606,0.0
36,117,11,-0.19845272126952038,0.24144797339106483,-0.6716907491160075,0.27478530657696665,-0.43990069466058523,0.0
64,43,30,0.15470854541251092,0.5950089556597726,-1.0115090076806434,1.3209260985056654,-0.44030041024726174,0.0
117,68,38,-0.19037031764498874,0.25255133994629797,-0.6853709439397327,0.30463030864975527,-0.4429216575912867,0.0
60,82,39,0.18418072739200358,0.6308454908033675,-1.0522764345825968,1.4206378893666038,-0.4466647634113639,0.0
60,68,22,-0.13326791457518367,0.3147929171713098,-0.7502620322309508,0.4837262030805835,-0.44806083174649347,0.0
64,80,49,-0.2020623084647262,0.2472890293442525,-0.6867488059794611,0.28262418905000875,-0.44935133780897873,0.0
64,117,56,-0.24770772801828383,0.20203674508913844,-0.6436997483929952,0.14828429235642748,-0.44974447310742227,0.0
64,45,25,0.10903672194386882,0.5661701616712085,-1.0006567949316998,1.2187302388194374,-0.45713343972733966,0.0
80,99,50,-0.16221134020048958,0.2952747523107478,-0.7409498547295552,0.4165271743285761,-0.4574860925112374,0.0
68,45,51,0.3246749555211516,0.7823079459120873,-1.2086486184665395,1.8579985295088428,-0.4576329903909357,0.0
36,32,10,-0.058781265607094235,0.39951982946985765,-0.8418401313680153,0.7242776001538267,-0.4583010950769519,0.0
36,117,45,-0.055270719681066866,0.403780455126057,-0.8466804117281386,0.7361389723660048,-0.4590511748071239,0.0
68,32,43,-0.046670975866265445,0.42138846132432156,-0.8725923600619357,0.7792504083294048,-0.468059437190587,0.0
36,80,1,-0.1305146281470993,0.3427193125643488,-0.802244480773223,0.5412152244790243,-0.4732339407114481,0.0
6,32,2,-0.07337647691657219,0.403596858734306,-0.864426320035812,0.7176733662026675,-0.4769733356508782,0.0
68,70,11,-0.1219468219365009,0.35525092199639613,-0.8182386290494372,0.5743449851764355,-0.47719774393289704,0.0
74,75,47,-0.272713401627449,0.20458265483477905,-0.6736954051036159,0.1282686018487179,-0.47729605646222806,0.0
60,117,53,-0.2141315788570707,0.26809813492096135,-0.739603923302155,0.3113407655880136,-0.48222971377803203,0.0
36,117,38,-0.1272331252347126,0.3552148811933206,-0.823454292373621,0.5689880419041957,-0.4824480064280332,0.0
111,80,30,-0.13621387736358911,0.34681496218377367,-0.8159712032437855,0.5435434485166072,-0.48302883954736275,0.0
68,45,56,-0.1353737276354387,0.35448391138373,-0.8301621939475494,0.5594147386766721,-0.4898576390191687,0.0
117,70,1,-0.11092938699943104,0.3790228936180636,-0.8538142584908357,0.6319554844919737,-0.4899522806174947,0.0
6,32,4,-0.08362246651972408,0.40917480875876977,-0.8856050916869128,0.7183601586474647,-0.4927972752784938,0.0
99,24,41,-0.22837415726401938,0.2667810784856498,-0.751265071095893,0.2945167565678542,-0.4951552357496692,0.0
38,60,51,-0.10070308773428677,0.3951731101598001,-0.875242383647495,0.6738362081789215,-0.4958761978940869,0.0
82,43,44,-0.11071592095126012,0.38783449296705913,-0.870871527166696,0.6494396852641757,-0.4985504139183192,0.0
80,70,50,0.001318577332575229,0.5014857047869196,-0.9815934040497871,0.9842305587149376,-0.5001671274543443,0.0
6,38,1,-0.08789064900436375,0.4155020016414683,-0.9022745722216415,0.7264932742129141,-0.503392650645832,0.0
117,70,50,-0.0868113204996421,0.4169051928371111,-0.9039454984603799,0.7303228574610956,-0.5037165133367532,0.0
68,32,1,-0.21420375852116946,0.28982118926766637,-0.7822532894857955,0.3538457724434566,-0.5040249477888359,0.0
111,99,54,-0.22710175846452316,0.2801294311852105,-0.7761554435875357,0.3219519266584894,-0.5072311896497337,0.0
111,6,2,-0.09091562159987039,0.41947456445558334,-0.9130857679328138,0.731254524733073,-0.5103901860554537,0.0
36,70,44,-0.04391264663936789,0.4675387688063227,-0.9602886334997605,0.8724633402210247,-0.5114514154456906,0.0
80,99,35,-0.1903406476949617,0.3216885291171392,-0.8208501647645545,0.44016886937463107,-0.5120291768121009,0.0
68,80,16,-0.13573910681212745,0.3763100973993377,-0.8733068977148293,0.6018286840905744,-0.5120492042114652,0.0
64,80,11,-0.33391517819644984,0.18336102963850012,-0.6933027962879101,0.025472439895010413,-0.51727620783495,0.0
111,24,14,-0.15403780965882352,0.3641694057264445,-0.8678098448826548,0.5597342255650077,-0.518207215385268,0.0
117,6,57,-0.2110305830230552,0.31272329241284497,-0.8239682361522314,0.4019070701061209,-0.5237538754359001,0.0
70,18,37,-0.1729673965720376,0.35150202917102535,-0.8619113737472474,0.5159765806031721,-0.524469425743063,0.0
60,6,16,-0.1958189344338267,0.33515526902973547,-0.8527232617321082,0.4610853928644548,-0.5309742034635622,0.0
99,68,4,-0.22233449267685174,0.30887122709639536,-0.8277220977857866,0.3830531124320831,-0.5312057197732472,0.0
60,45,26,-0.22154196359519052,0.31023098802025584,-0.829594700114892,0.38651077292451097,-0.5317729516154464,0.0
38,117,33,-0.20266842710620936,0.3308062081614934,-0.8510485951027364,0.44571174089031773,-0.5334746352677028,0.0
45,6,14,-0.16365071065835515,0.37116327585730113,-0.8911307313386654,0.5638293100219551,-0.5348139865156563,0.0
38,36,54,-0.21405449028991658,0.32422168992106265,-0.8495290025351994,0.42142002195536615,-0.5382761802109792,0.0
111,68,10,-0.21439092545413718,0.325769824827929,-0.852899782116878,0.42411793120860364,-0.5401607502820662,0.0
117,45,37,-0.35160721395807165,0.19295911435832164,-0.729807078100382,0.02659265018423873,-0.5445663283163933,0.0
68,32,31,-0.15952210282639345,0.38532993982423713,-0.9147687848818982,0.5957245792291113,-0.5448520426506306,0.0
64,70,31,-0.14291318323239122,0.40505253717935563,-0.9368161561039282,0.6509897896391458,-0.5479657204117468,0.0
80,45,2,-0.2891518409104857,0.26237798473512747,-0.8034126909913355,0.2251090091703642,-0.5515298256456131,0.0
70,43,6,-0.13754051543741164,0.41560937237645673,-0.9521348852952668,0.6770538544204435,-0.5531498878138683,0.0
38,117,42,-0.18788431487721616,0.36624009205477914,-0.9057148953045833,0.529946265550151,-0.5541244069319953,0.0
38,36,32,-0.279554206033956,0.277016611569988,-0.8225067647111325,0.26339835264322053,-0.556570817603944,0.0
36,70,10,-0.0677507326403126,0.49884751774200314,-1.0454918674146387,0.9099904021340135,-0.5665982503823157,0.0
82,45,12,-0.12148865500626504,0.44643301508501004,-0.9964973645728847,0.7535200545603546,-0.567921670091275,0.0
111,32,50,-0.3047270414735987,0.26669569725708653,-0.8274506080974884,0.21799652515029094,-0.5714227387306852,0.0
70,75,12,0.020016354296379688,0.5941467332621704,-1.1445112428974744,1.1845439514902336,-0.5741303789657907,0.0
32,24,30,-0.24044518134419446,0.3347390057361496,-0.8965336325870477,0.41564326989865874,-0.575184187080344,0.0
68,45,11,-0.32541075010169673,0.24984035200640947,-0.8150978400342592,0.16427633983086581,-0.5752511021081061,0.0
36,117,18,-0.2575342171044904,0.3177785795134087,-0.8803802329507715,0.36531179874179065,-0.5753127966178991,0.0
60,117,35,-0.3483563181748072,0.228317621513909,-0.7958588563420688,0.09914621999245438,-0.5766739396887162,0.0
64,80,10,-0.2743313995153363,0.3028877298896237,-0.8679913500989989,0.3193285510683262,-0.57721912940496,0.0
36,60,0,-0.33084205639456554,0.24859032692826225,-0.8180790971739595,0.15639498438482846,-0.5794323833228278,0.0
70,6,44,-0.1839409016608742,0.39996585584243943,-0.9678739791120554,0.5999921757903071,-0.5839067575033137,0.0
68,82,51,-0.18467930976711763,0.4026410254688693,-0.9738557196861015,0.6044971001518662,-0.5873203352359869,0.0
38,24,9,0.18000138310089436,0.7685981055234798,-1.326450903725126,1.6864536699269148,-0.5885967224225854,0.0
80,45,29,-0.4116741676121095,0.17994296294057452,-0.7643623749756356,-0.058985960248583436,-0.5916171305526841,0.0
99,70,22,-0.16582986630567356,0.4335168199972765,-1.0155228335003355,0.6838631008889884,-0.5993466863029501,0.0
117,45,11,-0.3626486950409215,0.23982266720143472,-0.8327011227557335,0.10740373267389053,-0.6024713622423562,0.0
36,60,42,-0.3607928016049483,0.2467027990662541,-0.8443302877748063,0.12274468456490972,-0.6074956006712025,0.0
111,32,51,-0.1807126605290562,0.42974593775626657,-1.0230146985313386,0.6615893774732262,-0.6104585982853228,0.0
6,38,54,-0.2673842534197229,0.3447248297404205,-0.9430449197109472,0.40827641287150135,-0.6121090831601435,0.0
60,117,25,-0.43974011815137415,0.1730469839503193,-0.778912206694,-0.10056802960874833,-0.6127871021016935,0.0
6,32,15,-0.2645328193945545,0.348386880889612,-0.947371105938194,0.41830546714908506,-0.6129197002841664,0.0
6,36,42,0.0475783945358179,0.6659904789672983,-1.2577629442400868,1.3529197333117227,-0.6184120844314804,0.0
117,68,34,-0.4447790535975222,0.17624532985743438,-0.7902199001180936,-0.09933820707695079,-0.6210243834549566,0.0
60,68,17,-0.3394072336695868,0.2816717169243837,-0.8914837988413788,0.21266933150220524,-0.6210789505939704,0.0
68,32,24,-0.35273827210375736,0.26854253668815575,-0.8790816440125426,0.17360509980502786,-0.621280808791913,0.0
70,75,37,-0.1631894341177167,0.4593743962308956,-1.063563250730272,0.7371843824948386,-0.6225638303486123,0.0
36,32,42,-0.22518256216066165,0.3975866264331596,-1.0044523499696545,0.5540872256483311,-0.6227691885938212,0.0
70,45,43,-0.18734849634269202,0.4369063735619221,-1.0436849885240593,0.6689879958386753,-0.6242548699046141,0.0
36,117,31,-0.2771579368647919,0.3478476251420353,-0.958939282143181,0.4046234084135973,-0.6250055620068272,0.0
38,104,9,-0.3292214093225599,0.29870731385450977,-0.9146877444773991,0.25624492583227926,-0.6279287231770696,0.0
70,82,30,-0.18186765482169076,0.4516414474847586,-1.0670848918918177,0.703349582248436,-0.6335091023064494,0.0
60,70,8,-0.2347355031257678,0.4001617294211686,-1.0190524927912583,0.5495814865397226,-0.6348972325469364,0.0
99,68,46,-0.3289091388766567,0.3061176666068617,-0.9288997654261055,0.2710814876727922,-0.6350268054835184,0.0
117,45,56,-0.398019501033501,0.24073563783670537,-0.8698613511934434,0.07382234912644153,-0.6387551388702064,0.0
60,99,29,-0.22022745686010547,0.4227516576599649,-1.0488207058736367,0.6083657921534258,-0.6429791145200704,0.0
68,80,55,-0.3227344156087188,0.3230905969436032,-0.9559919856181811,0.31052315440074346,-0.6458250125523219,0.0
64,117,47,-0.4015812044423936,0.24706600822685518,-0.8858305805670297,0.08266817168224255,-0.6486472126692487,0.0
74,99,53,-0.19629250840596504,0.45566959152343234,-1.0894049077918924,0.6968198909799623,-0.6519620999293974,0.0
111,36,43,-0.07334603077247238,0.5804818479318722,-1.211090452718942,1.064398391173997,-0.6538278787043446,0.0
36,99,41,-0.3209859785349151,0.33316617455190584,-0.9739916806566506,0.33201972358682036,-0.654152153086821,0.0
111,43,4,-0.27950328815882597,0.3765400239356997,-1.0175217350727972,0.45851515875514537,-0.6560433120945257,0.0
99,45,47,-0.3074853464387312,0.34946594317793905,-0.9924385950674917,0.3774679021900293,-0.6569512896166703,0.0
111,117,51,-0.03108298935279739,0.6280328277192411,-1.2620273316825097,1.199861352976915,-0.6591158170720385,0.0
38,43,46,-0.375019002864218,0.28723586511358234,-0.9380012984868393,0.18796329275840334,-0.6622548679778004,0.0
60,68,16,-0.33884979379767594,0.32558486940701603,-0.9769961378354273,0.29929655024007545,-0.664434663204692,0.0
6,45,4,-0.23996888978070488,0.4259646434991633,-1.074859591039065,0.5949218114776552,-0.6659335332798682,0.0
111,60,44,-0.20015171031161175,0.46718378184604603,-1.1158319227298619,0.7155285021066384,-0.6673354921576578,0.0
99,68,14,-0.36667676932271476,0.30361790953946133,-0.961767872020059,0.22841433337462946,-0.6702946788621761,0.0
68,6,51,-0.3608797451005381,0.31321853551576023,-0.9747880747114281,0.25302858451035193,-0.6740982806162983,0.0
36,32,43,-0.27256633154862325,0.4017809037350487,-1.0600569028693188,0.5149242397720721,-0.6743472352836719,0.0
36,68,14,-0.35907590236347675,0.32010057306930845,-0.9864730255793213,0.26832122085236776,-0.6791764754327851,0.0
117,70,34,-0.3410793193325814,0.3390722509220921,-1.0056609311398819,0.32350229247471907,-0.6801515702546734,0.0
80,70,1,-0.18912809044856316,0.495098031461156,-1.159520232112429,0.7812640512153026,-0.6842261219097192,0.0
43,45,29,-0.415673498360233,0.26959128272739386,-0.944072412505925,0.11272541578545897,-0.6852647810876269,0.0
111,32,47,-0.3455974801805137,0.3427966294583888,-1.0174788739189558,0.3262839135579283,-0.6883941096389026,0.0
6,6,1,0.05839623705007953,0.7503538625448726,-1.4122973335378708,1.5290898076380297,-0.691957625494793,0.0
32,6,1,-0.40929863240170294,0.28360234878963425,-0.965159236029386,0.14656197122598014,-0.6929009811913371,0.0
70,6,2,-0.188739740122962,0.50428118358885,-1.177130859957108,0.7996513797111839,-0.693020923711812,0.0
38,70,5,-0.11818594566916353,0.5774674428384559,-1.250022133632537,1.0136502422942097,-0.6956533885076194,0.0
6,68,51,-0.34115995330981824,0.3567570759025523,-1.0404038220788208,0.3580839154591842,-0.6979170292123705,0.0
38,70,13,-0.10438960962597663,0.5936307684630072,-1.2679059158134707,1.0591266965615174,-0.6980203780889839,0.0
38,24,56,-0.10325687796573771,0.5952158152706862,-1.2698798758962826,1.0633661199648072,-0.6984726932364239,0.0
36,45,10,-0.22681825025026714,0.4739563676122826,-1.155772730770341,0.7021362302698068,-0.7007746178625498,0.0
111,45,9,-0.4271600742983097,0.27484628445264997,-0.9658587918255036,0.11153864322888418,-0.7020063587509597,0.0
99,24,10,-0.1217248118249018,0.5808144195216536,-1.2601210740873428,1.0166714504375394,-0.7025392313465554,0.0
45,6,29,-0.43004425769351506,0.2725688992609169,-0.9642793002449122,0.10419078485788202,-0.7026131569544319,0.0
80,6,38,-0.30999650017470454,0.39530780220928335,-1.0847997925049,0.46480679215549087,-0.7053043023839879,0.0
36,70,9,-0.11635773955917965,0.5925548314210792,-1.277765209144495,1.0450497300261357,-0.7089125709802588,0.0
6,70,2,-0.1858426652478434,0.5289670123501828,-1.2226180094542016,0.8509326789585149,-0.7148096775980263,0.0
38,68,51,-0.275076787804447,0.4415785102085955,-1.1405706678132943,0.5904170922044002,-0.7166552980130425,0.0
82,24,13,-0.29813006279261994,0.41916060204017497,-1.1196848427913628,0.523424717206123,-0.7172906648327949,0.0
111,6,25,-0.3770101759819295,0.3424217541722832,-1.0481568141596045,0.2941364621957456,-0.7194319301542127,0.0
36,70,53,-0.15079857511979003,0.5704039515619505,-1.268790320181213,0.967193169941633,-0.7212025266817405,0.0
64,32,29,-0.4808613931394961,0.24295333739157482,-0.9570499344269827,-0.004672851852009496,-0.7238147305310709,0.0
38,99,48,-0.3595056785589469,0.366336684368623,-1.0775255799214478,0.35851422280355416,-0.7258423629275699,0.0
111,38,19,-0.45806183984962673,0.26952497221622695,-0.9863307853934316,0.07020710569417804,-0.7275868120658537,0.0
38,117,43,-0.39769473085310686,0.33006288927667354,-1.044617993835387,0.24922853212917323,-0.7277576201297804,0.0
68,43,26,-0.3932116188615535,0.3357881645529815,-1.0513564213853972,0.2649331836622902,-0.728999783414535,0.0
117,68,53,-0.395927235159292,0.3337933022222156,-1.0501621075148346,0.25830763719625055,-0.7297205373815077,0.0
111,24,16,-0.31409404300513,0.41695284163666557,-1.1313216126129944,0.5031335266027345,-0.7310468846417956,0.0
60,80,48,-0.5066733513391962,0.22951086949157118,-0.9565146555426758,-0.05683204713571671,-0.7361842208307674,0.0
80,6,21,-0.43871910635691713,0.30596171045963827,-1.0384040588578083,0.1609658461439739,-0.7446808168165554,0.0
36,32,50,-0.3859305293579915,0.36306807423999055,-1.097543954868373,0.32568289615238993,-0.7489986035979821,0.0
6,32,18,-0.4712453959373797,0.2809133415507644,-1.021835545376878,0.07934475350211856,-0.7521587374881441,0.0
36,117,48,-0.4390420075604903,0.3139909315621255,-1.0544642334222563,0.1763802183012757,-0.7530329391226158,0.0
6,70,36,-0.13279731111874032,0.6218181228495576,-1.3515608319038732,1.0859662096663925,-0.754615433968298,0.0
99,70,47,-0.4427858443157119,0.31555658144351073,-1.061276743944993,0.17570505531356917,-0.7583424257592226,0.0
111,70,25,-0.4640433186123695,0.29835982987727894,-1.0488285851718362,0.1207419479470972,-0.7624031484896485,0.0
36,60,46,-0.49694392755643396,0.26743521497313516,-1.0211169489037788,0.02722909379091093,-0.7643791425295692,0.0
80,6,50,-0.3778448644414188,0.38838813854351506,-1.1390856159867082,0.3833958871038707,-0.7662330029849338,0.0
6,32,1,-0.42483363806030644,0.34352969177161014,-1.0981518339326624,0.24848455781204942,-0.7683633298319166,0.0
36,32,8,-0.38726774802417974,0.38152244549143965,-1.1350517411874015,0.360516245139042,-0.7687901935156194,0.0
64,99,47,-0.4607879008373607,0.3117994787234406,-1.0719148791353044,0.1503390774605829,-0.7725873795608014,0.0
80,99,3,-0.5171620404111882,0.2558868747159539,-1.0187003148544578,-0.01562376596791859,-0.773048915127142,0.0
117,70,54,-0.3888863635837782,0.385016026710491,-1.1435177759363406,0.36574504876878416,-0.7739023902942692,0.0
111,82,22,-0.5081313769056064,0.26687752592942715,-1.0312113277272836,0.01494857391607085,-0.7750089028350335,0.0
45,6,4,-0.26497474051899916,0.5159444768932911,-1.2762259152298498,0.7462764341918514,-0.7809192174122903,0.0
32,45,9,-0.5550736359773611,0.22747056685820424,-1.0009159470194415,-0.10923132493528082,-0.7825442028355654,0.0
32,45,29,-0.405111002352878,0.3782802684993149,-1.1465403286115352,0.3363183239057792,-0.7833912708521928,0.0
36,6,47,-0.0479541254553234,0.7355240402470046,-1.4895812443394523,1.3936729934288057,-0.783478165702328,0.0
36,32,49,-0.42785742401834126,0.35576199399248565,-1.125150932243613,0.26943608420693055,-0.7836194180108269,0.0
70,6,53,-0.21374494081012163,0.5777332206981728,-1.3461020533785404,0.918612171758297,-0.7914781615082944,0.0
60,99,45,-0.4158710810697389,0.38089690420740135,-1.1624290133162456,0.33068685117676777,-0.7967679852771403,0.0
111,60,45,-0.4176316014147978,0.37982758177647075,-1.1620936616966806,0.32683045886708484,-0.7974591831912685,0.0
60,80,5,-0.5382601085246312,0.26060406321647356,-1.0490440724289194,-0.02747614462034309,-0.7988641717411048,0.0
64,80,47,-0.5674131724941762,0.23337211473614705,-1.0248225173770245,-0.11000382761132799,-0.8007852872303233,0.0
38,43,39,-0.48554966508175396,0.3169990158243191,-1.1068677360974193,0.13576840593391143,-0.8025486809060731,0.0
104,32,19,-0.3162730873766823,0.4862955898029453,-1.269412443390455,0.6368662686370905,-0.8025686771796277,0.0
117,68,20,-0.4800918204307851,0.32287388682450247,-1.11292463860681,0.1527409977452397,-0.8029657072552876,0.0
117,6,32,-0.6462287768416808,0.1572748888855939,-0.9544875590574449,-0.33796999462591676,-0.8035036657272747,0.0
64,45,42,-0.3320387858489728,0.47257348491182416,-1.2582828162761481,0.5942052445782025,-0.804612270760797,0.0
36,117,35,-0.5023591015995192,0.30715703615891643,-1.1043868924709954,0.09966868927195693,-0.8095161377584357,0.0
38,36,13,-0.42039858023468196,0.3902352512448306,-1.18525967267455,0.34446251220518603,-0.8106338314795125,0.0
38,6,25,-0.44126393141001247,0.37281557670262433,-1.1719824617471561,0.28945459892713116,-0.8140795081126369,0.0
111,64,54,-0.41053466162917057,0.4051619109250368,-1.2046520070422426,0.38358268378390153,-0.8156965725542074,0.0
64,80,0,-0.4882015048599213,0.331176408425678,-1.1373072653742502,0.16090425565440758,-0.8193779132855994,0.0
80,24,14,-0.41338730381728706,0.4068644422012183,-1.2108416105316748,0.38406700289710083,-0.8202517460185054,0.0
60,45,29,-0.6729211375921644,0.15080626331260893,-0.968501413684878,-0.3773408614994509,-0.8237274009047734,0.0
99,45,38,-0.4493936467539682,0.3753332553254371,-1.1850468271918249,0.28625953368388846,-0.8247269020794052,0.0
38,70,51,-0.160470846939445,0.6645080220374755,-1.462906570132897,1.141964876254007,-0.8249788689769205,0.0
38,45,56,-0.49629140883592154,0.3335547096100648,-1.1500586396716486,0.15747582199980542,-0.8298461184459863,0.0
36,60,15,-0.6131631683741753,0.21840387211495735,-1.0412347577194918,-0.18509157902885887,-0.8315670404891327,0.0
36,6,27,-0.13242721740674826,0.6992226205911438,-1.50290355376539,1.2380491189518936,-0.831649837997892,0.0
6,70,13,-0.31945001724617456,0.5135208455741472,-1.325950874571503,0.687050840079154,-0.8329708628203218,0.0
117,6,35,-0.5460492406721633,0.2892692966693589,-1.113017062144107,0.02091858079978015,-0.8353185373415222,0.0
70,24,30,-0.32150006545959275,0.5138828432225029,-1.3287104381756984,0.6857103072565129,-0.8353829086820956,0.0
111,80,14,-0.5992512411630649,0.23737860239615746,-1.0645133018595336,-0.1339891804665963,-0.8366298435592224,0.0
111,64,35,-0.3815021245462401,0.4567076247940233,-1.2766490691425258,0.5136448200500456,-0.8382097493402634,0.0
64,70,24,-0.5413939841584754,0.29788728028812833,-1.125253053523207,0.04246508520625614,-0.8392812644466037,0.0
36,80,29,-0.603935540469266,0.23736716600210075,-1.0691751858333836,-0.13869589510514851,-0.8413027064713667,0.0
111,99,35,-0.41612139262186226,0.4257750963684238,-1.250640581503973,0.41839779626024837,-0.841896488990286,0.0
68,32,54,-0.5430496063894673,0.3018954263757024,-1.134764642085844,0.048665429306909314,-0.8449450327651697,0.0
111,70,38,-0.3880636697397697,0.458912929342328,-1.2875330112507326,0.5114056717711932,-0.8469765990820977,0.0
38,36,58,-0.4390123064167649,0.40943740134134765,-1.2415096130458063,0.3634850002122765,-0.8484497077581126,0.0
70,6,49,-0.4043752655034869,0.4445638421395464,-1.2757203960969978,0.46696986509002403,-0.8489391076430333,0.0
68,32,32,-0.6362041982851843,0.21296713965835393,-1.0536197920155579,-0.21878860455481058,-0.8491713379435382,0.0
60,6,2,-0.5369048829768397,0.3165841201652794,-1.1574097585007874,0.08359999254710793,-0.8534890031421192,0.0
38,24,46,-0.18512946821695667,0.6709921792167278,-1.5002741394817432,1.1300152030478299,-0.8561216474336845,0.0
60,80,50,-0.6473155187750795,0.21048192105796962,-1.0598600840487,-0.2347709535014591,-0.8577974398330491,0.0
38,64,13,-0.4415917733488066,0.4162759948606792,-1.2574927232757378,0.37430917657812457,-0.8578677682094857,0.0
80,45,42,-0.5564586215903081,0.3019247199539869,-1.1482310727001224,0.035313829519506235,-0.858383341544295,0.0
36,70,3,-0.3177202502392975,0.5427928655674389,-1.3815942667514778,0.7461537662728828,-0.8605131158067364,0.0
64,32,26,-0.5651921163220003,0.3010842948003758,-1.1553173341307368,0.02493310148673622,-0.8662764111223761,0.0
36,64,13,-0.2042950775057919,0.6621392772036295,-1.5020880608249056,1.0934979058133218,-0.8664343547094214,0.0
99,32,43,-0.4127205465416247,0.45382510409051163,-1.3022177505590276,0.476776657475778,-0.8665456506321363,0.0
68,75,47,-0.6682098725194703,0.20204028038121127,-1.0642088220666444,-0.2722109229722962,-0.8702501529006815,0.0
117,6,48,-0.4578375703839293,0.4144218035370086,-1.270104305316466,0.35442916454860746,-0.8722593739209379,0.0
70,43,54,-0.5754079199109572,0.29750690912908323,-1.1585214618039603,0.00770562198204594,-0.8729148290400404,0.0
111,117,54,-0.6503726964014664,0.22419522821132998,-1.0897953436956733,-0.21095004910725967,-0.8745679246127964,0.0
74,99,37,-0.6397632347240783,0.23511325625855697,-1.1005852169908499,-0.17894125245730658,-0.8748764909826352,0.0
36,60,38,-0.5623538241472186,0.3157387773738618,-1.1812018277999878,0.05649417950555058,-0.8780926015210804,0.0
117,68,1,-0.651568656958572,0.2282326085578,-1.09890456973186,-0.20423274418528403,-0.879801265516372,0.0
68,82,27,-0.39528245776612786,0.4853276661152171,-1.3465246833519533,0.5559597678196977,-0.880610123881345,0.0
99,18,53,-0.5532733551593285,0.3327246933164308,-1.2054137540595329,0.09886704374087585,-0.8859980484757592,0.0
38,70,21,-0.3157791028751853,0.5740369695126044,-1.44089156311989,0.8093333573695194,-0.8898160723877897,0.0
36,45,38,-0.3694137371597121,0.5214859565938399,-1.3915262120836382,0.6526987377642139,-0.890899693753552,0.0
38,43,40,-0.624407305794204,0.2684514584590709,-1.150572164373983,-0.09824244721442499,-0.8928587642532749,0.0
82,45,17,-0.49646692337199344,0.39753815540883924,-1.2756417079733184,0.2827078612293315,-0.8940050787808327,0.0
70,6,23,-0.4186070400368606,0.4802956652848655,-1.359986543995197,0.5227724639214757,-0.8989027053217261,0.0
80,24,39,-0.5448973096554324,0.35401412514160285,-1.238764994932974,0.14897037562210924,-0.8989114347970353,0.0
117,68,15,-0.6494425293215047,0.2506701883947037,-1.140756098575124,-0.15812896006788552,-0.9001127177162084,0.0
38,104,53,-0.5051891803458327,0.39545462007329196,-1.280280235689485,0.2699018749978195,-0.9006438004191246,0.0
111,80,9,-0.6850861282193295,0.2254374230323844,-1.1269434773628029,-0.24322877907585605,-0.9105235512517138,0.0
111,36,40,-0.46442170619973544,0.4467395424413821,-1.3400312093848443,0.41118779698537344,-0.9111612486411176,0.0
111,64,2,-0.4790586200179333,0.43531526766606377,-1.3322765446434182,0.37415930460755165,-0.9143738876839971,0.0
117,45,2,-0.6141187599600617,0.3018830989679283,-1.2058096339372013,-0.022427885982922224,-0.91600185892799,0.0
68,82,13,-0.5064377259991564,0.41271235172753296,-1.315353935385121,0.30247848338680816,-0.9191500777266893,0.0
99,6,26,-0.4834271632104657,0.43800819065889596,-1.3419232169019017,0.3750688904809704,-0.9214353538693616,0.0
74,41,57,-0.5073444975317313,0.41421455241199584,-1.3192050202592431,0.3045160251957806,-0.9215590499437272,0.0
60,45,11,-0.7158170255450639,0.2063820236968853,-1.120325791990959,-0.3113082590991687,-0.9221990492419492,0.0
70,6,4,-0.3595603771650419,0.5630119030103912,-1.4630637070654087,0.7439429527353247,-0.922572280175433,0.0
111,117,53,-0.6019386042701805,0.3232855059520388,-1.2355781959361765,0.031700987395815505,-0.9252241102222194,0.0
36,70,19,-0.3104121027562916,0.618744565586459,-1.5231514513057511,0.9023272457931679,-0.9291566683427506,0.0
60,99,41,-0.6061261611688705,0.32477430574159677,-1.2426838004224003,0.03043147808465918,-0.9309004669104672,0.0
41,99,33,-0.5896453451554237,0.34319495530607697,-1.2623074575553344,0.08301676724448714,-0.9328403004615007,0.0
37,99,37,-0.5948520783456894,0.33876142999548997,-1.2588244811368496,0.0691203244454709,-0.9336135083411794,0.0
117,45,47,-0.6993467783579383,0.23569894002392644,-1.1613167008048342,-0.23737685591104252,-0.9350457183818648,0.0
68,80,54,-0.7019015379654889,0.23816252715947972,-1.1687000911980692,-0.2351029847329087,-0.9400640651249687,0.0
111,24,56,-0.5376140532843509,0.4030422671243129,-1.3275768968480042,0.25234879027930246,-0.9406563204086638,0.0
64,43,14,-0.6422048777725639,0.30556477322335124,-1.2411118332903324,-0.04329792225479545,-0.947769650995915,0.0
117,43,56,-0.6579999283292708,0.2928368695476368,-1.2319601926426391,-0.08403966401590257,-0.9508367978769077,0.0
38,43,3,-0.6655042434041516,0.28944400138450826,-1.2328144861177877,-0.09819400069051543,-0.9549482447886599,0.0
70,43,43,-0.5495737299989316,0.4055862752253789,-1.3445228294406744,0.24537536944281102,-0.9551600052243105,0.0
45,6,3,-0.5156083069232589,0.4432978443225392,-1.3844720817954357,0.35325546794891793,-0.9589061512457981,0.0
38,104,56,-0.6525216821786972,0.30739578503807224,-1.255017420853319,-0.05002594350407563,-0.9599174672167694,0.0
38,64,50,-0.6557549357365167,0.3057876597762333,-1.255098748897934,-0.05641112257509939,-0.9615425955127499,0.0
6,32,20,-0.5423347326516897,0.4225945722122351,-1.3706200941876707,0.2859506288842911,-0.9649293048639249,0.0
80,6,18,-0.6561061091023186,0.3104171238710623,-1.2645236718896007,-0.047688546315036495,-0.9665232329733808,0.0
117,45,36,-0.6196922720302168,0.347062192496657,-1.2999341693236643,0.06054962526323082,-0.9667544645268737,0.0
80,24,30,-0.5952091518809601,0.3723522459259565,-1.3250195538958347,0.13460125013391455,-0.9675613978069166,0.0
99,70,18,-0.6154311623974437,0.35952442687378866,-1.3200990390700693,0.0892367142751821,-0.9749555892712323,0.0
60,70,29,-0.7410383636284563,0.23628490557343948,-1.2041567785523977,-0.277919948704515,-0.9773232692018958,0.0
111,99,51,-0.3728491281630439,0.6052620936851689,-1.559162831785975,0.813464575459887,-0.9781112218482129,0.0
117,24,14,-0.6682619926289213,0.31017390285779867,-1.2762028422302065,-0.060321143027635915,-0.9784358954867199,0.0
80,24,37,-0.6461683126915513,0.33337545181246225,-1.2995841982439773,0.00724757286087474,-0.9795437645040135,0.0
36,60,5,-0.7406521106686254,0.2401094079098526,-1.2112665501719364,-0.27003767116531424,-0.9807615185784779,0.0
80,45,3,-0.6775396449192849,0.3057112442804275,-1.276733683708923,-0.07834560612964692,-0.9832508891997124,0.0
36,117,25,-0.7897179703230435,0.1945228604935822,-1.1709827768904646,-0.40845316375562235,-0.9842408308166257,0.0
60,24,26,-0.623024302075618,0.3620278175061143,-1.3325988243876021,0.08655022023636605,-0.9850521195817323,0.0
38,64,52,-0.6879723503325038,0.29830968221669335,-1.2726593274772227,-0.10328537318778486,-0.9862820325491972,0.0
70,6,19,-0.43464091556792855,0.5531623258446372,-1.5188390742234175,0.6495572430875605,-0.9878032414125657,0.0
64,80,38,-0.7093181107307153,0.28591960280318635,-1.2697205322249605,-0.14891568923647003,-0.9952377135339017,0.0
6,6,42,-0.29358101598768294,0.7017847764560015,-1.6690791778414455,1.08191714586608,-0.9953657924436844,0.0
64,80,9,-0.8488232563695316,0.14713844726786826,-1.1372146130145535,-0.5604318997245098,-0.9959617036373999,0.0
64,99,28,-0.6337288949559434,0.36297573621350004,-1.3451613379344036,0.07770354802251667,-0.9967046311694434,0.0
117,24,45,-0.6960405482373584,0.3018228679312108,-1.2876133693825316,-0.10446772709218521,-0.9978634161685692,0.0
6,70,4,-0.41690894065363954,0.5810711256546555,-1.555808346936764,0.7219904656294851,-0.9979800663082949,0.0
36,45,37,-0.665237064087673,0.3334223581186324,-1.3187448860001925,-0.011729242175153476,-0.9986594222063054,0.0
64,117,54,-0.748513296246109,0.2502533874533709,-1.239009935654716,-0.258016656837502,-0.9987666836994799,0.0
36,60,21,-0.7444920769163414,0.2553507478868624,-1.2449795427745918,-0.24400461105809113,-0.9998428248032039,0.0
68,45,28,-0.7855089444070731,0.21592068882575896,-1.2087134945055606,-0.3623043943085855,-1.001429633232832,0.0
36,70,18,-0.539512399428368,0.46270375269975517,-1.4464117547198883,0.36738695586315206,-1.0022161521281232,0.0
68,45,49,-0.7364807948328252,0.26573622254215273,-1.2573237910154447,-0.21563779865020594,-1.002217017374978,0.0
99,70,1,-0.7359462158373669,0.2735497023531652,-1.2721036324495707,-0.19978879922516302,-1.009495918190532,0.0
36,117,54,-0.7296080139668065,0.2819790885405645,-1.282287027506313,-0.1769290004273001,-1.011587102507371,0.0
6,6,19,-0.04622874773015812,0.9655748896705839,-1.9387555314845026,1.8462980360241863,-1.011803637400742,0.0
111,80,6,-0.5022066169513699,0.5102017235506444,-1.502201995110633,0.49778876120789306,-1.0124083405020143,0.0
38,24,35,-0.3737804723034655,0.6390319717438762,-1.6262831369214628,0.8787221923145319,-1.0128124440473416,0.0
43,6,27,-0.4516199222156186,0.5674944129059051,-1.5639089715111925,0.6606691270799554,-1.0191143351215237,0.0
111,80,49,-0.7681860275087649,0.2541715353039556,-1.2663622367045178,-0.2700098183130119,-1.0223575628127204,0.0
6,36,4,-0.34202456838327366,0.6852086718466697,-1.6850335652027462,1.0009844284361988,-1.0272332402299433,0.0
6,45,49,-0.6824758052470467,0.34539272801198556,-1.3594455521505382,-0.005506058343554998,-1.0278685332590323,0.0
60,6,5,-0.7868266939186411,0.24219763896333102,-1.26153406628677,-0.31211932155051236,-1.0290243328819721,0.0
117,99,34,-0.8518573877814686,0.18536873382933908,-1.2151801060869731,-0.48853466947596397,-1.0372261216108076,0.0
117,99,32,-0.852589491841938,0.1849366374226712,-1.2150653011903736,-0.49011368249350246,-1.0375261292646092,0.0
36,60,50,-0.8139558458895464,0.2280331494302475,-1.2609008187728314,-0.3670108730062613,-1.0419889953197938,0.0
45,6,0,-0.5976221181612353,0.4450640134161467,-1.4699475844568828,0.2747033481344122,-1.042686131577382,0.0
6,70,47,-0.4849811363973398,0.561286967503913,-1.5851035927050092,0.6151413199103297,-1.046268103901253,0.0
36,45,33,-0.7244682229092358,0.3237803470156534,-1.3590777030599166,-0.08985874275855521,-1.0482485699248891,0.0
111,117,35,-0.7290435493105127,0.3200347323217041,-1.3563116246610527,-0.10177547395997277,-1.0490782816322168,0.0
99,68,30,-0.7029573160488475,0.3473896302504833,-1.3838409913397949,-0.022073640757900193,-1.0503469462993307,0.0
38,104,47,-0.7843570315410606,0.27054990459408496,-1.3146348445454672,-0.25407921853665416,-1.0549069361351455,0.0
36,64,19,-0.6070620483704642,0.44800509780563813,-1.4851520400695148,0.2710279433285865,-1.0550671461761023,0.0
99,70,30,-0.6812887463863841,0.3762671254489693,-1.418772312266364,0.056194819493595616,-1.0575558718353535,0.0
99,6,21,-0.6670110964118551,0.3942874623281923,-1.4398145225751118,0.10579232975140174,-1.0612985587400474,0.0
60,70,41,-0.7000502679463843,0.3637535892270242,-1.4130073028313517,0.01290676693858317,-1.0638038571734085,0.0
68,18,37,-0.898466519133124,0.16728232877972804,-1.226339883541391,-0.570593154724857,-1.065748847912852,0.0
111,45,34,-0.7555541911712916,0.31427876872468924,-1.3715405778716825,-0.13956780447090078,-1.0698329598959808,0.0
36,60,1,-0.7952670778847268,0.2747262479835569,-1.3337305239324984,-0.2568036318369553,-1.0699933258682837,0.0
36,45,2,-0.6789627061806567,0.39194317119454747,-1.4471713217219697,0.08924590936065635,-1.0709058773752043,0.0
99,6,56,-0.792720830782068,0.27829479362452275,-1.3381786262861326,-0.24726303527800342,-1.0710156244065907,0.0
99,68,9,-0.8835876207472777,0.19101126802896437,-1.2579697060840478,-0.5092055354105076,-1.074598888776242,0.0
117,43,43,-0.723598724106587,0.35214778138275193,-1.4138083756167807,-0.03338907259639323,-1.075746505489339,0.0
45,6,42,-0.7211105129709074,0.35572963406413804,-1.418340595736618,-0.023880430205196923,-1.0768401470350455,0.0
38,43,47,-0.7889185903937909,0.28901110104767147,-1.3553803484472269,-0.22245683234035474,-1.0779296914414624,0.0
6,32,38,-0.7629249682125916,0.31530546613020843,-1.3809236818278001,-0.14492625459738306,-1.0782304343428,0.0
111,45,24,-0.7089128684702027,0.374665989364196,-1.443258207624027,0.025432470683621422,-1.0835788578343988,0.0
111,36,5,-0.5972123378560811,0.4874241362152901,-1.5525636448380498,0.3581389691258876,-1.0846364740713712,0.0
38,104,46,-0.7372179219908243,0.34783274071597853,-1.418970093794142,-0.055465750187506324,-1.0850506627068028,0.0
117,45,55,-0.7409370884526697,0.3443750228937588,-1.4159121333244369,-0.06596204358090241,-1.0853121113464286,0.0
38,104,37,-0.7878062782014557,0.2979969317311647,-1.3718802643945385,-0.20373229200837284,-1.0858032099326205,0.0
36,80,31,-0.7757712986221365,0.31125229011842814,-1.3858257872542556,-0.16571680999001726,-1.0870235887405646,0.0
99,24,44,-0.7480252843345384,0.3393538936238336,-1.4131589158372524,-0.08289165283182454,-1.087379177958372,0.0
38,64,11,-0.8343178497109748,0.2590747848487917,-1.3421044280146064,-0.32653127140734306,-1.0933926345597664,0.0
80,6,31,-0.7783968785964575,0.31668977668412335,-1.3991088408973393,-0.15768491629557568,-1.0950866552805807,0.0
68,6,29,-0.810502811475044,0.28713774456706864,-1.3732927908264987,-0.2477128321235894,-1.0976405560421125,0.0
80,45,15,-0.761311098017156,0.3373219290183155,-1.4224620788930542,-0.10016011714125772,-1.0986330270354716,0.0
60,70,33,-0.7506971192733444,0.34931899056151444,-1.4353623407739127,-0.06603189777277607,-1.1000161098348589,0.0
38,104,38,-0.7550400162293069,0.34506724102175074,-1.4313718086319382,-0.07870822382667553,-1.1001072572510577,0.0
32,99,33,-0.7259905123283474,0.37800808370660327,-1.4668863563932897,0.014905331736594918,-1.1039985960349508,0.0
68,24,14,-0.6254636709028333,0.48417779113597664,-1.5744521415293475,0.323524799723681,-1.10964146203881,0.0
38,43,2,-0.6989828464046756,0.4123384438515999,-1.5071661963538112,0.1092005035444602,-1.1113212902562755,0.0
36,68,50,-0.7298777681315435,0.381715727445273,-1.4780405939242787,0.018285057661191595,-1.1115934955768165,0.0
38,104,36,-0.7468684808074003,0.36527073486399564,-1.4627991211408318,-0.03093784047396886,-1.1121392156713958,0.0
60,68,32,-0.9269710051860474,0.18547237345121445,-1.2904968571504276,-0.5634451532216671,-1.1124433786372618,0.0
64,24,13,-0.5783915641397048,0.5341816412241202,-1.6253875809389804,0.46860445265957074,-1.1125732053638249,0.0
38,99,33,-0.7903175641002038,0.3225542688671606,-1.4225239310798385,-0.1581111971205691,-1.1128718329673644,0.0
68,75,53,-0.8306157296019681,0.29132952337168594,-1.4016215954104725,-0.2596098637934636,-1.121945252973654,0.0
68,80,32,-0.9187892660500244,0.20493274655464447,-1.3204574492971275,-0.5171210828029214,-1.123722012604669,0.0
111,38,2,-0.7951462504623344,0.3343580210893126,-1.4504879717973873,-0.1398045291272817,-1.129504271551647,0.0
99,6,12,-0.7634218170617577,0.36649249809553835,-1.4817471133290128,-0.04509652079450255,-1.1299143151572961,0.0
36,32,57,-0.7521518107624178,0.3839842919943906,-1.5047610230714232,0.00045740154658779897,-1.1361361027568084,0.0
80,82,29,-1.0672571178983867,0.07094163530255036,-1.2063027230913854,-0.928211512705388,-1.138198753200937,0.0
99,70,26,-0.7188868566854016,0.42154734273209526,-1.5451196484403082,0.10734593506950507,-1.140434199417497,0.0
68,70,24,-0.7733605869530584,0.37805324321116446,-1.5143449436469407,-0.03237623025917613,-1.151413830164223,0.0
70,6,0,-0.6218816078595627,0.5312252326641246,-1.6630830638812468,0.41931984816212153,-1.1531068405236873,0.0
36,70,15,-0.6576361704040088,0.4974932868943481,-1.632723012716931,0.3174506719089134,-1.1551294572983568,0.0
74,18,33,-0.9114543556507743,0.2507434410804656,-1.4029115001684869,-0.4199972111330617,-1.1621977967312398,0.0
70,6,7,-0.5532678069678768,0.6126784866245688,-1.7541176407520318,0.6475820268162781,-1.1659462935924456,0.0
64,99,56,-0.845751403658638,0.3275308377227528,-1.4877118455952334,-0.20379096172204247,-1.1732822413813908,0.0
36,99,2,-0.86868322269876,0.3075183150157891,-1.4714191201297067,-0.2659473252678134,-1.1762015377145492,0.0
80,99,32,-0.9381312045594749,0.23851898681176253,-1.4056284187105295,-0.4706339904084203,-1.1766501913712375,0.0
38,24,22,-0.5479600260786777,0.6323322155785551,-1.7873311686126456,0.6914111164552903,-1.1802922416572328,0.0
70,82,12,-0.791101281874179,0.3910556478461624,-1.5575703516526573,-0.024632212095700767,-1.1821569297203416,0.0
60,6,57,-0.8568781157760061,0.32920034026626227,-1.5021107826978803,-0.21164544885413206,-1.1860784560422684,0.0
38,45,52,-0.837351916455274,0.35102847502564966,-1.5253677275055473,-0.14933610540500064,-1.1883803914809237,0.0
60,68,49,-1.0064796733123984,0.18532732955006753,-1.3697212392305307,-0.6432381073942661,-1.1918070028624659,0.0
36,32,37,-0.7740242675449996,0.4184774520612774,-1.5942400735851034,0.046191538495104045,-1.192501719606277,0.0
111,99,1,-0.7655540909519152,0.42753754883831724,-1.603527686675017,0.07241950477118664,-1.1930916397902325,0.0
99,45,0,-0.7861142116065267,0.4112716722099198,-1.5922066891379694,0.019978265924916028,-1.1973858838164464,0.0
45,6,33,-0.7875629117164867,0.41039162416371616,-1.5919304950773703,0.016804671644396918,-1.1979545358802028,0.0
104,32,44,-0.7278738775619201,0.47049248599042787,-1.6500391501031588,0.19429139497931847,-1.198366363552348,0.0
64,68,27,-0.7308387387149918,0.46801312474957446,-1.6481444632241578,0.1864669857941741,-1.1988518634645664,0.0
117,68,43,-0.8952739565690694,0.3105558517712877,-1.5039634260407932,-0.2865844870973455,-1.2058298083403571,0.0
64,80,36,-0.9302608315257322,0.27595881339946127,-1.4711401057886762,-0.3893815572627882,-1.2062196449251936,0.0
38,43,32,-0.8229578253301457,0.38510882818014236,-1.5777711285632248,-0.06814452209706667,-1.2080666535102882,0.0
60,70,37,-0.9170865475367881,0.2923673176385386,-1.4901264901083238,-0.3440466049652524,-1.2094538651753268,0.0
74,37,37,-0.9462138643006878,0.26419295807856696,-1.464032062134679,-0.4283956664666966,-1.2104068223792548,0.0
99,45,53,-0.8192859705877246,0.3923276092682294,-1.5882480847534541,-0.050323856421994995,-1.211613579855954,0.0
99,45,2,-0.8033023419936429,0.4106631547793598,-1.608202125361188,0.0015974413739022753,-1.2139654967730027,0.0
45,6,45,-0.6926695421219246,0.522925294139122,-1.717603118634604,0.3322640343907547,-1.2155948362610465,0.0
70,82,18,-0.769251809283489,0.4482635064920858,-1.6478482820079772,0.10934466344099913,-1.2175153157755747,0.0
74,99,12,-0.9078081450471004,0.31042834159520116,-1.5162476945736947,-0.2993685955205061,-1.2182364866423017,0.0
74,117,57,-0.8900972318990303,0.33361417105634306,-1.5439810071694628,-0.23621345662859794,-1.2237114029553733,0.0
117,24,17,-0.89464876006234,0.3302204800684057,-1.5418809009964152,-0.24741661912826474,-1.2248692401307457,0.0
70,6,18,-0.7016889144208023,0.5269312169581949,-1.7344740996588643,0.3310962708172598,-1.2286201313789973,0.0
111,117,18,-0.8461149898361395,0.3842275094110021,-1.5992009082817036,-0.09302907139057548,-1.2303424992471417,0.0
38,43,30,-0.866860027008165,0.366741505857267,-1.5856733784884083,-0.14804667552792172,-1.233601532865432,0.0
99,70,24,-0.9623891351201429,0.273272507686346,-1.498003250185381,-0.42677502005490475,-1.2356616428064888,0.0
70,43,40,-0.8975328151255758,0.34168474829363876,-1.567234921781108,-0.22783070847004383,-1.2392175634192146,0.0
38,104,11,-0.8859653999885624,0.3535302637088891,-1.578884716857985,-0.19304608311913973,-1.2394956636974515,0.0
68,6,47,-0.9108652450540802,0.32951889169612025,-1.556722272778476,-0.2650082173296845,-1.2403841367502004,0.0
64,32,8,-0.9037766064405978,0.3374318588522614,-1.5651430497910301,-0.2424101630901654,-1.2412084652928592,0.0
99,68,6,-0.8301648276111088,0.4112615828556654,-1.6362375300082128,-0.02409212521400461,-1.241426410466774,0.0
36,45,45,-0.7535911305077212,0.48914833384887835,-1.7123218648515226,0.20513960383608032,-1.2427394643565997,0.0
111,38,51,-0.973305946027077,0.2733149484692931,-1.5090032450268915,-0.43760864702726254,-1.2466208944963701,0.0
99,68,28,-1.0538287347856305,0.19686673379121425,-1.4396875330164105,-0.6679699365548506,-1.2506954685768448,0.0
99,6,2,-0.9364686456526155,0.3146838255926048,-1.553248943814121,-0.31968834749110997,-1.2511524712452202,0.0
104,32,32,-0.8622813578646356,0.39061923263372084,-1.6278950538267285,-0.09666766190254272,-1.2529005904983563,0.0
36,68,53,-0.8409884923105944,0.41195250520748933,-1.6484154025172735,-0.033561582103915244,-1.2529409975180836,0.0
111,68,1,-0.9410783548974485,0.3120238854807323,-1.5526451704396838,-0.32951153935521327,-1.2531022403781809,0.0
117,68,5,-0.9838415657445995,0.26995661129923443,-1.512956523891099,-0.4547266075981,-1.253798177043834,0.0
70,6,38,-0.6772394907625282,0.5771679863580987,-1.8084887440244017,0.4540097624993452,-1.254407477120627,0.0
36,68,19,-0.7756499035109184,0.4797258130387776,-1.7159124970669226,0.1646126900450856,-1.255375716549696,0.0
38,24,40,-0.6530722882592199,0.602811918863784,-1.8345836492322367,0.5284390727137969,-1.255884207123004,0.0
68,43,6,-0.6937342904913785,0.566579385163085,-1.8042298854110252,0.4167613044282682,-1.2603136756544635,0.0
68,6,50,-0.8648588616002938,0.39683506301659405,-1.6426555851128182,-0.08706213808776953,-1.261693924616888,0.0
38,64,18,-0.9508460824439555,0.31208930354482783,-1.562541117391818,-0.33915104749609293,-1.2629353859887833,0.0
32,6,57,-0.8790793643546178,0.3849477169544798,-1.6335768895853982,-0.12458183912383736,-1.2640270813090977,0.0
68,99,37,-1.0967958975117484,0.16865544592982273,-1.427360571534201,-0.7662312234892958,-1.2654513434415713,0.0
64,80,1,-0.9833649794827494,0.2895059486259203,-1.550796638789553,-0.41593332017594564,-1.2728709281086696,0.0
36,45,20,-0.8434501471198742,0.43037294739896576,-1.686981124021847,8.082978209866809e-05,-1.27382309451884,0.0
36,45,43,-0.790279189557775,0.4837402132639566,-1.7384100075551299,0.15785162843958,-1.2740194028217315,0.0
68,43,52,-0.9174746995726226,0.35999763001628154,-1.6230700544045344,-0.2118793447407108,-1.277472329588904,0.0
70,45,58,-0.9487656694454399,0.3420820748740818,-1.6192465361986403,-0.27828480269223954,-1.2908477443195219,0.0
6,64,27,-0.7984116002379283,0.4934676531516134,-1.7656082004150906,0.1687849999392339,-1.2918792533895418,0.0
38,43,19,-0.9884609502348687,0.3040183205404374,-1.584336858494126,-0.3925850419756114,-1.292479270775306,0.0
36,80,54,-0.9844093621979898,0.31327728787165826,-1.59843284642644,-0.3703858779695396,-1.297686650069648,0.0
36,70,5,-0.8462340508925601,0.4560625683919553,-1.7401166849407925,0.04764858315567233,-1.3022966192845153,0.0
111,99,50,-0.9599397109769036,0.3438259200219937,-1.6338385142200111,-0.286040907733796,-1.3037656309988972,0.0
64,32,23,-1.1329216131682052,0.1776017670422198,-1.481021076570956,-0.7848221497654544,-1.310523380210425,0.0
68,45,33,-1.0047486612938767,0.307027931334078,-1.6065234067086696,-0.4029739158790838,-1.3117765926279548,0.0
104,117,18,-1.0676146343476902,0.2447836787140288,-1.5473906446271868,-0.5878386240681938,-1.312398313061719,0.0
80,99,0,-0.9989155061953109,0.3167579828217745,-1.6197611525259887,-0.37806985986463293,-1.3156734890170854,0.0
6,68,53,-0.9494171772894652,0.3696899758417766,-1.6740095299393474,-0.2248248246395831,-1.3191071531312417,0.0
6,64,1,-0.8823064680109617,0.4371275135693079,-1.7390763946068053,-0.025536541415118186,-1.3194339815802696,0.0
64,117,35,-1.057847595160368,0.2617912550676992,-1.5709584550930584,-0.5447367352276777,-1.3196388502280674,0.0
99,70,0,-0.9564574593770476,0.36913110357409046,-1.679954422382265,-0.23296049637183036,-1.3255885629511381,0.0
38,24,8,-0.7352192376676967,0.5905090742993718,-1.8926170232944655,0.42217854795907206,-1.3257283119670684,0.0
6,70,33,-0.8001144271082223,0.5259419897013647,-1.8309607269228971,0.23073187270645246,-1.3260564168095872,0.0
80,99,38,-1.0002959119895982,0.3261912300276075,-1.6396307228437088,-0.3609611011354875,-1.3264871420172057,0.0
80,82,37,-1.1995081600486757,0.1308094978235872,-1.4558947757829066,-0.9431215443144447,-1.3303176578722629,0.0
111,99,58,-0.9130543490285093,0.41881820669932457,-1.7339380341591855,-0.09217066389783324,-1.331872555727834,0.0
74,37,53,-1.0002776779959819,0.33284134909732566,-1.65264672222674,-0.34790863376522363,-1.3331190270933075,0.0
36,70,12,-0.7489388609274639,0.5872599840072421,-1.8999684295816583,0.4020907077267306,-1.336198844934706,0.0
38,82,26,-1.146989045982093,0.1912125518156223,-1.5217656475407129,-0.7722124444234734,-1.3382015977977153,0.0
117,68,24,-1.1100439060737464,0.2298122348843855,-1.560475886447142,-0.6596119257003508,-1.339856140958132,0.0
111,68,24,-1.0789336123819797,0.2610333804049128,-1.5905590379756087,-0.5673081867883506,-1.3399669927868925,0.0
80,45,25,-1.0902163621279806,0.2508306067164759,-1.5818443512922733,-0.5985883729636878,-1.3410469688444564,0.0
60,70,32,-1.1465473583543377,0.19450737806326404,-1.5277818193583352,-0.7653128973503402,-1.3410547364176018,0.0
64,45,57,-0.9131142997595515,0.4280639399744969,-1.7521196221095654,-0.07410897740953759,-1.3411782397340484,0.0
80,99,40,-1.0617711942672157,0.2812825755454234,-1.6130850423362455,-0.5104573461981858,-1.343053769812639,0.0
6,70,12,-0.8115427471728677,0.5349717839042736,-1.8600874436252437,0.23700194927950846,-1.3465145310771414,0.0
43,45,11,-1.0526437631664685,0.2983790740872249,-1.6374667483774292,-0.4678207779555076,-1.3510228372536934,0.0
64,32,40,-1.1050623052836224,0.2491930051471471,-1.5934805953720308,-0.6166440151952141,-1.3542553104307695,0.0
82,45,37,-1.0866394073720476,0.270616821423949,-1.6170483773629876,-0.5562304373811076,-1.3572562287959966,0.0
111,117,50,-1.110797622624266,0.24787661725977567,-1.5966357924534262,-0.6249594527951057,-1.3586742398840417,0.0
6,6,49,-0.6926572352046216,0.6666550377320916,-1.999301109159521,0.6139866387502777,-1.3593122729367133,0.0
80,45,32,-1.1797480772184812,0.1806210272291804,-1.5337652905876746,-0.8257308638492876,-1.3603691044476616,0.0
64,82,44,-1.1076092723952136,0.25477331254590857,-1.6069649649851945,-0.6082535798052328,-1.3623825849411222,0.0
80,45,50,-1.105626365151515,0.2567610284864645,-1.6088779809849854,-0.6023747493180447,-1.3623873936379796,0.0
64,6,22,-0.9442640835789056,0.4187904453711094,-1.7650933565062799,-0.12343481065153117,-1.3630545289500149,0.0
117,99,43,-0.9567899951465566,0.4068633543195964,-1.7542421696129655,-0.15933782068014768,-1.3636533494661531,0.0
111,117,25,-1.0923547580094621,0.27609391319427373,-1.6334988278702385,-0.5512106881486857,-1.3684486712037358,0.0
111,68,18,-1.0124658708060876,0.36249699787004824,-1.7229599866313823,-0.3019717549807931,-1.374962868676136,0.0
64,99,53,-0.9685962228534193,0.40837370425916814,-1.7690086832013887,-0.16818376250544975,-1.3769699271125875,0.0
32,45,10,-0.7987003165228733,0.5812851780567047,-1.9380192655140145,0.34061863246826773,-1.379985494579578,0.0
60,70,38,-1.035270683608885,0.346256772473811,-1.7139339576575545,-0.3566074095602154,-1.381527456082696,0.0
70,6,11,-1.0242122764787167,0.35864954120462744,-1.7271653772397864,-0.32125917571764695,-1.3828618176833443,0.0
68,99,12,-1.005549232512294,0.38157700144530315,-1.753440155345088,-0.25765830967949976,-1.3871262339575972,0.0
64,117,38,-1.195980837020679,0.19518507680548028,-1.5785435875594205,-0.8134180864819377,-1.3911659138261594,0.0
99,45,24,-1.0324887510590304,0.3613622457423406,-1.7407587527140178,-0.3242187494040428,-1.393850996801371,0.0
80,45,48,-1.0542774074303642,0.34444285525380713,-1.7293854037278262,-0.37916941113290226,-1.3987202626841713,0.0
111,45,32,-1.1335329335869104,0.2682182622429374,-1.6592407275830676,-0.6078251395907531,-1.4017511958298479,0.0
60,80,1,-1.1224093228710776,0.2860026843658789,-1.6829745842282002,-0.561844061513955,-1.4084120072369566,0.0
6,68,23,-1.0899692000448749,0.3193500830398445,-1.71589536280297,-0.46404303728677965,-1.4093192830847194,0.0
6,36,10,-0.6500427701398811,0.7593784785295302,-2.1384245880577604,0.8383390477779981,-1.4094212486694113,0.0
38,82,9,-1.2882025082172732,0.12186607548402581,-1.5270600161659638,-1.0493450002685827,-1.410068583701299,0.0
80,24,10,-0.9360331508860782,0.47457365748844826,-1.8661975195634368,-0.0058687822087195585,-1.4106068083745265,0.0
111,60,54,-1.0158759427418445,0.39629611037241447,-1.7926163190717768,-0.23913556641191214,-1.412172053114259,0.0
111,45,31,-0.9411685555806453,0.47148392851002163,-1.8652770554602878,-0.017060055701002885,-1.412652484090667,0.0
60,99,37,-1.1109557082742516,0.3046748598526287,-1.7081184335854038,-0.5137929829630994,-1.4156305681268804,0.0
80,45,40,-1.1816908826827164,0.23569088458354587,-1.6436450164664662,-0.7197367488989665,-1.4173817672662623,0.0
64,6,14,-1.1063750947235254,0.3123598804497732,-1.7186004604050809,-0.49414972904196985,-1.4187349751732985,0.0
117,45,54,-1.2012518122645404,0.22022923281731874,-1.632901108586485,-0.7696025159425957,-1.4214810450818591,0.0
99,82,52,-1.1344397607573693,0.28803945315813967,-1.6989970889473232,-0.5698824325674156,-1.422479213915509,0.0
60,6,9,-1.2444628969423603,0.1788428049786761,-1.5949947947005656,-0.8939309991841552,-1.4233057019210364,0.0
99,45,34,-1.1830725402381632,0.24429320860090817,-1.6618872290959432,-0.7042578513803832,-1.4273657488390714,0.0
36,70,1,-0.883401189146462,0.5476049520117428,-1.9567068950894777,0.18990451679655374,-1.4310061411582047,0.0
99,6,42,-1.1284858556733985,0.30512219331692914,-1.7265253545745796,-0.5304463567722174,-1.4336080489903278,0.0
111,117,40,-1.1655298028981858,0.27237856469662247,-1.6993917897035657,-0.6316678160928058,-1.4379083675948081,0.0
117,45,1,-1.1978007738818919,0.2415653177738248,-1.6712687967185884,-0.7243327510451952,-1.4393660916557167,0.0
38,24,47,-0.7599894069720198,0.6803128224135513,-2.09340253890258,0.5734237249585407,-1.440302229385571,0.0
68,6,23,-1.0641906761996394,0.3827030507543266,-1.8142886556781195,-0.31409269672115925,-1.446893726953966,0.0
64,43,51,-0.7147772988997448,0.7340844159969876,-2.1535827542538404,0.7240281564543508,-1.4488617148967324,0.0
117,82,14,-1.2089369755418615,0.24036848812281614,-1.6800592122625813,-0.7378147388211419,-1.4493054636646776,0.0
68,80,24,-1.2560936566300693,0.19357543423923168,-1.6355015077389634,-0.8766858055211753,-1.449669090869301,0.0
36,60,34,-1.2057589735030012,0.24404718197187772,-1.6840914501678816,-0.7274264968381209,-1.449806155474879,0.0
36,70,32,-1.0693827400516067,0.38481368942679084,-1.8236175713281169,-0.3151479087750967,-1.4541964294783976,0.0
36,32,25,-1.1702274757272708,0.28540919797879427,-1.7296295037657075,-0.6108254476888341,-1.455636673706065,0.0
70,6,45,-0.9619716221525559,0.4952945950598479,-1.9327490284698579,0.008805784164745978,-1.4572662172124038,0.0
111,24,10,-0.9241759379913679,0.5336062824552114,-1.970044251603582,0.12169237562084634,-1.4577822204465791,0.0
111,32,58,-1.0195482015429902,0.4547092871037523,-1.9107784042663447,-0.12831799881963568,-1.4742574886467426,0.0
104,80,24,-1.3420559477801268,0.13773059225336476,-1.6120079085967218,-1.0721039869635318,-1.4797865400334915,0.0
117,45,4,-1.192768235788985,0.288530571695309,-1.7582881563117907,-0.6272483152661794,-1.481298807484294,0.0
6,6,55,-0.6542102453199802,0.8302327212816328,-2.2814663790319805,0.9730458883920202,-1.484442966601613,0.0
6,6,52,-0.6413300200384748,0.8478075829435511,-2.303032882607835,1.0203728425308853,-1.489137602982026,0.0
70,24,34,-1.1527020725977704,0.3370064794895567,-1.8132347723973015,-0.49216937279823925,-1.489708552087327,0.0
38,104,12,-1.0844815476261052,0.4053394274152159,-1.8789468253599284,-0.290016269892282,-1.489820975041321,0.0
36,45,54,-1.168770982391675,0.32151645129225004,-1.798943226924485,-0.5385987378588649,-1.4902874336839251,0.0
68,80,48,-1.0766565380737854,0.41432834280070013,-1.8887400899631577,-0.26457298618441316,-1.4909848808744854,0.0
99,45,21,-0.915783337298567,0.5773192435450936,-2.0473290546469505,0.2157623800498164,-1.4931025808436607,0.0
38,104,27,-1.2158083734872536,0.27737958168130916,-1.7594723535826196,-0.6721443933918876,-1.4931879551685627,0.0
6,70,1,-0.8793436688343184,0.6140955920494426,-2.082971029251226,0.3242836915825893,-1.493439260883761,0.0
64,32,18,-1.233670400676147,0.2599821349934089,-1.7432353852632283,-0.7241054160890655,-1.4936525356695558,0.0
70,99,37,-1.1228842736527962,0.37111370777894725,-1.8502671408995328,-0.3955014064060596,-1.4939979814317434,0.0
6,45,18,-1.1331853750417316,0.3632747772737583,-1.845203938498298,-0.42116681158516533,-1.49646015231549,0.0
104,117,23,-1.3682851554427515,0.13653857345418466,-1.6359007594129533,-1.1006695514725497,-1.5048237288969362,0.0
43,6,13,-0.9255189649789137,0.5793965124310976,-2.061136129343865,0.21009819938603758,-1.5049154774100113,0.0
6,68,15,-1.105656904511871,0.40126689465355275,-1.8921400180328343,-0.3191737909909076,-1.5069237991654236,0.0
111,60,4,-1.1920804672772474,0.3169037192188545,-1.813211756946202,-0.5709491776082926,-1.508984186496102,0.0
32,45,47,-1.2380254216740763,0.27201308852931344,-1.7711710751915306,-0.7048797681566219,-1.5100385102033897,0.0
104,117,32,-1.3421535292389486,0.16840400123055155,-1.6722253716508297,-1.0120816868270675,-1.5105575304695003,0.0
60,24,41,-1.2120796500788804,0.3028458483014161,-1.805657512749656,-0.6185017874081049,-1.5149254983802964,0.0
64,43,8,-1.169875452378794,0.3477460076771903,-1.851457627426087,-0.48829327733150096,-1.5176214600559843,0.0
64,60,12,-1.2096757055269394,0.31136974942174467,-1.819960414393559,-0.5993909966603198,-1.521045454948684,0.0
111,32,25,-1.0843580500413765,0.44761445472885864,-1.9616823813099393,-0.20703371877281362,-1.531972504770235,0.0
43,45,37,-1.3218675053314486,0.21088272718227027,-1.7351976506086983,-0.9085373600541988,-1.5327502325137188,0.0
99,24,32,-1.2815514494227966,0.254237663972637,-1.7798572708091651,-0.7832456280364282,-1.5357891133954336,0.0
70,82,3,-1.2096326512000821,0.3272969613584618,-1.8511346954626673,-0.568130606937497,-1.5369296125585439,0.0
6,70,39,-1.0526643272016585,0.4858406543025907,-2.004912009634736,-0.1004166447685807,-1.538504981504249,0.0
117,99,48,-1.1477868974201264,0.39190864735602965,-1.9159278462379445,-0.37964594860230827,-1.539695544776156,0.0
104,70,6,-1.0972610181740539,0.4433671302569395,-1.9662605934776554,-0.22826144287045236,-1.5406281484309934,0.0
111,64,15,-1.0434013459825762,0.49759199123996395,-2.0186816488129056,-0.06812104315224687,-1.5409933372225402,0.0
104,117,24,-1.3632764508859427,0.17868801402891504,-1.7135049583826163,-1.0130479433892692,-1.5419644649148578,0.0
68,45,38,-1.2885587833945267,0.2619137748999804,-1.8019097821984884,-0.775207784590565,-1.5504725582945071,0.0
80,43,41,-1.2562251080606175,0.29765921381054544,-1.8396371671292866,-0.6728130489919484,-1.5538843218711629,0.0
111,99,0,-1.2152850659972163,0.34113259740905216,-1.8839049569189585,-0.5466651750754741,-1.5564176634062685,0.0
6,24,14,-1.1747952170433187,0.3850117600839182,-1.9294182668077982,-0.4201721672788391,-1.559806977127237,0.0
99,82,47,-1.3836675295144696,0.17742877186087783,-1.73142792236179,-1.035907136667149,-1.5610963013753474,0.0
64,80,25,-1.3652217621527356,0.20069481073603304,-1.7585835911953605,-0.9718599331101109,-1.5659165728887687,0.0
68,6,15,-1.1747574659188087,0.39441679044959205,-1.947814375200009,-0.4017005566376083,-1.5691742563684008,0.0
36,70,39,-1.0678915143570966,0.5016197169882943,-2.0510661596541535,-0.08471686906003972,-1.569511231345391,0.0
6,36,26,-0.7011272985153282,0.8703842767784485,-2.407080481001087,1.004825883970431,-1.5715115752937767,0.0
60,68,4,-1.3445405790284786,0.2322120248327498,-1.7996761477006682,-0.8894050103562889,-1.5767526038612283,0.0
111,6,20,-1.05408902175413,0.5243223992786649,-2.0817609243403132,-0.02641711916794698,-1.5784114210327949,0.0
64,82,29,-1.3624592020752786,0.21609246945363322,-1.7860004422043998,-0.9389179619461575,-1.5785516715289118,0.0
70,6,32,-1.1517450956285968,0.42708535707120926,-1.988832395488167,-0.31465779576902675,-1.578830452699806,0.0
60,68,45,-1.3355546552215622,0.24360029325082466,-1.8130112299931787,-0.8580980804499458,-1.5791549484723868,0.0
38,45,44,-1.3066193941363535,0.2727679191208483,-1.8412445156132162,-0.7719942726594908,-1.5793873132572018,0.0
82,45,33,-1.316447214792157,0.26404754859088864,-1.8339804100302988,-0.7989140195540154,-1.5804947633830457,0.0
80,82,9,-1.4313203564079042,0.1534145118405659,-1.7320127996154133,-1.1306279132003951,-1.58473486824847,0.0
80,6,34,-1.2869990165710479,0.30057941209413924,-1.8761346642755607,-0.697863368866535,-1.587578428665187,0.0
36,60,25,-1.404215761083159,0.18368453456400566,-1.7642374488286099,-1.044194073337708,-1.5879002956471646,0.0
36,68,12,-1.1843844649194275,0.4055219320442506,-1.9792074517261586,-0.38956147811269637,-1.589906396963678,0.0
32,6,45,-1.1858916060583973,0.40446921751350057,-1.9786512723848584,-0.39313193973193616,-1.5903608235718978,0.0
117,99,58,-1.248436586926492,0.3450249979670724,-1.924685582941954,-0.57218759091103,-1.5934615848935643,0.0
6,6,2,-0.7897162475552822,0.8052610158944323,-2.3680278387083695,0.7885953435978051,-1.5949772634497146,0.0
6,45,57,-1.1432329290339933,0.4536461014530578,-2.0323792878819864,-0.2540865701860001,-1.596879030487051,0.0
104,117,34,-1.4065269771678202,0.1930115899040685,-1.7848296933797945,-1.0282242609558458,-1.5995385670718887,0.0
104,117,55,-1.2578046692923084,0.3434444556700398,-1.9309558024055864,-0.5846535361790304,-1.6012491249623482,0.0
117,6,40,-1.290616794027472,0.31076650749598533,-1.8997191487196032,-0.6815144393353407,-1.6013833015234573,0.0
64,43,6,-1.0552639152548573,0.5474198762265153,-2.1282068726588275,0.017679042149112645,-1.6026837914813727,0.0
60,70,25,-1.3399736834082516,0.26309700117458734,-1.855643805710443,-0.8243035611060604,-1.603070684582839,0.0
60,99,50,-1.3581958413884836,0.24599240634932165,-1.840340957833154,-0.8760507249438132,-1.6041882477378053,0.0
64,32,7,-1.1928770039282588,0.4136112596937884,-2.003555072928084,-0.3821989349284335,-1.6064882636220472,0.0
38,82,32,-1.4366664304805299,0.17601332461320074,-1.7816525467224034,-1.0916803142386564,-1.6126797550937306,0.0
64,60,9,-1.469132846675729,0.14355149347673124,-1.7504937738901223,-1.1877719194613356,-1.6126843401524602,0.0
80,99,48,-1.3128854937798031,0.30164725337588577,-1.9041141103965393,-0.721656877163067,-1.614532747155689,0.0
68,45,1,-1.3284270435479657,0.28752000343205397,-1.8919662502747916,-0.7648878368211399,-1.6159470469800197,0.0
99,32,20,-1.172238446536741,0.4465680429686169,-2.04751181075523,-0.2969650823182519,-1.618806489505358,0.0
111,43,3,-1.3405432267087494,0.281379245366747,-1.8920465476275736,-0.7890399057899252,-1.6219224720754963,0.0
70,43,5,-1.2535044163110132,0.3715039919697408,-1.9816522405717052,-0.5253565920503211,-1.6250084082807539,0.0
6,70,34,-1.0851353462003468,0.5409366189380056,-2.145371119318838,-0.024899573081855753,-1.6260719651383524,0.0
99,24,3,-1.35984690870105,0.26835668730133533,-1.8858260158116673,-0.8338678015904328,-1.6282035960023853,0.0
111,24,39,-1.2700650652073924,0.35835102169140104,-1.9724330677225383,-0.5676970626922464,-1.6284160868987934,0.0
99,6,43,-1.1643766348962592,0.4655618990289008,-2.076877956992905,-0.2518753127996136,-1.62993853392516,0.0
104,117,10,-1.2802726341160346,0.3538429825798978,-1.9738048799726342,-0.586740388259435,-1.6341156166959325,0.0
82,45,14,-1.4083962690269098,0.22719902305764,-1.8537063542198842,-0.9630861838339355,-1.6355952920845498,0.0
43,45,46,-1.3206749411478662,0.31526239685985724,-1.9385892389931865,-0.7027606433025461,-1.6359373380077233,0.0
64,99,9,-1.392039373172473,0.24602938617124662,-1.8742569700681164,-0.9098217762768296,-1.6380687593437195,0.0
60,99,54,-1.2873269411457802,0.3563118302276607,-1.9856981283919952,-0.5889557538995651,-1.6436387713734408,0.0
68,6,55,-1.2910918458694765,0.3527450889434744,-1.9824722201986864,-0.5997114715402666,-1.643836934812951,0.0
60,24,44,-1.4012805019289283,0.24282915289156354,-1.8772256415963928,-0.9253353622614637,-1.6441096548204919,0.0
104,32,45,-1.1892935678150038,0.4616238171725255,-2.0940762494731535,-0.28451088615685394,-1.6509173849875294,0.0
70,82,42,-1.365490231629633,0.28692948690338516,-1.9278720259602677,-0.8031084372989981,-1.652419718533018,0.0
104,117,46,-1.4463157970958451,0.2098712879868939,-1.8576635215501571,-1.0349680726415331,-1.656187085082739,0.0
60,68,24,-1.4707614410264604,0.1870340291262863,-1.8373481381139816,-1.1041747439389393,-1.6577954701527466,0.0
64,80,50,-1.4072260168201403,0.2510082148185974,-1.8992021178645913,-0.9152499157756893,-1.6582342316387377,0.0
104,32,52,-1.0680867365610085,0.5917996702708754,-2.228014090291924,0.09184061716990732,-1.659886406831884,0.0
64,68,19,-1.3093706352793744,0.3516713582365714,-1.9986464974230542,-0.6200947731356944,-1.6610419935159457,0.0
99,68,40,-1.4166782993690763,0.246485482245214,-1.8997898445696957,-0.9335667541684569,-1.6631637816142903,0.0
68,43,47,-1.4090432224997662,0.2550064607586967,-1.9088558855868119,-0.9092305594127207,-1.664049683258463,0.0
104,117,45,-1.4551627601822001,0.20981877143209196,-1.8664075521891004,-1.0439179681753,-1.6649815316142922,0.0
64,43,41,-1.3832418302076797,0.28244061075837384,-1.9368254272940923,-0.829658233121267,-1.6656824409660536,0.0
70,82,2,-1.2880761724620435,0.3785957294652417,-2.030123802213917,-0.5460285427101698,-1.6666719019272853,0.0
80,99,2,-1.3604679050948694,0.30969108071239787,-1.967462423291169,-0.7534733868985696,-1.6701589858072672,0.0
36,6,26,-0.7577789291119688,0.9162494003674663,-2.5536277538322025,1.038069895608265,-1.6740283294794351,0.0
60,45,45,-1.4197325882036083,0.25450586811842546,-1.9185640897157221,-0.9209010866914944,-1.6742384563220338,0.0
111,24,27,-1.315209261132405,0.3594916197710221,-2.0198128358836085,-0.6106056863812017,-1.6747008809034272,0.0
45,6,34,-1.3701518583160874,0.30517410493825464,-1.9682931039950664,-0.7720106126371084,-1.675325963254342,0.0
36,45,34,-1.394129825616534,0.28456428837449715,-1.9518758308305484,-0.8363838204025196,-1.6786941139910312,0.0
111,80,35,-1.3900738299648046,0.2886817694368885,-1.955890098061106,-0.8242575618685031,-1.678755599401693,0.0
104,117,7,-1.423535543401868,0.2577734334392513,-1.9287714729428005,-0.9182996138609354,-1.6813089768411191,0.0
64,68,9,-1.414951289356116,0.2684509229762201,-1.9411150983895074,-0.8887874803227247,-1.6834022123323362,0.0
104,80,23,-1.5502270260949162,0.13858203223372523,-1.8218478092730177,-1.2786062429168148,-1.6888090583286415,0.0
60,70,57,-1.369228232974233,0.3254057817770175,-2.007023565257187,-0.7314329006912786,-1.6946340147512504,0.0
117,24,32,-1.4186356036095762,0.2780378697746071,-1.9635898283678062,-0.8736813788513463,-1.6966734733841833,0.0
104,117,2,-1.4307484351807715,0.2661539091813202,-1.952410097176159,-0.909086773185384,-1.6969023443620919,0.0
32,24,10,-1.2952133730967523,0.4021004431281268,-2.083330241627881,-0.5070965045656238,-1.697313816224879,0.0
32,45,24,-1.3723349392616575,0.3273529817932603,-2.0139467835764475,-0.7307230949468674,-1.6996879210549178,0.0
70,43,57,-1.3192709015666,0.3811098125611586,-2.066246134186471,-0.5722956689467291,-1.7003807141277587,0.0
68,6,8,-1.3889184325255433,0.31304356659847005,-2.0024838230585447,-0.775353041992542,-1.7019619991240134,0.0
6,6,5,-0.9676264833747696,0.7344846080116152,-2.4072163150775356,0.47196334832799614,-1.7021110913863848,0.0
60,43,41,-1.496904015397495,0.20659046714195436,-1.9018213309957255,-1.0919866997992647,-1.7034944825394494,0.0
117,24,52,-1.407118982849834,0.2987248703819952,-1.9926197287985445,-0.8216182369011235,-1.7058438532318292,0.0
111,68,32,-1.5569385660957247,0.14979498112369788,-1.8505367290981725,-1.2633404030932769,-1.7067335472194225,0.0
111,38,33,-1.3943698461669123,0.31842432082760086,-2.01848151498901,-0.7702581773448146,-1.712794166994513,0.0
60,99,8,-1.3596741689447762,0.3550905360259482,-2.0556516195556345,-0.6636967183339177,-1.7147647049707244,0.0
60,43,17,-1.370482502488783,0.3513751136064808,-2.059177725157485,-0.6817872798200806,-1.7218576160952639,0.0
6,68,8,-1.3742611213121747,0.3504792712662661,-2.061200492994056,-0.6873217496302931,-1.7247403925784408,0.0
64,99,24,-1.3156949960864157,0.4093150443140628,-2.1179524829419787,-0.5134375092308526,-1.7250100404004785,0.0
60,99,28,-1.4718931599860188,0.2533719511112655,-1.968502184164099,-0.9752841358079385,-1.7252651110972843,0.0
111,82,52,-1.4835333607840073,0.24400349406837815,-1.9617802091580285,-1.0052865124099861,-1.7275368548523855,0.0
104,80,58,-1.5333528058294776,0.19628776026425207,-1.9180768159474118,-1.1486287957115435,-1.7296405660937297,0.0
36,6,23,-0.9593090529278843,0.771128532641528,-2.4707209769052794,0.5521028710495106,-1.7304375855694123,0.0
80,82,22,-1.5707537352886818,0.16412571708160753,-1.8924401407686324,-1.2490673298087311,-1.7348794523702893,0.0
64,80,53,-1.4720070967934142,0.26629869527427563,-1.9939525395309945,-0.950061654055834,-1.7383057920676899,0.0
70,6,58,-1.1406219769887944,0.5982118964887608,-2.3131172941067657,0.031873340129176864,-1.7388338734775552,0.0
70,82,8,-1.4067007855362867,0.33822967277565624,-2.069630944176573,-0.7437706268960005,-1.744930458311943,0.0
111,32,2,-1.3680453078258583,0.37723239722724367,-2.107420806391256,-0.6286698092604608,-1.7452777050531019,0.0
104,80,19,-1.4193814756746401,0.33292151885585597,-2.0719076526321176,-0.7668552987171624,-1.752302994530496,0.0
6,70,45,-1.118761667871476,0.6351121952007627,-2.3635815704649707,0.1260582347220187,-1.7538738630722386,0.0
80,45,31,-1.489722777743221,0.2643813433315268,-2.0079102106730136,-0.9715353448134284,-1.7541041210747477,0.0
43,45,3,-1.475494795342017,0.27991534307083515,-2.024128867760854,-0.9268607229231801,-1.7554101384128522,0.0
6,36,57,-1.010848267673541,0.7519390638787546,-2.4846488328759,0.46295229752881806,-1.7627873315522957,0.0
38,43,51,-1.4584136043408065,0.30813888229028497,-2.062365813629765,-0.8544613950518479,-1.7665524866310913,0.0
99,45,32,-1.5104919146010858,0.25668125393638164,-2.013587172316394,-1.0073966568857777,-1.7671731685374674,0.0
104,117,1,-1.5682114069171793,0.2057014783027802,-1.9713863043906286,-1.16503650944373,-1.7739128852199595,0.0
80,82,2,-1.5841615348473839,0.1906035071750683,-1.9577444089105178,-1.21057866078425,-1.774765042022452,0.0
38,64,27,-1.4678986372630838,0.3076128859294423,-2.070819893684791,-0.8649773808413769,-1.775511523192526,0.0
117,99,42,-1.5185177300293233,0.25879438069014143,-2.0257547161820004,-1.0112807438766462,-1.7773121107194647,0.0
111,45,55,-1.3107118590522537,0.46681558503418863,-2.2256704057192636,-0.395753312385244,-1.7775274440864424,0.0
99,24,40,-1.5149213832821296,0.26777029099228616,-2.0397511536270105,-0.9900916129372487,-1.7826916742744157,0.0
38,64,19,-1.4131224127640372,0.3731263844123594,-2.1444501262122615,-0.6817946993158127,-1.7862487971763965,0.0
38,45,39,-1.4551719834838492,0.3359057741560526,-2.1135473008297123,-0.7967966661379862,-1.791077757639902,0.0
36,68,10,-1.2805108551913416,0.5153201242602466,-2.290538298741425,-0.2704834116412582,-1.7958309794515883,0.0
36,68,39,-1.4369479045372995,0.3672291134420012,-2.156716966883622,-0.7171788421909772,-1.8041770179793006,0.0
6,36,38,-0.9589518482331448,0.8477134684960234,-2.6204702464853504,0.7025665500190609,-1.8066653167291682,0.0
117,99,20,-1.37700841006768,0.4299732005953902,-2.2197558832346447,-0.5342609369007153,-1.8069816106630703,0.0
104,117,42,-1.5239106169958268,0.2836626909113856,-2.0798894911821426,-0.967931742809511,-1.8075733079072123,0.0
64,99,0,-1.4267797743140056,0.38843804370963053,-2.1881183399848814,-0.6654412086431297,-1.815217818023636,0.0
111,68,40,-1.5352294542936358,0.2837191469893519,-2.0913189823927656,-0.9791399261945061,-1.8189486012829876,0.0
70,24,52,-1.3912686918105355,0.43339518549998707,-2.24072325539051,-0.5418141282305609,-1.8246638773105226,0.0
99,70,31,-1.4684222796749353,0.36296407669105546,-2.179831869989404,-0.7570126893604666,-1.8313863563659907,0.0
74,68,53,-1.5077570399342164,0.32599614350665684,-2.146709481207264,-0.868804598661169,-1.8337531834408733,0.0
64,60,14,-1.665118986814148,0.17014168764395016,-1.9985966945962903,-1.3316412790320058,-1.8352606744580982,0.0
68,75,33,-1.5877917878677428,0.2478039526787023,-2.0734875351179993,-1.1020960406174862,-1.8355957405464451,0.0
117,45,35,-1.5787427307516655,0.2592700040261212,-2.086911938642863,-1.0705735228604678,-1.8380127347777866,0.0
117,68,21,-1.4752112828409072,0.3692947564772921,-2.1990290055363997,-0.7513935601454147,-1.8445060393181993,0.0
64,60,7,-1.5397488707335318,0.3059370493130633,-2.139385487387136,-0.9401122540799277,-1.8456859200465952,0.0
80,24,33,-1.5443724274265596,0.3108067635235655,-2.153553683932748,-0.9351911709203712,-1.8551791909501252,0.0
38,45,38,-1.5898523894018428,0.26571389441420296,-2.1106516224536804,-1.0690531563500052,-1.8555662838160458,0.0
32,24,2,-1.4155465141001058,0.44176112476699264,-2.2813983186434115,-0.5496947095568002,-1.8573076388670984,0.0
68,45,35,-1.5907432025302153,0.26902535374070286,-2.118032895861993,-1.0634535091984376,-1.859768556270918,0.0
36,68,11,-1.6318271276250522,0.23675506997657284,-2.095867064779135,-1.1677871904709693,-1.868582197601625,0.0
32,24,50,-1.5052584270682834,0.36509799317361935,-2.2208504936885776,-0.7896663604479894,-1.8703564202419027,0.0
43,6,44,-1.5341365307178052,0.34651806402691787,-2.213311936210564,-0.8549611252250462,-1.880654594744723,0.0
68,99,53,-1.6763887269637463,0.20646311742927778,-2.0810564371251306,-1.2717210168023618,-1.882851844393024,0.0
64,60,16,-1.4861273342451329,0.39791891472057306,-2.266048407097456,-0.7062062613928097,-1.884046248965706,0.0
64,80,48,-1.638408443329867,0.2461791918121391,-2.1209196592816597,-1.1558972273780743,-1.884587635142006,0.0
64,68,14,-1.6234934329480277,0.268773025170838,-2.1502885622828702,-1.0966983036131852,-1.8922664581188657,0.0
38,82,36,-1.5764124936253667,0.3172259499147105,-2.1981753554581993,-0.9546496317925341,-1.8936384435400773,0.0
38,82,8,-1.637347289897332,0.2600089985614498,-2.1469649270777738,-1.1277296527168903,-1.8973562884587818,0.0
43,6,51,-1.3505517624921235,0.5541817756285617,-2.4367480427241044,-0.2643554822601426,-1.9047335381206851,0.0
32,45,40,-1.6187438642940066,0.28692778038861727,-2.1811223138556963,-1.056365414732317,-1.9056716446826238,0.0
117,43,25,-1.6503423836015396,0.25862953910980235,-2.1572562802567523,-1.143428486946327,-1.908971922711342,0.0
36,6,18,-1.178398848248753,0.7314498105559686,-2.6120404769384518,0.2552427804409454,-1.9098486588047217,0.0
82,45,22,-1.6211885158013994,0.29051804204688936,-2.1906038782133024,-1.0517731533894963,-1.9117065578482888,0.0
80,24,25,-1.5229586163336368,0.3912450513511167,-2.289798916981826,-0.7561183156854481,-1.9142036676847536,0.0
38,82,24,-1.7679468070450592,0.14814237695342272,-2.0583058658737676,-1.4775877482163506,-1.916089183998482,0.0
99,70,34,-1.6716978769808928,0.24495837083744632,-2.1518162838222876,-1.191579470139498,-1.916656247818339,0.0
32,24,16,-1.5832602280494363,0.3395757545132816,-2.248828706895468,-0.9176917492034045,-1.922835982562718,0.0
60,45,35,-1.7048936115116056,0.21899134413789073,-2.1341166460218712,-1.2756705770013397,-1.9238849556494964,0.0
6,70,31,-1.3311565846396758,0.5972609050198594,-2.5017879584786002,-0.16052521080075133,-1.9284174896595352,0.0
111,45,20,-1.2908981264356627,0.6492262370822591,-2.5633815511168905,-0.018414701754434937,-1.940124363517922,0.0
111,117,43,-1.593517579546767,0.3486541705470963,-2.2768797538190757,-0.9101554052744584,-1.9421717500938633,0.0
117,99,57,-1.5785748634145904,0.364629763102951,-2.2932491990963744,-0.8639005277328065,-1.9432046265175413,0.0
6,6,20,-1.2608284991221819,0.6829546848220182,-2.5994196813733375,0.07776268312897372,-1.9437831839442001,0.0
99,6,5,-1.561454866084495,0.3835299426441574,-2.3131735536670432,-0.8097361785019465,-1.9449848087286523,0.0
38,45,1,-1.650290849058005,0.2947468574660644,-2.2279946896914913,-1.0725870084245188,-1.9450377065240694,0.0
68,24,45,-1.5132772896765458,0.4339267436435448,-2.3637737072178937,-0.6627808721351981,-1.9472040333200906,0.0
68,82,9,-1.6405912417079584,0.30710694432464947,-2.2425208525842715,-1.0386616308316454,-1.947698186032608,0.0
60,43,26,-1.5893136401190282,0.3621199133535066,-2.299068670291901,-0.8795586099461553,-1.9514335534725347,0.0
111,60,36,-1.5116076518979835,0.4459349101150214,-2.3856400757234253,-0.6375752280725416,-1.957542562013005,0.0
6,6,23,-1.149416905064296,0.8094499555844314,-2.7359388180097817,0.43710500788118956,-1.9588668606487274,0.0
111,43,32,-1.785496887764707,0.17558159104467866,-2.129636806212277,-1.4413569693171369,-1.9610784788093858,0.0
64,82,53,-1.63646106908334,0.3280479717826082,-2.279435093777252,-0.993487044389428,-1.9645090408659482,0.0
80,82,24,-1.802486407509626,0.1621430842213568,-2.1202868525834853,-1.484685962435767,-1.9646294917309828,0.0
64,68,17,-1.5870857506115126,0.3820584873411491,-2.335920385800165,-0.8382511154228603,-1.9691442379526616,0.0
64,99,23,-1.7011700135379821,0.268927674327064,-2.2282682552190276,-1.1740717718569367,-1.9700976878650462,0.0
111,24,28,-1.5658781224766651,0.40531634156899543,-2.360298151951896,-0.7714580930014341,-1.9711944640456607,0.0
64,43,9,-1.7230338600389346,0.2520456796467957,-2.217043392146654,-1.229024327931215,-1.9750795396857304,0.0
111,32,15,-1.5972772014078662,0.37834584403339877,-2.3388350557133277,-0.8557193471024046,-1.975623045441265,0.0
38,82,53,-1.6565009789065464,0.3225312147001999,-2.288662159718938,-1.0243397980941547,-1.9790321936067463,0.0
36,70,31,-1.3560215036169954,0.6272597010943005,-2.5854505177618243,-0.1265924894721664,-1.9832812047112958,0.0
111,99,43,-1.559243497927105,0.424992610887375,-2.39222901526636,-0.7262579805878501,-1.98423610881448,0.0
64,6,30,-1.6518701017274684,0.3341794539599888,-2.3068618314890466,-0.9968783719658904,-1.9860495556874573,0.0
80,43,9,-1.792087738434525,0.19678282061732852,-2.1777820668444887,-1.4063934100245612,-1.9888705590518536,0.0
6,36,9,-1.2641955990021791,0.7254401067733606,-2.6860582082779656,0.15766701027360752,-1.9896357057755396,0.0
68,24,28,-1.6196254683494349,0.3723417410660779,-2.3494152808389477,-0.8898356558599222,-1.9919672094155128,0.0
60,6,31,-1.684945935890614,0.3089647810011787,-2.2905169066529245,-1.0793749651283038,-1.9939107168917927,0.0
32,24,39,-1.6362254994723928,0.3593422631419926,-2.3405363352306985,-0.9319146637140874,-1.9955677626143853,0.0
64,6,51,-1.5167650905623686,0.4792035594203428,-2.4560040670262406,-0.5775261140984967,-1.9959686499827114,0.0
6,24,51,-1.620048970051056,0.37836136221148914,-2.3616372399855745,-0.8784607001165374,-1.9984103322625453,0.0
43,45,0,-1.5740349668523774,0.42924314163254795,-2.4153515244521713,-0.7327184092525835,-2.0032781084849254,0.0
36,60,31,-1.709971174333316,0.29337821445663725,-2.284992474668325,-1.1349498739983068,-2.003349388789953,0.0
111,80,42,-1.7548874026063945,0.2518648525910408,-2.2485425136848347,-1.2612322915279546,-2.0067522551974353,0.0
64,32,35,-1.6959151645240684,0.3109181062637291,-2.3053146528009774,-1.0865156762471595,-2.0068332707877974,0.0
99,43,38,-1.6436646462597402,0.3747124173334127,-2.378100984233229,-0.9092283082862513,-2.018377063593153,0.0
38,82,16,-1.7366238177529876,0.281959510267955,-2.2892644578781796,-1.1839831776277956,-2.0185833280209424,0.0
6,43,14,-1.703393856985678,0.31797965682777163,-2.3266339843681103,-1.0801537296032455,-2.0213735138134497,0.0
104,32,18,-1.563589587859085,0.45781087341473686,-2.460898899751969,-0.6662802759662009,-2.021400461273822,0.0
64,32,31,-1.7183433145138736,0.3037602721409621,-2.313713447910159,-1.122973181117588,-2.022103586654836,0.0
6,32,58,-1.5952917244236493,0.4281694215561273,-2.434503790673659,-0.7560796581736398,-2.0234611459797764,0.0
43,45,54,-1.759209086570549,0.2677472845262588,-2.283993764242016,-1.234424408899082,-2.0269563710968077,0.0
6,36,6,-1.237023892533267,0.7905956871560261,-2.7865914393590785,0.31254365429254416,-2.027619579689293,0.0
38,82,34,-1.8495590573349765,0.17868829134289493,-2.1997881083670507,-1.4993300063029025,-2.0282473486778714,0.0
43,6,14,-1.6589156822744975,0.36956435832139295,-2.3832618245844275,-0.9345695399645673,-2.0284800405958903,0.0
111,32,48,-1.5671728311551516,0.46394445742984886,-2.4765039677176555,-0.6578416945926479,-2.0311172885850004,0.0
36,6,58,-1.2289768959453866,0.8038034438038741,-2.80443164580098,0.3464778539102067,-2.0327803397492605,0.0
6,45,31,-1.6294883703322514,0.40696018786267013,-2.4271303385430847,-0.8318464021214179,-2.0364485581949214,0.0
6,68,4,-1.6396158180442777,0.39743557531656376,-2.4185895456647426,-0.8606420904238128,-2.0370513933608416,0.0
36,82,13,-1.6311302072288167,0.4107831480238301,-2.4362651773555237,-0.8259952371021098,-2.041913355252647,0.0
36,64,4,-1.5969344460537644,0.445237156035228,-2.4695992718828115,-0.7242696202247175,-2.0421716020889926,0.0
6,70,25,-1.5670971701101408,0.47594914854044756,-2.499957501249418,-0.6342368389708636,-2.0430463186505885,0.0
60,68,21,-1.674730731001762,0.3701789901231743,-2.4002815516431837,-0.9491799103603404,-2.0449097211249363,0.0
80,24,46,-1.596548971203409,0.45407118043598066,-2.4865284848579314,-0.706569457548887,-2.05062015163939,0.0
82,45,5,-1.7546547095652087,0.2967965050640994,-2.3363758594908433,-1.172933559639574,-2.0514512146293082,0.0
99,82,6,-1.8438901882268035,0.21091178603957897,-2.2572772888643784,-1.4305030875892286,-2.0548019742663826,0.0
111,43,38,-1.748450544006516,0.3069761284764926,-2.3501237558204413,-1.1467773321925905,-2.0554266724830086,0.0
6,70,40,-1.3870950694652506,0.671724780834148,-2.7036756399001804,-0.07051449903032059,-2.0588198502993986,0.0
104,80,44,-1.7643414373838053,0.2984561373669755,-2.3493154666230773,-1.1793674081445333,-2.062797574750781,0.0
45,6,40,-1.6171071235538967,0.4504796881846375,-2.500047312395786,-0.7341669347120072,-2.067586811738534,0.0
111,32,42,-1.7657052883540276,0.30474572752490237,-2.3630069143028365,-1.168403662405219,-2.07045101587893,0.0
111,43,53,-1.616457455499607,0.45525556257764205,-2.5087583581517854,-0.7241565528474285,-2.071713018077249,0.0
99,82,3,-1.8860533330132563,0.18715573137308086,-2.252878566504495,-1.5192280995220178,-2.073209064386337,0.0
64,43,28,-1.7904760778839321,0.282770911816287,-2.3447070650438544,-1.2362450907240097,-2.0732469897002193,0.0
82,45,7,-1.7037138071012101,0.37440033230180503,-2.4375384584127477,-0.9698891557896723,-2.078114139403015,0.0
111,117,21,-1.6253229521120502,0.45612426379277676,-2.519326509145893,-0.7313193950782078,-2.081447215904827,0.0
64,82,47,-1.817271077303175,0.2659493394789553,-2.3385317826819274,-1.2960103719244227,-2.0832204167821304,0.0
64,32,33,-1.7794546240675164,0.3082431530938669,-2.3836112041314954,-1.1752980440035374,-2.087697777161383,0.0
38,24,31,-1.4631537166525361,0.6341043863481253,-2.7059983138948613,-0.2203091194102107,-2.0972581030006614,0.0
99,6,40,-1.6379646584275507,0.4604844710198941,-2.540514221626543,-0.7354150952285583,-2.0984491294474448,0.0
82,45,41,-1.882509759710196,0.21683249277900796,-2.3075014455570515,-1.4575180738633404,-2.099342252489204,0.0
70,99,12,-1.6672277857133184,0.4322276697364522,-2.514394018396765,-0.820061553029872,-2.0994554554497706,0.0
99,6,58,-1.6307503128581278,0.47426782314072174,-2.5603152462139422,-0.7011853795023132,-2.1050181359988493,0.0
32,82,29,-1.8281331705411994,0.27812694934172555,-2.3732619912509816,-1.2830043498314172,-2.1062601198829247,0.0
82,6,13,-1.7020931428817918,0.4053957642714124,-2.49666884085376,-0.9075174449098236,-2.107488907153204,0.0
45,6,58,-1.5757694483033478,0.5318371611401413,-2.6181702841380248,-0.5333686124686707,-2.107606609443489,0.0
99,82,26,-1.7335165384865778,0.37501355664841246,-2.468543109517466,-0.9984899674556894,-2.10853009513499,0.0
60,43,11,-1.8458393075874553,0.2650399373580888,-2.3653175848093095,-1.3263610303656013,-2.110879244945544,0.0
6,43,51,-1.4958026610406143,0.619087138858444,-2.709213453203165,-0.282391868878064,-2.1148897998990583,0.0
32,45,7,-1.5532253467763153,0.5621389540431961,-2.6550176967009795,-0.45143299685165084,-2.1153643008195115,0.0
38,104,31,-1.7405191476163155,0.37724002269238116,-2.4799095920933825,-1.0011287031392486,-2.117759170308697,0.0
32,45,12,-1.6129585699057138,0.5051676208855094,-2.603087106841312,-0.6228300329701155,-2.118126190791223,0.0
111,60,12,-1.7342142913532375,0.38400020441847293,-2.4868546920134444,-0.9815738906930305,-2.1182144957717104,0.0
111,64,20,-1.4505630227053579,0.6701764454412616,-2.764108855770231,-0.13701718964048504,-2.1207394681466196,0.0
111,68,33,-1.8707178910464233,0.2504914070044028,-2.361681048775053,-1.3797547333177937,-2.121209298050826,0.0
6,45,48,-1.6359429205932021,0.487595054227346,-2.5916292268788004,-0.680256614307604,-2.123537974820548,0.0
117,45,31,-1.8018734887331138,0.32206773865264254,-2.4331262564922933,-1.1706207209739343,-2.1239412273857563,0.0
36,24,29,-1.7519176075588254,0.3722521989897283,-2.481531917578693,-1.0223032975389579,-2.1241698065485535,0.0
99,6,34,-1.817851091379626,0.30940271844358613,-2.4242804195290546,-1.2114217632301971,-2.127253809823212,0.0
104,80,14,-1.8283810470694484,0.30377892184905547,-2.4237877338935974,-1.2329743602452996,-2.132159968918504,0.0
24,45,45,-1.7562462467144029,0.37930570691864557,-2.499685432274948,-1.0128070611538575,-2.1355519536330485,0.0
117,82,34,-1.9256757249836018,0.21130709644812165,-2.3398376340219205,-1.5115138159452834,-2.1369828214317237,0.0
36,6,11,-1.5960273659589634,0.5411840636010827,-2.6567481306170855,-0.5353066013008414,-2.137211429560046,0.0
36,6,20,-1.3114571202863292,0.8273863012952964,-2.9331342708251102,0.3102200302524518,-2.1388434215816257,0.0
6,64,55,-1.8000239973020726,0.34144656632024467,-2.469259267289752,-1.130788727314393,-2.1414705636223172,0.0
104,32,10,-1.5826561743942995,0.5728474599856247,-2.705437195966124,-0.45987515282247515,-2.155503634379924,0.0
68,45,15,-1.8785031861866388,0.279542323989007,-2.4264061412050926,-1.330600231168185,-2.1580455101756457,0.0
36,68,45,-1.6743942834330292,0.4845629121600263,-2.6241375912666807,-0.7246509755993777,-2.1589571955930555,0.0
117,82,37,-1.8825722167910528,0.27761687069326774,-2.426701283349858,-1.338443150232248,-2.1601890874843206,0.0
60,82,28,-1.9346116099027306,0.2263659160507003,-2.378288805362103,-1.490934414443358,-2.160977525953431,0.0
68,82,11,-1.9585153216075744,0.20908945098041543,-2.3683306455291886,-1.5486999976859601,-2.16760477258799,0.0
38,24,58,-1.548701434704262,0.6198283544945677,-2.7635650095136146,-0.3338378598949092,-2.1685297891988298,0.0
64,6,56,-1.8085483765032069,0.36005444221611604,-2.5142550832467943,-1.1028416697596195,-2.168602818719323,0.0
43,45,36,-1.7396677949723967,0.4324839403713875,-2.5873363181003164,-0.8919992718444771,-2.172151735343784,0.0
111,117,58,-1.7862147826395327,0.38618361586994965,-2.543134669744634,-1.0292948955344314,-2.1723983985094826,0.0
99,70,54,-1.8250757519389316,0.3534694568643262,-2.5178758873930107,-1.1322756164848524,-2.178545208803258,0.0
60,24,3,-1.8821783589535013,0.30111382476103604,-2.4723614554851316,-1.2919952624218707,-2.183292183714537,0.0
60,68,15,-1.8687132818360126,0.31598142667398066,-2.488036878117015,-1.2493896855550104,-2.1846947085099933,0.0
60,82,8,-1.9856544900391964,0.21010333084488328,-2.3974570184951673,-1.5738519615832252,-2.19575782088408,0.0
104,70,8,-1.8622205097175764,0.3364091573732685,-2.5215824581691826,-1.2028585612659701,-2.1986296670908447,0.0
6,36,37,-1.443859839970625,0.7633738615870354,-2.9400726086812146,0.05235292873996422,-2.2072337015576604,0.0
64,6,11,-1.9360075262618675,0.2780462807792103,-2.4809782365891198,-1.3910368159346151,-2.214053807041078,0.0
117,82,20,-1.9670793907766273,0.2499834971959283,-2.457047045280647,-1.4771117362726078,-2.217062887972556,0.0
6,36,20,-1.3033228388051619,0.9146943118770894,-3.096123690084257,0.4894780124739333,-2.2180171506822512,0.0
64,68,52,-1.8570196195083335,0.36227235757664955,-2.5670734403585667,-1.1469657986581003,-2.219291977084983,0.0
60,24,19,-1.8655692454477955,0.35588709021486553,-2.563107942268932,-1.1680305486266591,-2.221456335662661,0.0
80,99,15,-1.850027913397055,0.38319122698185165,-2.601082718281484,-1.0989731085126258,-2.233219140378907,0.0
60,45,25,-2.0002726531611414,0.23602303225552396,-2.4628777963819686,-1.5376675099403145,-2.2362956854166653,0.0
36,6,45,-1.5193791470190205,0.7178570047588744,-2.9263788763464142,-0.11237941769162685,-2.237236151777895,0.0
6,64,26,-1.73384517066573,0.5034479394383852,-2.720603131964965,-0.7470872093664952,-2.2372931101041154,0.0
68,6,45,-1.7964252179936662,0.44195367588453455,-2.662654422727354,-0.9301960132599785,-2.2383788938782008,0.0
60,82,42,-2.0217836816039862,0.2167467765152947,-2.446607363573964,-1.5969599996340087,-2.238530458119281,0.0
99,82,12,-2.0044265855332584,0.23452022465218902,-2.464086225851549,-1.544766945214968,-2.2389468101854475,0.0
60,45,53,-1.9327855813317947,0.30700079411445585,-2.534507137796128,-1.3310640248674612,-2.2397863754462506,0.0
74,75,33,-1.9941656014294242,0.2520158992281409,-2.4881167639165804,-1.500214438942268,-2.246181500657565,0.0
60,43,37,-2.0339887388949016,0.21538358214424608,-2.456140559897624,-1.6118369178921794,-2.249372321039148,0.0
6,64,4,-1.8034753768999991,0.44709699436780775,-2.6797854858609025,-0.9271652679390959,-2.2505723712678067,0.0
82,6,27,-1.7081754784416823,0.5452950312847493,-2.776953739759791,-0.6393972171235736,-2.253470509726432,0.0
111,24,47,-1.9543607485789172,0.30506292101945814,-2.552284073777055,-1.3564374233807792,-2.2594236695983754,0.0
38,45,55,-2.0124507787979695,0.2554005271984689,-2.5130358121069687,-1.5118657454889703,-2.2678513059964382,0.0
24,45,39,-1.780025957539701,0.49063787256821695,-2.741676187773406,-0.8183757273059958,-2.270663830107918,0.0
117,24,3,-1.9902471767369063,0.2816091719622268,-2.542201153782871,-1.4382931996909418,-2.271856348699133,0.0
99,68,31,-1.9868606047835806,0.2850218715119208,-2.5455034729469457,-1.4282177366202158,-2.2718824762955014,0.0
111,99,48,-1.8450074587578214,0.4269580236519176,-2.68184518511558,-1.008169732400063,-2.271965482409739,0.0
111,32,33,-1.929554938376414,0.3454943312441042,-2.606723827614858,-1.2523860491379697,-2.275049269620518,0.0
64,60,32,-2.1191478316239483,0.1619091307833355,-2.4364897279592856,-1.8018059352886107,-2.2810569624072836,0.0
70,82,7,-1.8535121080359618,0.43449182687465376,-2.705116088710283,-1.0019081273616404,-2.2880039349106154,0.0
80,82,38,-2.060671408164631,0.23074134348282987,-2.5129244413909775,-1.6084183749382845,-2.291412751647461,0.0
36,24,3,-1.9786830032818608,0.31346762477149087,-2.593079547833983,-1.3642864587297385,-2.2921506280533515,0.0
111,43,33,-2.0015461813184543,0.2933137111679586,-2.576441055207653,-1.4266513074292555,-2.294859892486413,0.0
38,45,27,-2.0158686891081365,0.28521203561695135,-2.574884278917361,-1.456853099298912,-2.3010807247250877,0.0
60,82,47,-2.0863857725009995,0.2179708022795611,-2.5136085449689394,-1.6591630000330597,-2.3043565747805608,0.0
38,82,38,-2.0520315649418186,0.2539636848641418,-2.5498003872755364,-1.5542627426081008,-2.30599524980596,0.0
117,24,49,-2.043379724002396,0.2682541249767219,-2.569157808956771,-1.5176016390480211,-2.311633848979118,0.0
99,43,53,-1.890416898530661,0.42199230653051667,-2.7175218193304738,-1.0633119777308484,-2.3124092050611775,0.0
64,6,3,-1.8764844398462042,0.4435063866090795,-2.7457569576,-1.0072119220924085,-2.3199908264552835,0.0
38,43,58,-1.9225808713894519,0.3983610612706356,-2.7033685514798975,-1.1417931912990062,-2.3209419326600873,0.0
104,80,52,-2.0476254304240737,0.27595679153528024,-2.588500741833223,-1.5067501190149244,-2.323582221959354,0.0
99,82,4,-2.0703902540001087,0.26147092479707595,-2.5828732666023777,-1.5579072413978399,-2.3318611787971846,0.0
80,82,18,-2.087157307585208,0.2470201907247168,-2.571316881405653,-1.602997733764763,-2.334177498309925,0.0
104,32,38,-1.7047398209237694,0.6295735944069669,-2.9387040659614243,-0.4707755758861143,-2.3343134153307363,0.0
111,99,5,-1.967123142766054,0.3739450168393248,-2.7000553757711305,-1.2341909097609776,-2.3410681596053786,0.0
32,24,25,-2.001116644457089,0.34150676750922127,-2.670469908775163,-1.3317633801390154,-2.3426234119663105,0.0
6,68,5,-1.9893984003093914,0.354637547758512,-2.6844879939160746,-1.294308806702708,-2.344035948067903,0.0
70,24,51,-1.9134981210659385,0.4317309284065774,-2.75969074074283,-1.067305501389047,-2.345229049472516,0.0
111,80,25,-2.0572371457894385,0.29032148249086154,-2.626267251471527,-1.48820704010735,-2.3475586282803,0.0
6,68,20,-1.8829462795819252,0.46570292833587673,-2.7957240191202435,-0.9701685400436068,-2.348649207917802,0.0
99,70,15,-1.952275086191745,0.3966583423760376,-2.7297254372487787,-1.1748247351347114,-2.3489334285677828,0.0
64,6,49,-1.8988989191521042,0.4519643971475725,-2.7847491375613465,-1.013048700742862,-2.3508633162996766,0.0
36,64,42,-2.0072014437718924,0.34514075753341406,-2.683677328537384,-1.3307255590064009,-2.3523422013053064,0.0
99,82,7,-1.995142010522102,0.3710004301391424,-2.722302853594821,-1.267981167449383,-2.3661424406612444,0.0
80,82,40,-2.149933041009305,0.21872988875705332,-2.5786436229731295,-1.7212224590454808,-2.3686629297663586,0.0
64,6,42,-2.03240425954798,0.336815517415541,-2.69256267368244,-1.3722458454135198,-2.3692197769635213,0.0
80,82,4,-2.138250056412265,0.23225327757721984,-2.593466480463616,-1.6830336323609139,-2.3705033339894848,0.0
32,82,47,-2.123938374477679,0.26632019111205335,-2.6459259490573035,-1.6019507998980544,-2.390258565589732,0.0
104,32,43,-1.7633255045983907,0.6301148944252701,-2.99835069767192,-0.5283003115248612,-2.393440399023661,0.0
6,43,47,-2.0621032810073188,0.33636326162629526,-2.7213752737948576,-1.40283128821978,-2.398466542633614,0.0
43,6,22,-1.9515501456455278,0.4561085552392462,-2.8455229139144502,-1.0575773773766053,-2.407658700884774,0.0
104,45,13,-1.8493815938312246,0.5603223418961473,-2.9476133839476732,-0.7511498037147759,-2.409703935727372,0.0
64,82,19,-2.0632238790485786,0.3485063577146657,-2.7462963401693234,-1.3801514179278338,-2.4117302367632445,0.0
104,80,1,-2.1422569701477934,0.271424357055508,-2.674248709976589,-1.6102652303189977,-2.4136813272033013,0.0
64,68,3,-2.2053376845430237,0.20968202117228874,-2.6163144460407097,-1.7943609230453377,-2.4150197057153124,0.0
80,43,22,-1.9841559644720155,0.4315932543154244,-2.8300787429302474,-1.1382331860137835,-2.4157492187874396,0.0
32,45,2,-1.9409614052487565,0.47492667196356,-2.8718176822973343,-1.010105128200179,-2.4158880772123164,0.0
104,32,33,-1.9092082018637124,0.5072243967092094,-2.9033680194137625,-0.9150483843136621,-2.416432598572922,0.0
111,68,25,-2.164891422306679,0.267859432563026,-2.68989591013021,-1.639886934483148,-2.4327508548697048,0.0
104,80,28,-2.12499813404443,0.31298639915295806,-2.7384514763842276,-1.5115447917046323,-2.437984533197388,0.0
24,45,10,-1.8765367100867292,0.5662690614360233,-2.986424070501335,-0.7666493496721236,-2.4428057715227522,0.0
80,82,36,-2.1354684291410897,0.3126898045865318,-2.748340446130692,-1.5225964121514874,-2.4481582337276215,0.0
111,117,48,-2.0657765046240812,0.3867390376829206,-2.8237850184826057,-1.3077679907655568,-2.452515542307002,0.0
32,82,19,-2.0337551354902565,0.42198016500572894,-2.860836258901485,-1.2066740120790278,-2.4557353004959857,0.0
70,82,25,-2.211612551987158,0.24529153429120673,-2.6923839591979233,-1.7308411447763927,-2.4569040862783647,0.0
36,64,9,-2.0195414913363434,0.45210052371154275,-2.9056585178109673,-1.1334244648617195,-2.471642015047886,0.0
99,70,42,-2.102747243613611,0.3720619954418123,-2.8319887546795632,-1.373505732547659,-2.474809239055423,0.0
36,82,30,-2.0290821981694425,0.4464214102251931,-2.904068162210821,-1.154096234128064,-2.475503608394636,0.0
64,99,54,-2.146900791525959,0.334491083269053,-2.802503314733303,-1.4912982683186151,-2.481391874795012,0.0
68,45,31,-2.203710814601827,0.28575982016267587,-2.7638000621206715,-1.6436215670829823,-2.489470634764503,0.0
64,68,18,-2.185688964675273,0.3073912950164979,-2.788175902907609,-1.583202026442937,-2.4930802596917707,0.0
64,24,41,-2.201059537769585,0.2920725699905678,-2.773521774951098,-1.6285973005880723,-2.493132107760153,0.0
111,80,58,-2.0925744942603015,0.41380128409898786,-2.903625011094318,-1.2815239774262852,-2.5063757783592893,0.0
111,80,2,-2.1240367311272683,0.3890736584155269,-2.886621101621701,-1.3614523606328357,-2.513110389542795,0.0
38,82,12,-2.170850702739825,0.35421706090068555,-2.865116142105169,-1.4765852633744814,-2.5250677636405108,0.0
82,6,30,-2.1135224844744807,0.4117327889430614,-2.920518750802881,-1.3065262181460802,-2.525255273417542,0.0
64,82,16,-2.0664397424844094,0.46215964175289354,-2.9722726403200808,-1.160606844648738,-2.528599384237303,0.0
80,24,50,-1.9673664142105747,0.5697812574890403,-3.0841376788890935,-0.8505951495320556,-2.537147671699615,0.0
117,24,55,-2.2086657597382486,0.3413775131557045,-2.8777656855234293,-1.5395658339530678,-2.5500432728939533,0.0
99,24,53,-2.159984826216965,0.39103200219221973,-2.9264075505137157,-1.3935621019202147,-2.551016828409185,0.0
6,43,12,-2.1358107732309044,0.41527729813671005,-2.9497542775788563,-1.3218672688829527,-2.5510880713676145,0.0
117,43,50,-2.2582909072631807,0.29377072422115563,-2.8340815267366457,-1.6825002877897157,-2.5520616314843365,0.0
68,82,17,-2.3002414420039723,0.25494609092610226,-2.7999357802191325,-1.8005471037888119,-2.5551875329300744,0.0
43,6,12,-2.06914669131207,0.4885141314733164,-3.02663438899977,-1.1116589936243702,-2.5576608227853868,0.0
68,82,34,-2.2388037119226323,0.3199873836369277,-2.8659789838510106,-1.611628439994254,-2.55879109555956,0.0
99,82,38,-2.2660401512442356,0.2928179950996829,-2.839963421639614,-1.6921168808488571,-2.5588581463439186,0.0
99,43,50,-2.1720534224788293,0.38688948329400563,-2.9303568097350805,-1.4137500352225782,-2.558942905772835,0.0
117,24,54,-2.2995497744623603,0.26063985167603876,-2.810403883747396,-1.7886956651773245,-2.560189626138399,0.0
24,6,12,-2.2052793709338876,0.3568441137870409,-2.904693833956488,-1.5058649079112874,-2.5621234847209284,0.0
104,70,26,-2.259066845219337,0.31095131931520803,-2.8685314310771446,-1.6496022593615294,-2.5700181645345452,0.0
24,6,34,-2.265662108794164,0.3054919659216952,-2.8644263620006867,-1.6668978555876417,-2.571154074715859,0.0
64,68,12,-2.137431785506325,0.44139698714242676,-3.0025698803054817,-1.2722936907071687,-2.5788287726487518,0.0
32,82,28,-2.19554994842806,0.38436504902805113,-2.94890544452304,-1.4421944523330796,-2.579914997456111,0.0
24,45,11,-2.1425582297654384,0.44463934393539284,-3.0140513438788084,-1.2710651156520685,-2.5871975737008315,0.0
104,80,56,-2.288040578897341,0.3041857410468907,-2.8842446313492465,-1.6918365264454351,-2.5922263199442317,0.0
60,82,56,-2.3206067904830583,0.2726339582526887,-2.854969348658328,-1.7862442323077885,-2.593240748735747,0.0
104,80,54,-2.3583567679409327,0.23518338164130775,-2.819316195957896,-1.8973973399239696,-2.5935401495822403,0.0
6,24,34,-2.2814345943585046,0.31312631220501486,-2.8951621662803335,-1.6677070224366755,-2.5945609065635193,0.0
64,6,38,-2.081594283894466,0.5181819961518481,-3.0972309963520885,-1.0659575714368439,-2.5997762800463144,0.0
60,43,49,-2.3379329325543883,0.26496399002533827,-2.8572623530040513,-1.8186035121047253,-2.6028969225797267,0.0
38,24,57,-1.9642618927589683,0.6417222695585204,-3.2220375410936684,-0.7064862444242683,-2.6059841623174886,0.0
36,6,12,-1.7745204873169222,0.8318488869580137,-3.404944305754629,-0.14409666887921535,-2.606369374274936,0.0
68,24,11,-2.234791174930115,0.37184018479011416,-2.9635979371187386,-1.505984412741491,-2.606631359720229,0.0
32,45,42,-2.2109621863615097,0.39859078317502744,-2.9922001213845633,-1.429724251338456,-2.609552969536537,0.0
32,24,38,-2.266990909266234,0.34874326818187645,-2.950527714902712,-1.5834541036297565,-2.6157341774481107,0.0
43,45,32,-2.409968294604672,0.2106677212537414,-2.822877028262005,-1.9970595609473387,-2.6206360158584134,0.0
64,43,56,-2.2287211227554384,0.39220922419529863,-2.997451202178224,-1.459991043332653,-2.620930346950737,0.0
64,60,10,-2.3076782103174263,0.3133428352832702,-2.9218301674726357,-1.6935262531622166,-2.6210210456006964,0.0
111,24,18,-2.2299412779476238,0.3913604746675559,-2.997007808296033,-1.4628747475992143,-2.62130175261518,0.0
36,6,25,-1.9487410123731366,0.6736533104803525,-3.269101500914627,-0.6283805238316458,-2.622394322853489,0.0
68,24,18,-2.1768301016490472,0.4473170533619938,-3.0535715262385548,-1.3000886770595395,-2.624147155011041,0.0
64,82,8,-2.3545620979531323,0.2703029053811955,-2.8843557925002754,-1.8247684034059892,-2.6248650033343277,0.0
32,45,18,-2.1676947533687585,0.4583668874213817,-3.0660938527146664,-1.2692956540228504,-2.62606164079014,0.0
36,64,2,-2.262711082958405,0.3677340946584639,-2.983469908488994,-1.5419522574278157,-2.6304451776168687,0.0
64,32,25,-2.3206061323142646,0.3116047541094581,-2.9313514503688025,-1.7098608142597267,-2.6322108864237226,0.0
82,24,39,-2.048988080254489,0.5901119762431479,-3.205607553691059,-0.8923686068179189,-2.639100056497637,0.0
99,45,57,-2.214162359549491,0.42520462549833965,-3.0475634255262367,-1.3807612935727454,-2.6393669850478307,0.0
82,43,9,-2.365511126933925,0.2763186118771146,-2.9070956062130695,-1.8239266476547802,-2.6418297388110394,0.0
6,6,35,-1.887806205156013,0.7584651309408778,-3.3743978618001336,-0.40121454851189253,-2.646271336096891,0.0
6,6,48,-1.8506992295131575,0.7973351633560151,-3.413476149690947,-0.287922309335368,-2.6480343928691727,0.0
64,99,2,-2.2106992098030207,0.43735134090241207,-3.0679078379717484,-1.353490581634293,-2.648050550705433,0.0
43,6,42,-2.326901394964538,0.32336986508072285,-2.9607063305227546,-1.6930964594063211,-2.650271260045261,0.0
99,82,33,-2.454752008854845,0.20451560896927606,-2.855602602434626,-2.053901415275064,-2.659267617824121,0.0
60,43,28,-2.3760107587005694,0.2841758999451303,-2.932995522593025,-1.819025994808114,-2.6601866586456997,0.0
117,24,25,-2.376331028597114,0.2839347424764825,-2.9328431238510198,-1.8198189333432082,-2.6602657710735964,0.0
64,82,12,-2.338152987496052,0.32517510840553465,-2.9754961999709,-1.7008097750212041,-2.6633280959015866,0.0
36,64,6,-2.2120746601773336,0.4635081408435024,-3.1205506162305983,-1.3035987041240689,-2.675582801020836,0.0
6,24,9,-2.410765026170693,0.2677187087105125,-2.9354936952432977,-1.8860363570980887,-2.6784837348812056,0.0
70,82,15,-2.3152443932588627,0.36900214517975627,-3.038488597811185,-1.5920001887065403,-2.684246538438619,0.0
104,32,15,-2.1378742706712104,0.5467145198744355,-3.2094347296251042,-1.0663138117173168,-2.684588790545646,0.0
60,82,52,-2.392262785719236,0.2933315348638681,-2.9671925940524173,-1.8173329773860547,-2.685594320583104,0.0
6,64,23,-2.3051020178116164,0.3808966303327965,-3.0516594132638977,-1.558544622359335,-2.685998648144413,0.0
64,68,8,-2.383555184858298,0.3034218927202439,-2.978262094589976,-1.78884827512662,-2.6869770775785415,0.0
64,43,37,-2.3542415354560458,0.33399031623085207,-3.0088625552685158,-1.6996205156435757,-2.688231851686898,0.0
64,60,50,-2.4769747052901008,0.23269297494763536,-2.933052936187466,-2.0208964743927353,-2.709667680237736,0.0
36,68,57,-2.2652137510963337,0.44729230080992277,-3.1419066606837824,-1.388520841508885,-2.7125060519062565,0.0
117,82,15,-2.4159322714224034,0.2990068583098342,-3.0019857137096784,-1.8298788291351284,-2.7149391297322376,0.0
104,70,18,-2.2852033199454103,0.43181314240865115,-3.1315570790663667,-1.438849560824454,-2.7170164623540614,0.0
70,43,20,-2.2653524563386807,0.4602197785669638,-3.1673832223299296,-1.3633216903474317,-2.7255722349056444,0.0
70,75,57,-2.2292672483446037,0.4965009808809563,-3.202409170871278,-1.2561253258179295,-2.72576822922556,0.0
24,6,41,-2.402041355629788,0.32526107086748174,-3.039553054530052,-1.7645296567295237,-2.72730242649727,0.0
99,82,35,-2.446474125085526,0.29518396299235267,-3.0250346925505376,-1.867913557620515,-2.741658088077879,0.0
117,82,36,-2.3915551900550236,0.35340825424512984,-3.084235368375478,-1.698875011734569,-2.7449634443001534,0.0
68,82,6,-2.400870214858664,0.3571316675011396,-3.1008482831608974,-1.7008921465564304,-2.7580018823598036,0.0
64,68,10,-2.3854038372518196,0.3738145510261496,-3.118080357263073,-1.6527273172405663,-2.759218388277969,0.0
111,82,4,-2.47255527733154,0.2884304072277675,-3.037878875497964,-1.9072316791651156,-2.7609856845593073,0.0
60,68,57,-2.396907873269682,0.37085494364258487,-3.123783562809148,-1.6700321837302157,-2.767762816912267,0.0
68,82,28,-2.4408064882196507,0.32764539847360524,-3.082991469227917,-1.7986215072113845,-2.768451886693256,0.0
36,68,21,-2.3406343026353658,0.43179961157055397,-3.1869615413136514,-1.4943070639570801,-2.77243391420592,0.0
36,64,33,-2.3726397653544864,0.40872833473204656,-3.1737473014292976,-1.5715322292796752,-2.781368100086533,0.0
32,24,58,-2.2557881584047172,0.5289348433158291,-3.2925004513037424,-1.2190758655056924,-2.7847230017205464,0.0
64,99,15,-2.3177007612835316,0.4793595806012274,-3.2572455392619375,-1.3781559833051258,-2.797060341884759,0.0
60,24,35,-2.3053281668344536,0.4968235546790653,-3.2791023340054215,-1.3315539996634858,-2.802151721513519,0.0
60,99,40,-2.475383310063113,0.3409323835358395,-3.1436107817933583,-1.8071558383328674,-2.8163156935989524,0.0
6,6,40,-2.050290838913763,0.7699542150949688,-3.5594011004999015,-0.5411805773276241,-2.8202450540087316,0.0
68,6,18,-2.4154271480343072,0.4078372488537211,-3.2147881557876006,-1.616066140281014,-2.823264396888028,0.0
64,43,21,-2.2898677576218915,0.5347447377430707,-3.33796744359831,-1.2417680716454729,-2.8246124953649625,0.0
36,64,12,-2.39001776558117,0.44438250049572886,-3.2610074665527984,-1.5190280646095413,-2.8344002660768988,0.0
24,6,55,-2.458632404233438,0.37740108506398984,-3.198338530958858,-1.718926277508018,-2.836033489297428,0.0
70,99,33,-2.4628010987040616,0.37470043431209554,-3.197213949955769,-1.7283882474523544,-2.837501533016157,0.0
68,43,48,-2.3584634131757345,0.4815824479289946,-3.3023650111165637,-1.414561815234905,-2.8400458611047292,0.0
68,45,5,-2.4916385607954457,0.3525346584973784,-3.1826064914503074,-1.800670630140584,-2.844173219292824,0.0
36,68,24,-2.531186621831023,0.31426277400720637,-3.1471416588851477,-1.9152315847768986,-2.845449395838229,0.0
36,24,55,-2.5051584014602977,0.3469769157791282,-3.185233156387389,-1.8250836465332063,-2.852135317239426,0.0
80,43,32,-2.625022128289758,0.2281620772598702,-3.0722197997191034,-2.1778244568604124,-2.853184205549628,0.0
64,60,42,-2.6162010728468137,0.24268764371748752,-3.0918688545330895,-2.140533291160538,-2.858888716564301,0.0
68,82,37,-2.5792996588419355,0.29127001623191767,-3.1501888906564943,-2.0084104270273766,-2.870569675073853,0.0
36,24,47,-2.579034311015114,0.2930239419177579,-3.1533612371739195,-2.004707384856309,-2.872058252932872,0.0
82,24,12,-2.4322780174450838,0.44467103321595025,-3.3038332425483463,-1.5607227923418212,-2.8769490506610342,0.0
68,43,53,-2.485722195412031,0.3946368053069635,-3.2592103338136793,-1.7122340570103827,-2.8803590007189945,0.0
36,68,48,-2.4425004707643674,0.44080278555374935,-3.306473930449716,-1.5785270110790188,-2.8833032563181167,0.0
36,64,45,-2.3521371076878697,0.5343352534673755,-3.3994342044839256,-1.3048400108918137,-2.886472361155245,0.0
60,82,41,-2.6107787076529543,0.2796973530635257,-3.1589855196574645,-2.062571895648444,-2.89047606071648,0.0
38,64,43,-2.5604218491811204,0.33011240061400227,-3.207442154384565,-1.913401543977676,-2.8905342497951225,0.0
24,45,32,-2.5355086222014327,0.3553207883378283,-3.2319373673435763,-1.839079877059289,-2.890829410539261,0.0
117,82,3,-2.584517001538023,0.3086364565562154,-3.1894444563882054,-1.9795895466878408,-2.8931534580942384,0.0
36,64,18,-2.483061043676441,0.4165397952833208,-3.2994790424317495,-1.6666430449211322,-2.8996008389597616,0.0
68,6,54,-2.4798708884085268,0.42840448662006564,-3.3195436821838555,-1.640198094633198,-2.9082753750285923,0.0
70,24,24,-2.4701944736644097,0.4390448814871113,-3.330722441379148,-1.6096665059496715,-2.909239355151521,0.0
6,43,11,-2.5870050277005467,0.3230384791338309,-3.220160446802855,-1.9538496085982382,-2.9100435068343775,0.0
6,43,6,-2.499918251975077,0.4101675375558229,-3.30384662558449,-1.695989878365664,-2.9100857895309,0.0
82,45,48,-2.5998566752675134,0.3107739096285447,-3.208973538139461,-1.990739812395566,-2.910630584896058,0.0
60,24,18,-2.4626068064736835,0.4480792297048373,-3.3408420966951646,-1.5843715162522023,-2.9106860361785207,0.0
24,45,47,-2.530021169805414,0.38493934986429124,-3.2845022955394247,-1.7755400440714029,-2.9149605196697053,0.0
36,64,15,-2.433149738661926,0.4819126430264922,-3.377698518993851,-1.4886009583300013,-2.9150623816884185,0.0
99,70,33,-2.5020480259913005,0.41637323530806114,-3.3181395671951,-1.6859564847875008,-2.9184212612993616,0.0
104,70,23,-2.6317981088163487,0.28684819996434235,-3.19402058074646,-2.0695756368862375,-2.918646308780691,0.0
24,6,47,-2.6204675046535417,0.3024072909037761,-3.213185794824943,-2.0277492144821405,-2.922874795557318,0.0
6,64,10,-2.3828246014450176,0.5404317919595614,-3.442070913685758,-1.3235782892042773,-2.923256393404579,0.0
36,43,11,-2.5987295451563686,0.33386128053911174,-3.2530976550130273,-1.9443614352997096,-2.9325908256954802,0.0
99,68,57,-2.6531602546623168,0.28625004002195614,-3.214210333105351,-2.0921101762192826,-2.939410294684273,0.0
6,104,9,-2.6563169365380364,0.2854670978925995,-3.2158324484075314,-2.0968014246685414,-2.941784034430636,0.0
6,36,31,-2.0965138328682045,0.8460854456141882,-3.7548413062720134,-0.43818635946439555,-2.9425992784823927,0.0
111,24,24,-2.631358307586457,0.31124182863431776,-3.2413922917097198,-2.021324323463194,-2.9426001362207748,0.0
64,6,33,-2.579188111453592,0.37819279476985207,-3.320445989202502,-1.837930233704682,-2.957380906223444,0.0
36,43,46,-2.5585845345112204,0.4058729475250641,-3.354095511660346,-1.7630735573620948,-2.9644574820362846,0.0
104,6,13,-2.674275549997324,0.29126595217355017,-3.245156816257482,-2.1033942837371655,-2.965541502170874,0.0
6,6,54,-2.2422387411885145,0.7243313969532555,-3.6619282792168955,-0.8225492031601336,-2.96657013814177,0.0
43,6,6,-2.5229134444793506,0.44397733688858165,-3.3931090247809705,-1.6527178641777307,-2.9668907813679324,0.0
99,43,42,-2.6856984444562793,0.28123494312567077,-3.236918932982594,-2.1344779559299645,-2.96693338758195,0.0
6,43,1,-2.6250445104067883,0.34191812308985164,-3.2952040316628977,-1.954884989150679,-2.96696263349664,0.0
32,24,6,-2.5596486362042965,0.40775220128724227,-3.358842950727291,-1.7604543216813018,-2.967400837491539,0.0
38,45,6,-2.6329041286377444,0.33692554081192094,-3.2932781886291096,-1.9725300686463794,-2.9698296694496653,0.0
64,43,10,-2.4458508453494745,0.527743172088694,-3.480227462643315,-1.4114742280556343,-2.9735940174381685,0.0
64,24,27,-2.6207866019588995,0.3532506198174742,-3.313157816801149,-1.92841538711665,-2.9740372217763738,0.0
64,6,45,-2.535311646036061,0.43933846942451177,-3.396415046108104,-1.6742082459640182,-2.974650115460573,0.0
104,70,56,-2.6057827760035224,0.3805093026682524,-3.351581009233297,-1.8599845427737476,-2.9862920786717746,0.0
111,82,25,-2.691416656522653,0.2988356069651033,-3.2771344461742555,-2.1056988668710503,-2.9902522634877564,0.0
38,64,5,-2.570662708241782,0.42595796853288187,-3.4055403265662303,-1.7357850899173337,-2.996620676774664,0.0
82,6,17,-2.462944193136913,0.5347853557765518,-3.5111234904589548,-1.4147648958148713,-2.9977295489134645,0.0
104,80,38,-2.729687311166843,0.2807583379880265,-3.279973653623375,-2.1794009687103113,-3.0104456491548697,0.0
36,43,1,-2.623893098099304,0.39052342840624593,-3.389319017775546,-1.8584671784230622,-3.01441652650555,0.0
68,82,56,-2.765124290121188,0.2552954329660282,-3.2655033387346033,-2.264745241507773,-3.0204197230872163,0.0
117,24,38,-2.645402797070374,0.37931472152702905,-3.388859651263351,-1.901945942877397,-3.024717518597403,0.0
36,24,23,-2.6585615183225535,0.3668967833532665,-3.3776792136949556,-1.9394438229501512,-3.02545830167582,0.0
82,45,57,-2.6762726555727196,0.34940634172374624,-3.3611090853512624,-1.991436225794177,-3.025678997296466,0.0
104,80,57,-2.692959696044628,0.33594713890124306,-3.351416088291064,-2.0345033037981914,-3.0289068349458708,0.0
70,24,58,-2.437904633320704,0.6009356081296386,-3.6157384252547957,-1.2600708413866122,-3.038840241450343,0.0
104,6,51,-2.6766687064549584,0.36428932997585334,-3.390675793207631,-1.9626616197022857,-3.0409580364308115,0.0
104,82,30,-2.5843580063454668,0.45699938002255386,-3.4800767911896724,-1.6886392215012611,-3.0413573863680208,0.0
80,43,38,-2.719584331171572,0.32325799344281625,-3.3531699983194923,-2.085998664023652,-3.0428423246143885,0.0
32,82,56,-2.7175340222809923,0.3347700761689335,-3.3736833715721017,-2.061384672989883,-3.052304098449926,0.0
111,80,48,-2.6204319432901717,0.43211249276434943,-3.4673724291082966,-1.7734914574720468,-3.052544436054521,0.0
64,82,21,-2.6811892943003137,0.3717557645219234,-3.4098305927632833,-1.952547995837344,-3.052945058822237,0.0
111,43,42,-2.7141108535524126,0.3417109246084593,-3.3838642657849927,-2.0443574413198324,-3.0558217781608716,0.0
36,104,51,-2.6311010993082906,0.42518634183620685,-3.464466329307256,-1.7977358693093253,-3.0562874411444976,0.0
117,24,18,-2.681682090522566,0.37525961416791287,-3.417190934291675,-1.9461732467534567,-3.0569417046904785,0.0
104,32,48,-2.3722589430168766,0.6866407749034095,-3.718074861827559,-1.026443024206194,-3.058899717920286,0.0
43,45,20,-2.609482425243265,0.4740994228305228,-3.5387172939910894,-1.6802475564954402,-3.0835818480737878,0.0
99,24,31,-2.8057736682088996,0.2800693105981236,-3.354709516981222,-2.2568378194365772,-3.0858429788070234,0.0
38,45,21,-2.71652013733451,0.3863962871646607,-3.473856860177245,-1.959183414491775,-3.1029164244991705,0.0
64,82,23,-2.817007306304357,0.29465424783466737,-3.394529632060305,-2.2394849805484087,-3.1116615541390242,0.0
64,68,1,-2.7710342657217644,0.34096109491384863,-3.4393180117529076,-2.102750519690621,-3.111995360635613,0.0
6,104,51,-2.737469923649003,0.3793170462100434,-3.480931334220688,-1.994008513077318,-3.1167869698590462,0.0
32,45,21,-2.5662930898699625,0.5512751052250228,-3.6467922961110073,-1.485793883628918,-3.1175681950949854,0.0
6,82,44,-2.7657720427729493,0.3618259848127593,-3.4749509730059573,-2.0565931125399413,-3.1275980275857087,0.0
99,82,40,-2.7890366240561253,0.3401221425499279,-3.455676023453984,-2.1223972246582665,-3.129158766606053,0.0
60,43,42,-2.8217651406499704,0.31389355996696555,-3.436996518185223,-2.206533763114718,-3.135658700616936,0.0
32,82,0,-2.7270147445442707,0.4200877063393142,-3.5503866489693268,-1.903642840119215,-3.147102450883585,0.0
60,82,25,-2.923029388061367,0.22962353094184002,-3.3730915087073736,-2.4729672674153607,-3.152652919003207,0.0
6,6,39,-2.4568673914485597,0.6982622752035766,-3.8254614508475697,-1.0882733320495495,-3.1551296666521362,0.0
104,70,7,-2.8596431027510247,0.3154465697155598,-3.4779183793935218,-2.2413678261085277,-3.1750896724665845,0.0
80,43,24,-2.823184813655477,0.35273902654676464,-3.514553305687136,-2.1318163216238184,-3.1759238402022416,0.0
24,43,45,-2.616950467701969,0.569482844946522,-3.733136843797152,-1.5007640916067857,-3.1864333126484907,0.0
6,24,46,-2.7918696809797448,0.396543426136466,-3.569094796207218,-2.0146445657522714,-3.1884131071162107,0.0
64,68,40,-2.8479675940612674,0.3508192368763457,-3.535573298338905,-2.16036188978363,-3.198786830937613,0.0
111,82,10,-2.758570647331239,0.4470081881914512,-3.634706696186483,-1.8824345984759947,-3.20557883552269,0.0
99,43,55,-2.888256724700507,0.32091183016473496,-3.517243911823387,-2.2592695375776266,-3.2091685548652418,0.0
32,82,22,-2.871613829331592,0.34948926357863747,-3.5566127859457213,-2.1866148727174624,-3.221103092910229,0.0
24,45,8,-2.877962127106467,0.36000813852628044,-3.5835780786179763,-2.1723461755949574,-3.237970265632747,0.0
111,80,43,-2.8906605884407024,0.3481388796982564,-3.573012792649285,-2.2083083842321196,-3.238799468138959,0.0
6,43,52,-2.7909904499256313,0.4527577282213352,-3.678395597239448,-1.9035853026118144,-3.2437481781469666,0.0
64,82,56,-2.938839758281137,0.3071117940498178,-3.54077887461878,-2.3369006419434943,-3.245951552330955,0.0
82,43,22,-2.852033964445194,0.3984640609562519,-3.633023523919448,-2.07104440497094,-3.2504980254014457,0.0
6,43,55,-2.8855371800033898,0.36714887271890273,-3.605148970532439,-2.1659253894743404,-3.2526860527222925,0.0
32,82,41,-2.867873905561318,0.3903665133276939,-3.632992271683598,-2.1027555394390376,-3.2582404188890117,0.0
43,45,31,-2.833200538126963,0.43731205089233216,-3.6903321578759343,-1.976068918377992,-3.270512589019295,0.0
60,82,26,-2.904659594958563,0.36829208464497415,-3.626512080862712,-2.182807109054414,-3.272951679603537,0.0
24,6,46,-2.8537597880943117,0.4257974340827209,-3.6883227588964447,-2.019196817292179,-3.279557222177033,0.0
60,82,23,-2.997920813391106,0.2838963306998033,-3.554357621562721,-2.4414840052194915,-3.2818171440909096,0.0
60,68,58,-2.848220948184704,0.43510765121516864,-3.7010319445664344,-1.9954099518029735,-3.283328599399873,0.0
43,6,50,-2.89311177685209,0.3911614476886022,-3.6597882143217504,-2.1264353393824296,-3.284273224540692,0.0
60,82,49,-3.0245829860295728,0.2605748379561434,-3.535309668423614,-2.5138563036355315,-3.285157823985716,0.0
36,82,14,-2.885989738908648,0.4031632485638652,-3.676189706093824,-2.095789771723472,-3.289152987472513,0.0
38,45,43,-2.876374390480731,0.42434776959973936,-3.70809601889622,-2.044652762065242,-3.3007221600804706,0.0
32,82,1,-2.994142166383934,0.3070046210004316,-3.59587122354478,-2.392413109223088,-3.3011467873843654,0.0
64,82,52,-2.9782476184186177,0.3255752848687991,-3.616375176761464,-2.3401200600757717,-3.3038229032874167,0.0
6,82,47,-2.878661629191684,0.43212599548120445,-3.7256285803348446,-2.031694678048523,-3.310787624672888,0.0
64,43,0,-2.864713077660008,0.448415620063443,-3.743607692984356,-1.9858184623356596,-3.313128697723451,0.0
24,45,17,-2.8409116557470337,0.47709229680261195,-3.7760125574801533,-1.9058107540139142,-3.318003952549646,0.0
68,24,42,-2.8852137878183015,0.43388494744981226,-3.7356282848199336,-2.0347992908166694,-3.319098735268114,0.0
6,43,41,-3.0093174350944443,0.3243554149514051,-3.6450540483991984,-2.37358082178969,-3.3336728500458492,0.0
6,82,14,-2.875034036300601,0.464962166453118,-3.7863598825487124,-1.9637081900524898,-3.339996202753719,0.0
64,82,40,-3.058420396643124,0.3091297709076516,-3.664314747622121,-2.452526045664127,-3.3675501675507755,0.0
111,68,20,-2.9025827960509925,0.4655099976280647,-3.8149823914019994,-1.9901832006999856,-3.368092793679057,0.0
104,60,44,-2.953834900348702,0.4174639740243092,-3.772064289436348,-2.1356055112610557,-3.3712988743730112,0.0
43,6,49,-3.0206152570517437,0.3582905945159,-3.722864822302908,-2.3183656918005795,-3.3789058515676436,0.0
32,24,5,-2.9570151062861982,0.4335062380211214,-3.8066873328075963,-2.1073428797648,-3.3905213443073197,0.0
80,43,5,-3.0395893600175743,0.355071866176799,-3.7355302177241003,-2.3436485023110483,-3.394661226194373,0.0
6,82,42,-3.0751151545454576,0.31978488668254096,-3.701893532443238,-2.448336776647677,-3.3949000412279986,0.0
60,82,46,-3.1245894539056773,0.28030127495296886,-3.673979952813496,-2.5751989549978584,-3.4048907288586463,0.0
80,24,5,-2.913705409206947,0.5024249579770879,-3.8984583268420394,-1.928952491571855,-3.416130367184035,0.0
36,43,34,-3.0898100789743532,0.32746022357293203,-3.7316321171773,-2.4479880407714063,-3.4172703025472853,0.0
36,104,53,-3.104226434556071,0.3293548749841851,-3.749761989525074,-2.458690879587068,-3.433581309540256,0.0
111,60,21,-3.0303203309606097,0.406129314666138,-3.82633378770624,-2.234306874214979,-3.4364496456267477,0.0
36,82,1,-2.9140200934248783,0.5238922907898296,-3.9408489833729443,-1.8871912034768124,-3.437912384214708,0.0
64,6,5,-3.0311949373209197,0.41343794135141493,-3.841533302369693,-2.2208565722721465,-3.444632878672335,0.0
36,68,58,-2.9587467264906278,0.4902034136825021,-3.9195454173083317,-1.9979480356729238,-3.44895014017313,0.0
36,24,56,-3.0770978858457525,0.3733993038731157,-3.808960521437059,-2.345235250254446,-3.450497189718868,0.0
36,43,56,-3.0837967752513187,0.37777520648333185,-3.824236179958649,-2.3433573705439885,-3.4615719817346506,0.0
38,82,48,-3.0402736038238203,0.4250236769090808,-3.8733200105656187,-2.207227197082022,-3.465297280732901,0.0
43,6,34,-3.1467154783334754,0.3194714746367389,-3.7728795686214838,-2.520551388045467,-3.4661869529702143,0.0
36,43,23,-3.1241351547204097,0.34755706000945064,-3.805346992338933,-2.4429233171018865,-3.4716922147298606,0.0
68,24,51,-2.980141618970344,0.4946858200584904,-3.9497258262849853,-2.010557411655703,-3.4748274390288345,0.0
64,6,21,-2.985673698238696,0.48932430668235766,-3.944749339336117,-2.026598057141275,-3.4749980049210536,0.0
104,6,53,-3.09957729875677,0.38181345654438137,-3.8479316735837577,-2.3512229239297824,-3.4813907553011516,0.0
60,43,4,-3.0873919121025812,0.4081816439994647,-3.887427934341532,-2.2873558898636306,-3.495573556102046,0.0
24,43,18,-3.0136467610586455,0.5011823253758758,-3.995964118795362,-2.031329403321929,-3.5148290864345215,0.0
104,6,12,-3.055441259082903,0.46231484619450874,-3.9615783576241403,-2.149304160541666,-3.517756105277412,0.0
43,6,2,-3.110609837098838,0.40725012524768117,-3.908820082584293,-2.312399591613383,-3.517859962346519,0.0
32,24,20,-2.9454446234952183,0.57271970827483,-4.067975251713885,-1.8229139952765516,-3.5181643317700484,0.0
104,70,58,-3.167430584422262,0.35677702893835767,-3.8667135611414434,-2.468147607703081,-3.5242076133606197,0.0
117,24,5,-3.1551133027850233,0.3778974530616864,-3.8957923107859287,-2.414434294784118,-3.5330107558467096,0.0
24,43,12,-3.1332585781605955,0.4011325275404411,-3.9194783321398603,-2.3470388241813307,-3.5343911057010367,0.0
6,43,23,-3.218659199865116,0.31753952051927226,-3.8410366600828896,-2.5962817396473428,-3.5361987203843883,0.0
6,24,56,-3.11857724834676,0.42097723031719364,-3.9436926197684596,-2.2934618769250608,-3.5395544786639537,0.0
68,82,2,-3.209405994586922,0.33023785617861706,-3.8566721926970113,-2.5621397964768327,-3.5396438507655392,0.0
64,43,24,-3.1072614704940493,0.43252255049685306,-3.9550056694678815,-2.259517271520217,-3.5397840209909024,0.0
82,24,28,-3.140314948808543,0.40695029155722756,-3.937937520260709,-2.342692377356377,-3.5472652403657703,0.0
82,43,32,-3.243832928885646,0.31876756350960045,-3.868617353364463,-2.619048504406829,-3.5626004923952466,0.0
111,82,55,-3.2158265252923286,0.35129139103029,-3.904357651711697,-2.52729539887296,-3.5671179163226188,0.0
104,6,6,-3.091976782316196,0.4774050694785732,-4.0276907184942,-2.1562628461381927,-3.5693818517947693,0.0
43,45,15,-3.153525393955479,0.41819404003197513,-3.97318571241815,-2.333865075492808,-3.5717194339874543,0.0
6,64,21,-3.098172329475601,0.48382517325366065,-4.046469669052776,-2.149874989898426,-3.5819975027292617,0.0
60,99,57,-3.1706315255954505,0.413790233358433,-3.9816603829779793,-2.3596026682129216,-3.5844217589538836,0.0
117,24,48,-3.103445115230901,0.49244839031902665,-4.0686439602561935,-2.1382462702056086,-3.5958935055499275,0.0
82,6,12,-3.131338785892918,0.47202451694144565,-4.056506839098152,-2.2061707326876845,-3.6033633028343637,0.0
6,82,1,-3.0252760830087313,0.5837630824393706,-4.169451724589898,-1.881100441427565,-3.609039165448102,0.0
60,99,5,-3.231330485833097,0.3915427123660059,-3.9987542020704687,-2.4639067695957255,-3.622873198199103,0.0
111,60,57,-3.1914227180398207,0.4327271311194403,-4.039567895033923,-2.3432775410457176,-3.624149849159261,0.0
24,43,16,-2.944215379261979,0.6799389022493718,-4.276895627670748,-1.6115351308532102,-3.624154281511351,0.0
111,43,5,-3.262365702677624,0.38006889713056363,-4.007300741053529,-2.5174306643017195,-3.6424345998081877,0.0
117,82,40,-3.3087685537505145,0.3409279533503527,-3.976987342317206,-2.640549765183823,-3.649696507100867,0.0
38,64,20,-3.16863884441748,0.49835438109192726,-4.145413431357658,-2.1918642574773024,-3.6669932255094073,0.0
6,64,58,-3.107803375448137,0.5606745780161543,-4.206725548359799,-2.008881202536475,-3.6684779534642913,0.0
82,6,8,-3.3058808432783633,0.3721813498511591,-4.035356288986635,-2.5764053975700913,-3.6780621931295223,0.0
6,43,26,-3.2305894373900723,0.4531230257584231,-4.118710567876581,-2.3424683069035632,-3.6837124631484954,0.0
64,24,17,-3.2488816979171724,0.4399425166947203,-4.111169030638824,-2.3865943651955206,-3.6888242146118926,0.0
36,82,39,-3.238595277085323,0.4520090393668761,-4.1245329942444,-2.3526575599262456,-3.690604316452199,0.0
80,43,50,-3.2949401815054986,0.41036379771832554,-4.099253225033417,-2.4906271379775804,-3.705303979223824,0.0
104,60,23,-3.31677135069203,0.3978144627685662,-4.09648769771842,-2.5370550036656407,-3.7145858134605962,0.0
24,6,36,-3.1213901034286864,0.6000810936397161,-4.29754904696253,-1.9452311598948429,-3.7214711970684027,0.0
64,68,2,-3.4160856781957296,0.3159982043853454,-4.035442158791007,-2.7967291976004525,-3.732083882581075,0.0
82,24,41,-3.3365596332639966,0.3964301047293716,-4.113562638533565,-2.559556627994428,-3.732989737993368,0.0
99,82,48,-3.385899401317611,0.3534842043324715,-4.078728441809255,-2.693070360825967,-3.739383605650082,0.0
64,60,31,-3.471775107790821,0.2688984064402188,-3.99881598441365,-2.9447342311679923,-3.74067351423104,0.0
99,82,58,-3.3365412833429207,0.40587329803473676,-4.132052947491005,-2.5410296191948367,-3.7424145813776573,0.0
104,80,15,-3.3352974530457877,0.4156082188003032,-4.149889561894382,-2.5207053441971934,-3.750905671846091,0.0
36,104,11,-3.4053442817678867,0.3473090214666162,-4.086069963842455,-2.724618599693319,-3.752653303234503,0.0
104,70,49,-3.395324363841795,0.3758125999990152,-4.131917059839864,-2.658731667843725,-3.77113696384081,0.0
60,24,53,-3.3026956996155663,0.47025231800180917,-4.224390242899112,-2.3810011563320206,-3.7729480176173755,0.0
6,82,50,-3.288368810479409,0.48783882614593926,-4.24453290972545,-2.332204711233368,-3.7762076366253483,0.0
104,82,12,-3.3087838302714156,0.47240158580357355,-4.23469093844642,-2.3828767220964115,-3.7811854160749894,0.0
82,6,6,-3.2807940990713966,0.5187077964564202,-4.297461380125981,-2.264126818016813,-3.7995018955278166,0.0
104,60,12,-3.2410849836943307,0.5663109800697481,-4.351054504631037,-2.1311154627576245,-3.807395963764079,0.0
99,43,20,-3.3845984964031484,0.42475669892995943,-4.217121626305869,-2.5520753665004277,-3.809355195333108,0.0
36,24,40,-3.4189767991788966,0.3965410550077984,-4.196197266994181,-2.6417563313636117,-3.815517854186695,0.0
64,6,25,-3.462387581353035,0.35935981295586383,-4.166732814746529,-2.758042347959542,-3.821747394308899,0.0
32,82,7,-3.414320970051062,0.41729650387033573,-4.23222211763692,-2.5964198224652044,-3.8316174739213977,0.0
80,43,31,-3.4418575834131246,0.3938375734301295,-4.213779227336178,-2.669935939490071,-3.8356951568432542,0.0
111,104,13,-3.0017190850653406,0.8384321930610007,-4.645046183464902,-1.3583919866657792,-3.840151278126341,0.0
32,43,18,-3.077326747443412,0.765101649017803,-4.576925979518306,-1.577727515368518,-3.842428396461215,0.0
60,82,50,-3.4849620004185695,0.3582054252885036,-4.187044633984036,-2.7828793668531024,-3.843167425707073,0.0
82,45,58,-3.4432352853887185,0.40281719019521417,-4.232756978171338,-2.6537135926060986,-3.8460524755839325,0.0
68,24,1,-3.4125799063649027,0.43914575222602864,-4.273305580727919,-2.5518542320018867,-3.851725658590931,0.0
104,70,1,-3.5046826594305864,0.3770438539950049,-4.243688613260796,-2.765676705600377,-3.8817265134255914,0.0
64,43,40,-3.4109045201897192,0.4728316010307526,-4.337654458209994,-2.4841545821694444,-3.8837361212204717,0.0
104,70,16,-3.514542497863872,0.385486898968971,-4.270096819843055,-2.7589881758846886,-3.900029396832843,0.0
111,24,55,-3.5066508030252153,0.39766895861268037,-4.286081961906069,-2.7272196441443617,-3.9043197616378955,0.0
68,82,18,-3.393120947523611,0.5122849577990095,-4.3971994648096695,-2.389042430237552,-3.9054059053226204,0.0
99,82,43,-3.5824710497278236,0.32714884458594495,-4.223682785116276,-2.9412593143393715,-3.9096198943137686,0.0
43,6,36,-3.395501406869085,0.527146311355511,-4.428708177125887,-2.3622946366122832,-3.922647718224596,0.0
6,43,0,-3.4878779493965903,0.438039548484086,-4.346435464425399,-2.6293204343677816,-3.9259174978806763,0.0
43,6,4,-3.4789154839805043,0.4646939781240669,-4.3897156811036755,-2.568115286857333,-3.943609462104571,0.0
68,82,15,-3.5394520180836158,0.4092300616624102,-4.34154293894194,-2.7373610972252918,-3.948682079746026,0.0
32,43,46,-3.1580233202174557,0.7916371446523972,-4.709632123736155,-1.6064145166987571,-3.949660464869853,0.0
111,82,48,-3.59373585963131,0.3564742161948409,-4.292425323373198,-2.8950463958894215,-3.950210075826151,0.0
6,24,43,-3.538411857462809,0.419753953398954,-4.361129606124759,-2.7156941088008595,-3.9581658108617632,0.0
60,24,43,-3.579192891929142,0.38880248366644793,-4.34124575991538,-2.817140023942904,-3.96799537559559,0.0
82,6,50,-3.425552283395105,0.5427613322318581,-4.489364494569546,-2.361740072220663,-3.968313615626963,0.0
24,6,10,-3.5593741219863158,0.4098443208747667,-4.3626689909008585,-2.756079253071773,-3.9692184428610826,0.0
117,82,58,-3.5912922204597595,0.37916724340201446,-4.334460017527708,-2.8481244233918113,-3.970459463861774,0.0
6,64,31,-3.473012260082637,0.5042192245514139,-4.461281940203408,-2.484742579961866,-3.977231484634051,0.0
60,43,53,-3.5382148293079387,0.4438851372531021,-4.408229698324019,-2.668199960291859,-3.982099966561041,0.0
104,6,42,-3.570995838876263,0.4300586199958306,-4.413910734068091,-2.728080943684435,-4.001054458872094,0.0
64,82,55,-3.6010537370855387,0.41311404902346005,-4.41075727317152,-2.791350200999557,-4.014167786108999,0.0
104,70,57,-3.5556787209269647,0.46571497755193964,-4.468480076928766,-2.642877364925163,-4.021393698478905,0.0
117,24,31,-3.6160554550036186,0.4066459673375381,-4.4130815509851935,-2.8190293590220437,-4.022701422341156,0.0
6,24,1,-3.544675514876824,0.49234349000172717,-4.5096687552802095,-2.5796822744734387,-4.037019004878552,0.0
32,82,36,-3.5034685685852285,0.5355224746786428,-4.553092618955368,-2.4538445182150888,-4.038991043263871,0.0
82,6,3,-3.5658746690884593,0.4760812436782871,-4.498993906697902,-2.6327554314790165,-4.041955912766746,0.0
36,43,10,-3.5763962918651804,0.4737776269742446,-4.505000440734699,-2.647792142995661,-4.050173918839425,0.0
60,82,38,-3.6414707596989584,0.4129186318090768,-4.450791278044749,-2.832150241353168,-4.054389391508035,0.0
32,43,32,-3.307662529551056,0.7532161545882111,-4.78396619254395,-1.8313588665581622,-4.060878684139267,0.0
104,82,3,-3.689173642992434,0.37393234170641426,-4.422081032737006,-2.956266253247862,-4.063105984698849,0.0
104,60,40,-3.666350898738411,0.42092746025194056,-4.491368720832214,-2.841333076644607,-4.087278358990352,0.0
104,82,42,-3.5951262857171185,0.49659894919156655,-4.568460226132589,-2.621792345301648,-4.091725234908685,0.0
60,43,31,-3.751591191400538,0.3550996799784576,-4.447586564158315,-3.055595818642761,-4.106690871378996,0.0
6,24,0,-3.677119275708708,0.4399004542761516,-4.5393241660899655,-2.8149143853274508,-4.11701972998486,0.0
104,6,39,-3.752651431277275,0.3690116353748015,-4.475914236611886,-3.029388625942664,-4.121663066652077,0.0
36,24,24,-3.7189113581367454,0.40445466391253365,-4.511642499405311,-2.9261802168681794,-4.123366022049279,0.0
111,60,48,-3.6749826584152894,0.4488416521652288,-4.554712296659138,-2.795253020171441,-4.123824310580519,0.0
82,43,55,-3.7708392881377915,0.3600578970967635,-4.476552766447448,-3.065125809828135,-4.130897185234555,0.0
32,43,47,-3.346875770927631,0.7843242756345745,-4.884151351171397,-1.8096001906838648,-4.131200046562205,0.0
104,45,50,-3.710087335826492,0.4541171211913778,-4.600156893361593,-2.8200177782913913,-4.16420445701787,0.0
36,104,50,-3.751656360326537,0.41383433615624343,-4.562771659192775,-2.9405410614603,-4.165490696482781,0.0
36,104,28,-3.8016739634319503,0.3784797206472027,-4.543494215900467,-3.059853710963433,-4.180153684079153,0.0
68,24,24,-3.7398989337013795,0.4571290929183253,-4.6358719558212975,-2.843925911581462,-4.197028026619705,0.0
64,6,20,-3.727553332564108,0.4714382064718808,-4.651572217248995,-2.8035344478792217,-4.198991539035989,0.0
104,60,58,-3.817379554931076,0.4066162123963472,-4.614347331227917,-3.0204117786342355,-4.223995767327423,0.0
82,6,0,-3.79673572589575,0.42753717914808914,-4.6347085970260045,-2.9587628547654954,-4.224272905043839,0.0
6,43,38,-3.774515448340262,0.45668985005442203,-4.6696275544469295,-2.8794033422335947,-4.231205298394684,0.0
104,24,18,-3.7095284469069627,0.5236365504916499,-4.735856085870596,-2.683200807943329,-4.233164997398613,0.0
60,99,43,-3.730122078532142,0.5156347216331735,-4.740766132933162,-2.7194780241311216,-4.245756800165315,0.0
36,82,0,-3.8322019306091533,0.4157564074420575,-4.647084489195586,-3.0173193720227207,-4.247958338051211,0.0
82,6,46,-3.7213568776863237,0.5270371602508271,-4.7543497117779445,-2.6883640435947025,-4.2483940379371505,0.0
32,43,3,-3.5079701775278047,0.7448032787445641,-4.96778460386715,-2.0481557511884594,-4.252773456272369,0.0
64,68,57,-3.88657293793034,0.37045417791663676,-4.612663126646948,-3.160482749213732,-4.257027115846977,0.0
104,60,3,-3.689046317247725,0.5738247914750755,-4.813742908538873,-2.5643497259565766,-4.2628711087228,0.0
111,60,5,-3.832469020175342,0.43231477999003337,-4.679805988955807,-2.9851320513948765,-4.264783800165375,0.0
6,104,14,-3.8542539869341463,0.4131665429916052,-4.664060411197693,-3.0444475626706002,-4.267420529925752,0.0
64,24,50,-3.8293681972748117,0.44391855422853377,-4.699448563562738,-2.9592878309868853,-4.2732867515033455,0.0
68,24,25,-3.8009333440390902,0.4742219203269674,-4.730408307879946,-2.8714583801982343,-4.275155264366058,0.0
6,104,19,-3.759892429216854,0.5183873430730076,-4.775931621639948,-2.743853236793759,-4.278279772289862,0.0
60,99,20,-3.76401787937093,0.5182541685002818,-4.779796049631482,-2.7482397091103774,-4.282272047871212,0.0
64,82,48,-3.907361152562243,0.3921227980835605,-4.675921836806022,-3.1388004683184647,-4.299483950645803,0.0
36,24,48,-3.8515232008307905,0.46628236220859276,-4.765436630759632,-2.9376097709019486,-4.317805563039383,0.0
24,6,4,-3.806798814440997,0.5217663477917592,-4.829460856112846,-2.784136772769149,-4.328565162232756,0.0
70,24,5,-3.7197548729535117,0.6113305643117584,-4.917962779004558,-2.5215469669024655,-4.33108543726527,0.0
82,6,16,-3.8109244105305056,0.5256783941273302,-4.841254063020073,-2.7805947580409383,-4.3366028046578355,0.0
6,43,21,-3.813311463238744,0.525573988110387,-4.843436479935102,-2.7831864465423855,-4.338885451349131,0.0
36,82,16,-3.7083678268034688,0.631009790599936,-4.945147016379344,-2.471588637227594,-4.339377617403405,0.0
104,70,10,-3.864804815768642,0.47684178484755924,-4.799414714069858,-2.9301949174674258,-4.341646600616201,0.0
6,104,33,-3.918816613971947,0.4283442411337456,-4.758371326594088,-3.0792619013498057,-4.347160855105693,0.0
43,6,45,-3.878903574261229,0.47496103056669314,-4.809827194171947,-2.9479799543505103,-4.353864604827923,0.0
36,104,17,-3.923696764828607,0.44002538518758116,-4.786146519796266,-3.0612470098609483,-4.363722150016188,0.0
24,43,7,-3.750651472299367,0.6318995844575431,-4.989174657836152,-2.5121282867625827,-4.382551056756911,0.0
104,82,8,-3.909771120051834,0.4739140572459879,-4.83864267225397,-2.980899567849698,-4.383685177297822,0.0
36,104,14,-3.9436700030469223,0.44948147470289923,-4.8246536934646045,-3.06268631262924,-4.3931514777498215,0.0
6,104,17,-3.9568901755200026,0.4368611379914988,-4.81313800598334,-3.1006423450566647,-4.393751313511501,0.0
111,82,43,-4.073110600238929,0.3287662039021564,-4.717492359887155,-3.428728840590702,-4.401876804141085,0.0
104,68,12,-3.8946058749163925,0.5184416397492386,-4.9107514888249,-2.878460261007885,-4.413047514665632,0.0
104,45,28,-3.749857806836749,0.6671848603023754,-5.057540133029405,-2.442175480644093,-4.417042667139125,0.0
6,24,48,-4.011819260359724,0.4204639968349999,-4.8359286941563235,-3.187709826563124,-4.432283257194724,0.0
36,24,38,-3.9955623437744476,0.45137160409326005,-4.880250687797237,-3.110873999751658,-4.4469339478677075,0.0
6,82,16,-3.8770112368261596,0.5796976602590584,-5.013218650933914,-2.740803822718405,-4.456708897085218,0.0
6,82,15,-3.965349675933014,0.5047292115915651,-4.954618930652481,-2.9760804212135463,-4.470078887524579,0.0
104,45,47,-3.95858125778045,0.5194546561434732,-4.976712383821657,-2.940450131739243,-4.478035913923923,0.0
36,104,41,-4.083694726431001,0.4013227646574275,-4.870287345159559,-3.297102107702443,-4.485017491088429,0.0
6,104,22,-4.069307368219396,0.41815374800611577,-4.888888714311382,-3.2497260221274087,-4.487461116225512,0.0
24,6,54,-4.077770324383412,0.41416272364350193,-4.889529262724675,-3.2660113860421482,-4.4919330480269135,0.0
104,82,23,-4.086384802386568,0.417413407318417,-4.904515080730665,-3.2682545240424705,-4.503798209704985,0.0
68,24,0,-3.995883549117103,0.5280482735857872,-5.030858165345246,-2.9609089328889597,-4.52393182270289,0.0
82,24,53,-4.014307168314546,0.5545913612785656,-5.101306236420534,-2.9273081002085575,-4.5688985295931115,0.0
43,6,40,-4.08996703708639,0.485218223695928,-5.040994755530408,-3.138939318642371,-4.575185260782318,0.0
68,82,10,-4.122788709373487,0.4530968514754276,-5.010858538265325,-3.234718880481649,-4.575885560848914,0.0
104,45,46,-4.08315645380979,0.49494117100503304,-5.053241148979655,-3.1130717586399257,-4.5780976248148235,0.0
32,43,53,-3.7166532547048843,0.8615342959092868,-5.405260474687086,-2.0280460347226823,-4.578187550614171,0.0
60,24,15,-4.074722776671267,0.507182202836495,-5.068799894230797,-3.0806456591117373,-4.581904979507762,0.0
6,104,52,-4.164228670037845,0.4211865542679246,-4.989754316402977,-3.338703023672713,-4.58541522430577,0.0
6,24,38,-4.1032903975839154,0.48256726930801935,-5.049122245427633,-3.1574585497401975,-4.585857666891934,0.0
104,68,58,-4.162773056054425,0.44022501497942157,-5.025614085414091,-3.2999320266947585,-4.602998071033847,0.0
36,43,57,-4.071119984047305,0.5320782649430845,-5.113993383335751,-3.0282465847588598,-4.60319824899039,0.0
6,24,5,-4.2125169703934695,0.3954579412558548,-4.987614535254945,-3.437419405531994,-4.6079749116493245,0.0
104,43,44,-3.8409591174107867,0.7757346655550729,-5.361399061898729,-2.320519172922844,-4.61669378296586,0.0
60,24,58,-4.07427695560485,0.559502094068105,-5.170901059978336,-2.9776528512313636,-4.633779049672954,0.0
104,6,1,-4.234042818579318,0.42297848613857814,-5.063080651410931,-3.4050049857477047,-4.657021304717896,0.0
82,43,1,-4.225292397344255,0.43850458194045794,-5.084761377947553,-3.365823416740957,-4.6637969792847125,0.0
82,6,26,-4.149889904676325,0.5244351911127165,-5.177782879257249,-3.1219969300954005,-4.674325095789041,0.0
6,104,1,-4.199077869965088,0.48353469339265137,-5.146805869014685,-3.2513498709154915,-4.68261256335774,0.0
104,60,28,-4.234924116808808,0.45238842534687496,-5.1216054304886836,-3.3482428031289335,-4.687312542155683,0.0
82,43,24,-4.268022256472881,0.4297081218046119,-5.110250175209921,-3.425794337735842,-4.697730378277493,0.0
104,68,39,-4.125712509677689,0.5728232790259585,-5.248446136568568,-3.0029788827868105,-4.698535788703648,0.0
36,82,38,-4.0915837856757795,0.6223467566962632,-5.311383428800456,-2.8717841425511037,-4.713930542372043,0.0
104,45,8,-4.105639450165313,0.6179836078619944,-5.316887321574822,-2.894391578755804,-4.723623058027307,0.0
36,43,25,-4.3052126211714885,0.4268323722256977,-5.141804070733856,-3.468621171609121,-4.732044993397186,0.0
64,43,5,-4.3323732596236955,0.4194663663294495,-5.154527337629417,-3.510219181617974,-4.751839625953145,0.0
104,45,40,-4.269359992571379,0.48780493551650733,-5.2254576661837335,-3.3132623189590253,-4.757164928087887,0.0
104,45,51,-4.023924788227443,0.7358708304796183,-5.466231615967495,-2.5816179604873914,-4.759795618707062,0.0
64,82,10,-4.339178743916343,0.45543962153936124,-5.231840402133491,-3.4465170856991953,-4.794618365455705,0.0
82,43,25,-4.243690812763115,0.5551328417962259,-5.3317511826837185,-3.1556304428425124,-4.7988236545593415,0.0
36,82,36,-4.256987804187635,0.5537974405851516,-5.342430787734532,-3.1715448206407384,-4.810785244772787,0.0
36,43,54,-4.373004625630856,0.4381146043061045,-5.231709250070821,-3.5143000011908914,-4.811119229936961,0.0
32,43,58,-4.114399246292451,0.7070033995900329,-5.500125909488915,-2.7286725830959866,-4.821402645882484,0.0
104,6,2,-4.335068453534824,0.4880794048245329,-5.291704086990908,-3.3784328200787392,-4.8231478583593566,0.0
6,82,36,-4.287091790995007,0.539071158525201,-5.343671261704401,-3.2305123202856123,-4.826162949520207,0.0
36,82,4,-4.2634850071793835,0.5651535785257292,-5.371186021089812,-3.155783993268954,-4.828638585705113,0.0
6,43,54,-4.391749636238629,0.44176849083052605,-5.25761587826646,-3.5258833942107977,-4.833518127069155,0.0
82,43,43,-4.38147391539257,0.4621423949123616,-5.287273009420799,-3.4756748213643416,-4.843616310304932,0.0
82,6,36,-4.309931837353711,0.5415915404248755,-5.371451256586467,-3.2484124181209557,-4.851523377778587,0.0
6,104,7,-4.414434756084589,0.45029463589818414,-5.29701224244503,-3.531857269724148,-4.864729391982773,0.0
82,6,49,-4.417248529830052,0.46073288779470306,-5.32028498990767,-3.5142120697524337,-4.8779814176247545,0.0
43,6,54,-4.473219554243483,0.4278485042305739,-5.311802622535408,-3.6346364859515585,-4.901068058474057,0.0
6,104,46,-4.440385486200888,0.46817471860310234,-5.358007934662968,-3.522763037738807,-4.90856020480399,0.0
104,45,22,-4.329317942309212,0.5799793553973148,-5.466077478887948,-3.1925584057304746,-4.909297297706527,0.0
36,104,2,-4.468432078222831,0.45822993166136883,-5.366562744279114,-3.5703014121665477,-4.9266620098841996,0.0
104,43,27,-4.101316877728013,0.8442818951133162,-5.756109392150112,-2.446524363305913,-4.945598772841329,0.0
104,82,19,-4.512169653607277,0.43722721679332927,-5.3691349985222026,-3.6552043086923516,-4.949396870400606,0.0
82,6,41,-4.509395631213819,0.44001294953692216,-5.371821012306186,-3.646970250121451,-4.949408580750741,0.0
36,24,57,-4.351808200411777,0.6007424071777157,-5.529263318480099,-3.1743530823434547,-4.952550607589493,0.0
82,24,24,-4.421735286923829,0.5350154175792741,-5.470365505379206,-3.3731050684684516,-4.9567507045031025,0.0
104,60,52,-4.481289026164647,0.5102035332776157,-5.481287951388773,-3.48129010094052,-4.991492559442262,0.0
64,43,57,-4.557841614802478,0.43498308100831123,-5.410408453578768,-3.705274776026188,-4.992824695810789,0.0
6,24,57,-4.489728158369574,0.5130267273187771,-5.495260543914377,-3.484195772824771,-5.002754885688351,0.0
82,24,52,-4.534333734347049,0.47102806236867545,-5.457548736589653,-3.6111187321044453,-5.005361796715724,0.0
24,45,57,-4.5128889693459415,0.4988860693099245,-5.490705665193394,-3.5350722734984896,-5.011775038655866,0.0
111,104,27,-4.032791985534914,0.9796944163191383,-5.952993041520425,-2.1125909295494028,-5.012486401854052,0.0
32,43,38,-4.279901962395549,0.7471130814849506,-5.744243602106052,-2.8155603226850454,-5.0270150438805,0.0
68,82,48,-4.47443312701806,0.5589536756792117,-5.5699823313493155,-3.3788839226868053,-5.033386802697272,0.0
64,24,55,-4.571946358836765,0.4672854543806136,-5.487825849422768,-3.656066868250763,-5.039231813217379,0.0
24,43,33,-4.639136643787,0.4172614996035375,-5.456969183009933,-3.8213041045640668,-5.056398143390537,0.0
6,43,31,-4.560162963001683,0.5167312673334225,-5.572956246975191,-3.547369679028175,-5.076894230335105,0.0
64,24,36,-4.550365326627092,0.540811859438938,-5.61035657112741,-3.4903740821267735,-5.09117718606603,0.0
104,45,41,-4.4571282933438265,0.6460514092426285,-5.7233890554593785,-3.1908675312282746,-5.103179702586455,0.0
104,60,17,-4.649361943941699,0.49091913666582554,-5.611563451806717,-3.687160436076681,-5.140281080607524,0.0
24,45,58,-4.570841297811148,0.5747921544780907,-5.697433920588206,-3.44424867503409,-5.145633452289239,0.0
104,68,42,-4.701356046904512,0.45388851677446207,-5.5909775397824575,-3.8117345540265664,-5.155244563678974,0.0
64,24,31,-4.798681719588773,0.37209285427875355,-5.5279837139751296,-4.069379725202416,-5.170774573867527,0.0
32,43,52,-4.201233317307148,0.9824461864235748,-6.126827842697354,-2.275638791916941,-5.183679503730723,0.0
36,104,48,-4.784380648619368,0.45102673729838433,-5.668393053724201,-3.900368243514534,-5.235407385917752,0.0
104,68,52,-4.730570752814322,0.5064451597433915,-5.723203265911369,-3.7379382397172747,-5.237015912557713,0.0
24,6,20,-4.691526529475696,0.5455473383800817,-5.760799312700656,-3.6222537462507356,-5.237073867855777,0.0
32,43,49,-4.345078906088869,0.8936375318070954,-6.096608468430776,-2.593549343746962,-5.238716437895964,0.0
68,24,57,-4.683659436431973,0.5658634372546483,-5.792751773451084,-3.574567099412862,-5.249522873686621,0.0
36,43,58,-4.663989662185982,0.6178970178233173,-5.875067817119684,-3.4529115072522805,-5.2818866800093,0.0
104,60,38,-4.748504762289644,0.5360552899034629,-5.7991731305004315,-3.6978363940788572,-5.2845600521931075,0.0
6,24,20,-4.6980778759716415,0.6133919289476256,-5.9003260567089875,-3.4958296952342955,-5.311469804919267,0.0
24,45,21,-4.863798893967038,0.4656332318199427,-5.776440028334126,-3.9511577595999503,-5.329432125786981,0.0
104,43,30,-4.538046931502518,0.8487610032908406,-6.201618497952566,-2.874475365052471,-5.386807934793358,0.0
6,82,10,-4.820924589408316,0.573006684623004,-5.944017691269403,-3.6978314875472282,-5.39393127403132,0.0
6,43,58,-4.783471783186988,0.6378505291720681,-6.033658820364241,-3.533284746009734,-5.421322312359056,0.0
60,82,58,-4.83819163456208,0.593890557177711,-6.002217126630394,-3.6741661424937666,-5.4320821917397915,0.0
6,82,40,-4.877616609277217,0.5647847926257862,-5.984594802823757,-3.770638415730676,-5.442401401903003,0.0
6,104,16,-4.935136344263462,0.520797326265372,-5.955899103743591,-3.914373584783333,-5.455933670528834,0.0
68,24,5,-4.897390683575631,0.5603594609088351,-5.995695226956948,-3.799086140194315,-5.457750144484466,0.0
82,24,21,-4.986346083688016,0.5034329306948476,-5.973074627849917,-3.999617539526114,-5.489779014382863,0.0
82,6,40,-4.83696748584683,0.6957038891900907,-6.200547108659408,-3.473387863034252,-5.53267137503692,0.0
36,104,45,-5.0129022269392,0.5231433477021481,-6.03826318843541,-3.98754126544299,-5.536045574641348,0.0
24,43,43,-5.120674996824033,0.46524999438392517,-6.032564985816527,-4.20878500783154,-5.585924991207959,0.0
82,43,4,-5.115860902180795,0.4760761956090632,-6.048970245574559,-4.1827515587870305,-5.591937097789858,0.0
104,68,41,-5.186995210357473,0.42973717559507346,-6.029280074523817,-4.344710346191129,-5.616732385952547,0.0
104,82,56,-5.097185534879334,0.5291005909985458,-6.1342226932364845,-4.060148376522184,-5.62628612587788,0.0
6,104,45,-5.137298638931558,0.4904493624188938,-6.09857938927259,-4.1760178885905255,-5.627748001350452,0.0
82,24,54,-5.203157810333146,0.4425609169783881,-6.070577207610787,-4.3357384130555054,-5.645718727311534,0.0
32,43,33,-4.743838160208302,0.9076171197201142,-6.522767714859725,-2.9649086055568783,-5.651455279928416,0.0
104,6,43,-5.185461032034862,0.4975144985695922,-6.160589449231263,-4.210332614838461,-5.6829755306044545,0.0
6,104,4,-5.22933423397132,0.47865697679564284,-6.16750190849078,-4.29116655945186,-5.707991210766963,0.0
64,104,18,-5.099881862708753,0.622689939260062,-6.3203541436584745,-3.879409581759032,-5.722571801968815,0.0
104,60,25,-5.148803279122104,0.5869367468547263,-6.299199302957367,-3.998407255286841,-5.73574002597683,0.0
32,43,2,-4.667849855722881,1.0753877873189832,-6.7756099188680885,-2.560089792577674,-5.743237643041865,0.0
82,43,5,-5.373343220817548,0.406066828900317,-6.1692342054621685,-4.577452236172927,-5.779410049717865,0.0
68,24,20,-5.088911025137178,0.7073208125653986,-6.475259817765359,-3.702562232508997,-5.796231837702576,0.0
64,24,21,-5.295727313065386,0.5208309361484338,-6.316555947916316,-4.2748986782144565,-5.81655824921382,0.0
104,45,7,-5.217386624292677,0.6050861271894891,-6.403355433584076,-4.031417815001279,-5.822472751482167,0.0
111,104,11,-5.034851477590573,0.7955677504991874,-6.5941642685689805,-3.4755386866121656,-5.83041922808976,0.0
82,24,58,-5.276457909755229,0.5697297484793205,-6.393128216774697,-4.159787602735761,-5.84618765823455,0.0
104,82,5,-5.2707519234295725,0.5775040981836872,-6.402659955869599,-4.138843890989546,-5.84825602161326,0.0
104,82,25,-5.34650737626024,0.5094258262406216,-6.3449819956918585,-4.348032756828621,-5.855933202500862,0.0
104,82,45,-5.358422181113379,0.5222008598648323,-6.381935866448451,-4.334908495778308,-5.880623040978212,0.0
111,104,28,-5.233642490142853,0.6613230054002783,-6.529835580727399,-3.9374493995583073,-5.894965495543131,0.0
104,43,34,-5.332005941781692,0.5771891982403673,-6.463296770332812,-4.200715113230572,-5.909195140022059,0.0
104,82,16,-5.506765850118956,0.4465162217420023,-6.381937644733281,-4.631594055504632,-5.953282071860959,0.0
104,24,13,-5.386926073482733,0.5764565204376335,-6.516780853540494,-4.257071293424971,-5.963382593920366,0.0
104,24,47,-5.3829952063353765,0.6508442842013152,-6.658650003369955,-4.107340409300798,-6.033839490536692,0.0
104,45,56,-5.378015285262062,0.698980401509334,-6.748016872220357,-4.008013698303768,-6.076995686771396,0.0
104,24,11,-5.5329293526340795,0.5487969867808599,-6.608571446724564,-4.4572872585435945,-6.0817263394149395,0.0
111,104,1,-5.368853073643709,0.7149686619248725,-6.770191651016459,-3.9675144962709585,-6.083821735568581,0.0
111,104,24,-5.460172884582232,0.6511097555388343,-6.736348005438348,-4.183997763726117,-6.1112826401210665,0.0
6,104,10,-5.566768988762952,0.5934136724982602,-6.729859786859542,-4.403678190666362,-6.160182661261212,0.0
36,104,10,-5.560734783437835,0.6104609604138489,-6.7572382658489785,-4.364231301026691,-6.171195743851683,0.0
104,24,53,-5.539510001505187,0.6405843666405822,-6.7950553601207275,-4.2839646428896465,-6.180094368145769,0.0
104,99,9,-5.648675202628651,0.5449143924407198,-6.716707411812461,-4.58064299344484,-6.193589595069371,0.0
104,82,31,-5.614009329708349,0.6007852484269854,-6.79154841662524,-4.436470242791458,-6.214794578135335,0.0
104,45,15,-5.538456668752391,0.6931514831681023,-6.8970335757618715,-4.179879761742911,-6.2316081519204936,0.0
104,60,4,-5.644569516509974,0.5995422972673903,-6.819672419154059,-4.469466613865889,-6.244111813777364,0.0
82,43,31,-5.674638712310628,0.5729307820648409,-6.797583045157716,-4.55169437946354,-6.247569494375469,0.0
64,104,27,-5.5967839199329985,0.7257038938312529,-7.019163551842254,-4.174404288023743,-6.322487813764251,0.0
104,60,10,-5.729861540363626,0.6156808768963066,-6.9365960590803875,-4.523127021646865,-6.345542417259933,0.0
32,43,31,-5.315826109750346,1.0686493030546873,-7.4103787437375335,-3.221273475763159,-6.384475412805033,0.0
104,43,6,-5.608246552609776,0.7821649461192917,-7.141289847003588,-4.075203258215964,-6.390411498729067,0.0
82,24,48,-5.8773287591147225,0.5259138968361277,-6.908119996913532,-4.846537521315913,-6.40324265595085,0.0
104,82,43,-5.818952132140442,0.5909361166230669,-6.977186920721653,-4.660717343559231,-6.409888248763509,0.0
104,24,32,-5.8689574299703295,0.6143944729362674,-7.073170596925413,-4.664744263015246,-6.4833519029065965,0.0
104,68,25,-5.929037453236712,0.5676529637578525,-7.041637262202103,-4.816437644271321,-6.496690416994564,0.0
82,6,31,-5.943326718029763,0.5583897344203494,-7.0377705974936475,-4.848882838565878,-6.501716452450112,0.0
104,43,26,-5.818471126041649,0.6976952864348585,-7.185953887453971,-4.4509883646293265,-6.516166412476507,0.0
82,24,36,-5.896636072071756,0.6314466530679053,-7.13427151208485,-4.659000632058661,-6.528082725139661,0.0
104,45,55,-5.798405496102061,0.8091742461916339,-7.384387018637663,-4.212423973566458,-6.607579742293694,0.0
104,24,41,-6.035097945199124,0.6188010787226351,-7.247948059495489,-4.822247830902759,-6.653899023921759,0.0
104,68,55,-6.096796587947122,0.6200500110351747,-7.312094609576064,-4.8814985663181805,-6.716846598982297,0.0
64,104,23,-6.159701471673657,0.581982503254367,-7.300387178052215,-5.019015765295098,-6.741683974928024,0.0
104,24,14,-6.0429101840331,0.7037392895257415,-7.422239191503554,-4.663581176562646,-6.746649473558842,0.0
111,104,19,-5.910105740135482,0.8829474111453781,-7.640682665980424,-4.179528814290541,-6.79305315128086,0.0
111,104,32,-6.097526127922069,0.7319435394258441,-7.532135465196723,-4.662916790647414,-6.8294696673479125,0.0
104,45,0,-6.126241328957877,0.7708924193084774,-7.6371904708024925,-4.615292187113262,-6.897133748266355,0.0
111,104,37,-6.073537075001459,0.8756394099842053,-7.7897903185705015,-4.357283831432417,-6.9491764849856645,0.0
111,104,41,-6.150090079555266,0.8274373275411521,-7.771867241535924,-4.528312917574608,-6.977527407096418,0.0
104,82,15,-6.406494492831377,0.5851092375807496,-7.553308598489647,-5.259680387173107,-6.991603730412127,0.0
104,43,50,-6.382959567621904,0.6283432820256208,-7.614512400392121,-5.151406734851687,-7.0113028496475245,0.0
104,24,22,-6.459233566981592,0.7063921477533139,-7.843762176578087,-5.074704957385096,-7.165625714734905,0.0
64,104,50,-6.64196067714944,0.6542287693597545,-7.924249065094559,-5.359672289204321,-7.296189446509194,0.0
104,43,28,-6.598512625984967,0.7103522388738,-7.990803014177615,-5.2062222377923195,-7.3088648648587675,0.0
104,99,13,-6.4414967965378365,0.8799322571214743,-8.166164020495927,-4.716829572579747,-7.321429053659311,0.0
111,104,10,-6.422385223855496,0.9204315938730049,-8.226431147846586,-4.618339299864407,-7.342816817728501,0.0
104,24,49,-6.882177191083583,0.63645112791468,-8.129621401796356,-5.63473298037081,-7.518628318998263,0.0
104,24,12,-6.833684368059037,0.731396186570313,-8.267220893736852,-5.400147842381224,-7.5650805546293505,0.0
104,43,24,-6.908486748696612,0.7155005409722166,-8.310867809002156,-5.5061056883910675,-7.623987289668829,0.0
64,104,3,-7.010255775818165,0.7264501978114047,-8.434098163528517,-5.586413388107812,-7.73670597362957,0.0
104,24,35,-7.0151801567852035,0.7524841207423864,-8.49004903344028,-5.540311280130126,-7.76766427752759,0.0
64,104,58,-6.968328973097134,0.8004430512538923,-8.537197353554763,-5.399460592639505,-7.768772024351026,0.0
111,104,31,-6.987304881284245,0.8083065486220236,-8.57158571658341,-5.403024045985078,-7.795611429906268,0.0
104,43,45,-7.076141344020485,0.7248789055126053,-8.496903998825191,-5.6553786892157785,-7.8010202495330905,0.0
111,104,35,-7.099577543910987,0.7245880647010271,-8.519770150725,-5.679384937096974,-7.824165608612015,0.0
104,24,52,-7.187382713063201,0.6781137043126517,-8.516485573515999,-5.858279852610403,-7.865496417375852,0.0
104,43,41,-7.156442090105595,0.73941882693694,-8.605702990901998,-5.707181189309193,-7.895860917042535,0.0
111,104,51,-7.033499589030179,0.8988580915534179,-8.795261448474879,-5.27173772958548,-7.932357680583597,0.0
64,104,39,-6.9776715404770595,1.036164267086358,-9.008553503966322,-4.946789576987798,-8.013835807563417,0.0
104,99,30,-7.337866825789191,0.6999221187112727,-8.709714178463285,-5.966019473115097,-8.037788944500463,0.0
104,24,16,-7.434657035109285,0.6813007009400557,-8.770006408951794,-6.099307661266776,-8.11595773604934,0.0
64,104,22,-7.314136405476548,0.8371805715095241,-8.955010325635214,-5.673262485317881,-8.151316976986072,0.0
111,104,57,-7.283207387304407,0.8728499674960292,-8.993993323596625,-5.57242145101219,-8.156057354800437,0.0
64,104,42,-7.544737668759515,0.7444564901852864,-9.003872389522677,-6.085602947996353,-8.2891941589448,0.0
64,104,49,-7.547758459210414,0.8441410724532217,-9.202274961218729,-5.8932419572020995,-8.391899531663636,0.0
64,104,37,-7.695349904037667,0.8011768148041737,-9.265656461053847,-6.125043347021487,-8.49652671884184,0.0
111,104,36,-7.56964754506171,0.9847121574155376,-9.499683373596163,-5.639611716527257,-8.554359702477248,0.0
64,104,8,-7.940845349068105,0.8156779534934654,-9.539574137915297,-6.342116560220912,-8.75652330256157,0.0
64,104,33,-8.076711550410767,0.7680764289153967,-9.582141351084944,-6.57128174973659,-8.844787979326163,0.0
104,99,11,-7.994377658171423,0.9057250213310367,-9.769598699980255,-6.219156616362591,-8.90010267950246,0.0
104,99,40,-8.18117993644064,0.7310763565815506,-9.61408959534048,-6.748270277540802,-8.91225629302219,0.0
104,43,7,-8.32937656674351,0.795187061904694,-9.887943208076711,-6.77080992541031,-9.124563628648204,0.0
104,43,35,-8.28867736411068,0.858845569761097,-9.97201468084243,-6.605340047378929,-9.147522933871777,0.0
64,104,54,-8.409018399764786,0.8644865893737335,-10.103412114937303,-6.714624684592269,-9.27350498913852,0.0
64,104,2,-8.574496172584043,0.805256959475252,-10.152799813155537,-6.996192532012549,-9.379753132059294,0.0
104,99,17,-8.74586100403349,0.8482454480744659,-10.408422082259444,-7.083299925807537,-9.594106452107955,0.0
104,99,14,-9.04024999326934,0.875895876408088,-10.757005911029193,-7.323494075509488,-9.916145869677427,0.0
111,104,43,-8.932689574029938,1.0262057744474866,-10.944052891947011,-6.921326256112865,-9.958895348477425,0.0
104,99,41,-9.124314638856657,0.8792617645460986,-10.84766769736701,-7.400961580346303,-10.003576403402755,0.0
104,43,5,-9.237394242692165,0.8823332274525061,-10.966767368499077,-7.508021116885253,-10.119727470144671,0.0
64,104,36,-9.269081284516647,0.9039378938552103,-11.040799556472859,-7.4973630125604345,-10.173019178371856,0.0
104,24,43,-9.321006003938217,0.8806046020549977,-11.046991023966013,-7.5950209839104215,-10.201610605993215,0.0
104,43,4,-9.471008637734613,1.0539697630596268,-11.536789373331482,-7.405227902137744,-10.52497840079424,0.0
104,99,54,-9.81656093120028,0.7906108759455458,-11.36615824805355,-8.266963614347011,-10.607171807145827,0.0
104,99,7,-9.820426177021792,0.9346032786886976,-11.652248603251639,-7.988603750791945,-10.75502945571049,0.0
64,104,43,-10.006312395241896,0.8824233795342232,-11.735862219128974,-8.276762571354817,-10.88873577477612,0.0
104,99,51,-10.189787485785727,0.9518823677800379,-12.0554769266346,-8.324098044936854,-11.141669853565766,0.0
104,99,5,-10.484940610449762,0.9488064768408357,-12.3446013050578,-8.625279915841723,-11.433747087290598,0.0
104,99,0,-11.224807245007167,0.8945247443740793,-12.978075743980362,-9.471538746033971,-12.119331989381246,0.0
